subject,cluster,event_type,start,stop,origin,event,x
s0,c0,0,0.0,0.17292286120880573,0.0,0,-1.0
s0,c0,1,0.0,0.17292286120880573,0.0,1,-1.0
s0,c0,0,0.17292286120880573,0.36982888505436906,0.0,0,-1.0
s0,c0,1,0.17292286120880573,0.36982888505436906,0.17292286120880573,1,-1.0
s0,c0,0,0.36982888505436906,0.556171340734056,0.0,0,-1.0
s0,c0,1,0.36982888505436906,0.556171340734056,0.36982888505436906,1,-1.0
s0,c0,0,0.556171340734056,0.592007922166547,0.0,0,-1.0
s0,c0,1,0.556171340734056,0.592007922166547,0.556171340734056,1,-1.0
s0,c0,0,0.592007922166547,0.6216849167608803,0.0,1,-1.0
s0,c0,1,0.592007922166547,0.6216849167608803,0.592007922166547,0,-1.0
s0,c0,0,0.6216849167608803,0.8768235448879304,0.6216849167608803,0,-1.0
s0,c0,1,0.6216849167608803,0.8768235448879304,0.592007922166547,1,-1.0
s0,c0,0,0.8768235448879304,3.0224294216827534,0.6216849167608803,0,-1.0
s0,c0,1,0.8768235448879304,3.0224294216827534,0.8768235448879304,1,-1.0
s0,c0,0,3.0224294216827534,3.1883559739930125,0.6216849167608803,0,-1.0
s0,c0,1,3.0224294216827534,3.1883559739930125,3.0224294216827534,1,-1.0
s0,c0,0,3.1883559739930125,3.4689814169409265,0.6216849167608803,0,-1.0
s0,c0,1,3.1883559739930125,3.4689814169409265,3.1883559739930125,1,-1.0
s0,c0,0,3.4689814169409265,3.6086209961573483,0.6216849167608803,0,-1.0
s0,c0,1,3.4689814169409265,3.6086209961573483,3.4689814169409265,1,-1.0
s0,c0,0,3.6086209961573483,4.081683052121728,0.6216849167608803,0,-1.0
s0,c0,1,3.6086209961573483,4.081683052121728,3.6086209961573483,0,-1.0
s0,c0,0,4.081683052121728,4.419480740838366,0.6216849167608803,0,-1.0
s0,c0,1,4.081683052121728,4.419480740838366,3.6086209961573483,1,-1.0
s0,c0,0,4.419480740838366,4.473646216279487,0.6216849167608803,0,-1.0
s0,c0,1,4.419480740838366,4.473646216279487,4.419480740838366,1,-1.0
s0,c0,0,4.473646216279487,4.6337898841415175,0.6216849167608803,1,-1.0
s0,c0,1,4.473646216279487,4.6337898841415175,4.473646216279487,0,-1.0
s0,c0,0,4.6337898841415175,5.305049619514123,4.6337898841415175,0,-1.0
s0,c0,1,4.6337898841415175,5.305049619514123,4.473646216279487,1,-1.0
s0,c0,0,5.305049619514123,5.628189829050876,4.6337898841415175,0,-1.0
s0,c0,1,5.305049619514123,5.628189829050876,5.305049619514123,1,-1.0
s0,c0,0,5.628189829050876,5.870197602329727,4.6337898841415175,0,-1.0
s0,c0,1,5.628189829050876,5.870197602329727,5.628189829050876,1,-1.0
s0,c0,0,5.870197602329727,6.072234898687496,4.6337898841415175,1,-1.0
s0,c0,1,5.870197602329727,6.072234898687496,5.870197602329727,0,-1.0
s0,c0,0,6.072234898687496,6.0913247252593115,6.072234898687496,1,-1.0
s0,c0,1,6.072234898687496,6.0913247252593115,5.870197602329727,0,-1.0
s0,c0,0,6.0913247252593115,8.303073250060013,6.0913247252593115,0,-1.0
s0,c0,1,6.0913247252593115,8.303073250060013,5.870197602329727,1,-1.0
s0,c0,0,8.303073250060013,8.42338194356852,6.0913247252593115,0,-1.0
s0,c0,1,8.303073250060013,8.42338194356852,8.303073250060013,1,-1.0
s0,c0,0,8.42338194356852,8.499542174859561,6.0913247252593115,0,-1.0
s0,c0,1,8.42338194356852,8.499542174859561,8.42338194356852,1,-1.0
s0,c0,0,8.499542174859561,9.056988583986383,6.0913247252593115,0,-1.0
s0,c0,1,8.499542174859561,9.056988583986383,8.499542174859561,1,-1.0
s0,c0,0,9.056988583986383,9.806583979580914,6.0913247252593115,1,-1.0
s0,c0,1,9.056988583986383,9.806583979580914,9.056988583986383,0,-1.0
s0,c0,0,9.806583979580914,10.799295863319552,9.806583979580914,1,-1.0
s0,c0,1,9.806583979580914,10.799295863319552,9.056988583986383,0,-1.0
s0,c0,0,10.799295863319552,11.41748738497196,10.799295863319552,1,-1.0
s0,c0,1,10.799295863319552,11.41748738497196,9.056988583986383,0,-1.0
s0,c0,0,11.41748738497196,12.265202855173445,11.41748738497196,1,-1.0
s0,c0,1,11.41748738497196,12.265202855173445,9.056988583986383,0,-1.0
s0,c0,0,12.265202855173445,12.944253524241566,12.265202855173445,0,-1.0
s0,c0,1,12.265202855173445,12.944253524241566,9.056988583986383,1,-1.0
s0,c0,0,12.944253524241566,13.681082034147185,12.265202855173445,0,-1.0
s0,c0,1,12.944253524241566,13.681082034147185,12.944253524241566,1,-1.0
s0,c0,0,13.681082034147185,14.359806147187825,12.265202855173445,0,-1.0
s0,c0,1,13.681082034147185,14.359806147187825,13.681082034147185,1,-1.0
s0,c0,0,14.359806147187825,15.247971428330155,12.265202855173445,0,-1.0
s0,c0,1,14.359806147187825,15.247971428330155,14.359806147187825,1,-1.0
s0,c0,0,15.247971428330155,16.0,12.265202855173445,0,-1.0
s0,c0,1,15.247971428330155,16.0,15.247971428330155,0,-1.0
s1,c0,0,0.0,0.2662686830184125,0.0,0,-1.0
s1,c0,1,0.0,0.2662686830184125,0.0,1,-1.0
s1,c0,0,0.2662686830184125,0.5433945983199561,0.0,0,-1.0
s1,c0,1,0.2662686830184125,0.5433945983199561,0.2662686830184125,1,-1.0
s1,c0,0,0.5433945983199561,0.6587762818890154,0.0,0,-1.0
s1,c0,1,0.5433945983199561,0.6587762818890154,0.5433945983199561,1,-1.0
s1,c0,0,0.6587762818890154,0.7790810291350515,0.0,0,-1.0
s1,c0,1,0.6587762818890154,0.7790810291350515,0.6587762818890154,1,-1.0
s1,c0,0,0.7790810291350515,0.8553287586137412,0.0,0,-1.0
s1,c0,1,0.7790810291350515,0.8553287586137412,0.7790810291350515,1,-1.0
s1,c0,0,0.8553287586137412,0.8729775735696458,0.0,0,-1.0
s1,c0,1,0.8553287586137412,0.8729775735696458,0.8553287586137412,1,-1.0
s1,c0,0,0.8729775735696458,0.9908888881128917,0.0,0,-1.0
s1,c0,1,0.8729775735696458,0.9908888881128917,0.8729775735696458,1,-1.0
s1,c0,0,0.9908888881128917,1.0244615426351276,0.0,0,-1.0
s1,c0,1,0.9908888881128917,1.0244615426351276,0.9908888881128917,1,-1.0
s1,c0,0,1.0244615426351276,1.098354369442346,0.0,1,-1.0
s1,c0,1,1.0244615426351276,1.098354369442346,1.0244615426351276,0,-1.0
s1,c0,0,1.098354369442346,1.348171124164196,1.098354369442346,0,-1.0
s1,c0,1,1.098354369442346,1.348171124164196,1.0244615426351276,1,-1.0
s1,c0,0,1.348171124164196,1.3822600498729778,1.098354369442346,0,-1.0
s1,c0,1,1.348171124164196,1.3822600498729778,1.348171124164196,1,-1.0
s1,c0,0,1.3822600498729778,1.5719918828408932,1.098354369442346,0,-1.0
s1,c0,1,1.3822600498729778,1.5719918828408932,1.3822600498729778,1,-1.0
s1,c0,0,1.5719918828408932,2.0528357011733185,1.098354369442346,0,-1.0
s1,c0,1,1.5719918828408932,2.0528357011733185,1.5719918828408932,1,-1.0
s1,c0,0,2.0528357011733185,2.0535284717454227,1.098354369442346,0,-1.0
s1,c0,1,2.0528357011733185,2.0535284717454227,2.0528357011733185,1,-1.0
s1,c0,0,2.0535284717454227,2.471547574321789,1.098354369442346,0,-1.0
s1,c0,1,2.0535284717454227,2.471547574321789,2.0535284717454227,1,-1.0
s1,c0,0,2.471547574321789,2.6852940099490628,1.098354369442346,0,-1.0
s1,c0,1,2.471547574321789,2.6852940099490628,2.471547574321789,1,-1.0
s1,c0,0,2.6852940099490628,2.8042698663427665,1.098354369442346,0,-1.0
s1,c0,1,2.6852940099490628,2.8042698663427665,2.6852940099490628,1,-1.0
s1,c0,0,2.8042698663427665,3.10145658282257,1.098354369442346,0,-1.0
s1,c0,1,2.8042698663427665,3.10145658282257,2.8042698663427665,1,-1.0
s1,c0,0,3.10145658282257,3.1550870540553886,1.098354369442346,0,-1.0
s1,c0,1,3.10145658282257,3.1550870540553886,3.10145658282257,1,-1.0
s1,c0,0,3.1550870540553886,3.248661358715197,1.098354369442346,0,-1.0
s1,c0,1,3.1550870540553886,3.248661358715197,3.1550870540553886,0,-1.0
s1,c0,0,3.248661358715197,3.75128181354842,1.098354369442346,0,-1.0
s1,c0,1,3.248661358715197,3.75128181354842,3.1550870540553886,1,-1.0
s1,c0,0,3.75128181354842,3.794474726173261,1.098354369442346,0,-1.0
s1,c0,1,3.75128181354842,3.794474726173261,3.75128181354842,1,-1.0
s1,c0,0,3.794474726173261,4.135217486531994,1.098354369442346,0,-1.0
s1,c0,1,3.794474726173261,4.135217486531994,3.794474726173261,1,-1.0
s1,c0,0,4.135217486531994,4.338008203233676,1.098354369442346,0,-1.0
s1,c0,1,4.135217486531994,4.338008203233676,4.135217486531994,1,-1.0
s1,c0,0,4.338008203233676,4.714554785225336,1.098354369442346,0,-1.0
s1,c0,1,4.338008203233676,4.714554785225336,4.338008203233676,1,-1.0
s1,c0,0,4.714554785225336,4.9809082626782315,1.098354369442346,0,-1.0
s1,c0,1,4.714554785225336,4.9809082626782315,4.714554785225336,0,-1.0
s1,c0,0,4.9809082626782315,5.25590496826267,1.098354369442346,0,-1.0
s1,c0,1,4.9809082626782315,5.25590496826267,4.714554785225336,1,-1.0
s1,c0,0,5.25590496826267,5.669116329072824,1.098354369442346,0,-1.0
s1,c0,1,5.25590496826267,5.669116329072824,5.25590496826267,0,-1.0
s1,c0,0,5.669116329072824,5.726536222972142,1.098354369442346,0,-1.0
s1,c0,1,5.669116329072824,5.726536222972142,5.25590496826267,1,-1.0
s1,c0,0,5.726536222972142,5.813118373228472,1.098354369442346,0,-1.0
s1,c0,1,5.726536222972142,5.813118373228472,5.726536222972142,1,-1.0
s1,c0,0,5.813118373228472,5.877383068344044,1.098354369442346,0,-1.0
s1,c0,1,5.813118373228472,5.877383068344044,5.813118373228472,1,-1.0
s1,c0,0,5.877383068344044,6.064493166895034,1.098354369442346,0,-1.0
s1,c0,1,5.877383068344044,6.064493166895034,5.877383068344044,0,-1.0
s1,c0,0,6.064493166895034,6.1007543914526625,1.098354369442346,0,-1.0
s1,c0,1,6.064493166895034,6.1007543914526625,5.877383068344044,1,-1.0
s1,c0,0,6.1007543914526625,6.349699538843629,1.098354369442346,1,-1.0
s1,c0,1,6.1007543914526625,6.349699538843629,6.1007543914526625,0,-1.0
s1,c0,0,6.349699538843629,6.729601337187064,6.349699538843629,0,-1.0
s1,c0,1,6.349699538843629,6.729601337187064,6.1007543914526625,1,-1.0
s1,c0,0,6.729601337187064,7.0867094590752595,6.349699538843629,0,-1.0
s1,c0,1,6.729601337187064,7.0867094590752595,6.729601337187064,1,-1.0
s1,c0,0,7.0867094590752595,7.607666519456544,6.349699538843629,1,-1.0
s1,c0,1,7.0867094590752595,7.607666519456544,7.0867094590752595,0,-1.0
s1,c0,0,7.607666519456544,8.871197287026389,7.607666519456544,1,-1.0
s1,c0,1,7.607666519456544,8.871197287026389,7.0867094590752595,0,-1.0
s1,c0,0,8.871197287026389,8.926582983543318,8.871197287026389,0,-1.0
s1,c0,1,8.871197287026389,8.926582983543318,7.0867094590752595,1,-1.0
s1,c0,0,8.926582983543318,9.084158445920181,8.871197287026389,0,-1.0
s1,c0,1,8.926582983543318,9.084158445920181,8.926582983543318,1,-1.0
s1,c0,0,9.084158445920181,9.510663480837138,8.871197287026389,1,-1.0
s1,c0,1,9.084158445920181,9.510663480837138,9.084158445920181,0,-1.0
s1,c0,0,9.510663480837138,9.632204510502898,9.510663480837138,0,-1.0
s1,c0,1,9.510663480837138,9.632204510502898,9.084158445920181,1,-1.0
s1,c0,0,9.632204510502898,9.807236272756649,9.510663480837138,0,-1.0
s1,c0,1,9.632204510502898,9.807236272756649,9.632204510502898,1,-1.0
s1,c0,0,9.807236272756649,10.266936539709585,9.510663480837138,0,-1.0
s1,c0,1,9.807236272756649,10.266936539709585,9.807236272756649,1,-1.0
s1,c0,0,10.266936539709585,11.006079106683679,9.510663480837138,0,-1.0
s1,c0,1,10.266936539709585,11.006079106683679,10.266936539709585,1,-1.0
s1,c0,0,11.006079106683679,11.217273592120428,9.510663480837138,0,-1.0
s1,c0,1,11.006079106683679,11.217273592120428,11.006079106683679,1,-1.0
s1,c0,0,11.217273592120428,11.300327622551245,9.510663480837138,1,-1.0
s1,c0,1,11.217273592120428,11.300327622551245,11.217273592120428,0,-1.0
s1,c0,0,11.300327622551245,11.544693779015606,11.300327622551245,0,-1.0
s1,c0,1,11.300327622551245,11.544693779015606,11.217273592120428,1,-1.0
s1,c0,0,11.544693779015606,11.941163620500292,11.300327622551245,0,-1.0
s1,c0,1,11.544693779015606,11.941163620500292,11.544693779015606,1,-1.0
s1,c0,0,11.941163620500292,12.489778445166433,11.300327622551245,0,-1.0
s1,c0,1,11.941163620500292,12.489778445166433,11.941163620500292,1,-1.0
s1,c0,0,12.489778445166433,13.022310173696678,11.300327622551245,0,-1.0
s1,c0,1,12.489778445166433,13.022310173696678,12.489778445166433,1,-1.0
s1,c0,0,13.022310173696678,13.482737829704103,11.300327622551245,0,-1.0
s1,c0,1,13.022310173696678,13.482737829704103,13.022310173696678,1,-1.0
s1,c0,0,13.482737829704103,13.683291064599775,11.300327622551245,0,-1.0
s1,c0,1,13.482737829704103,13.683291064599775,13.482737829704103,1,-1.0
s1,c0,0,13.683291064599775,13.799215461291952,11.300327622551245,0,-1.0
s1,c0,1,13.683291064599775,13.799215461291952,13.683291064599775,1,-1.0
s1,c0,0,13.799215461291952,14.12896916552591,11.300327622551245,0,-1.0
s1,c0,1,13.799215461291952,14.12896916552591,13.799215461291952,1,-1.0
s1,c0,0,14.12896916552591,14.718848771782703,11.300327622551245,0,-1.0
s1,c0,1,14.12896916552591,14.718848771782703,14.12896916552591,1,-1.0
s1,c0,0,14.718848771782703,15.586738256035312,11.300327622551245,0,-1.0
s1,c0,1,14.718848771782703,15.586738256035312,14.718848771782703,0,-1.0
s1,c0,0,15.586738256035312,15.608136602939314,11.300327622551245,0,-1.0
s1,c0,1,15.586738256035312,15.608136602939314,14.718848771782703,1,-1.0
s1,c0,0,15.608136602939314,15.687286455853183,11.300327622551245,0,-1.0
s1,c0,1,15.608136602939314,15.687286455853183,15.608136602939314,0,-1.0
s1,c0,0,15.687286455853183,15.744054489539833,11.300327622551245,0,-1.0
s1,c0,1,15.687286455853183,15.744054489539833,15.608136602939314,1,-1.0
s1,c0,0,15.744054489539833,15.983508853558252,11.300327622551245,0,-1.0
s1,c0,1,15.744054489539833,15.983508853558252,15.744054489539833,1,-1.0
s1,c0,0,15.983508853558252,16.0,11.300327622551245,0,-1.0
s1,c0,1,15.983508853558252,16.0,15.983508853558252,0,-1.0
s2,c1,0,0.0,0.28101676553747373,0.0,1,1.0
s2,c1,1,0.0,0.28101676553747373,0.0,0,1.0
s2,c1,0,0.28101676553747373,0.8458435073264801,0.28101676553747373,1,1.0
s2,c1,1,0.28101676553747373,0.8458435073264801,0.0,0,1.0
s2,c1,0,0.8458435073264801,1.1521908038672055,0.8458435073264801,0,1.0
s2,c1,1,0.8458435073264801,1.1521908038672055,0.0,1,1.0
s2,c1,0,1.1521908038672055,2.05511646192383,0.8458435073264801,1,1.0
s2,c1,1,1.1521908038672055,2.05511646192383,1.1521908038672055,0,1.0
s2,c1,0,2.05511646192383,2.3267805957361665,2.05511646192383,0,1.0
s2,c1,1,2.05511646192383,2.3267805957361665,1.1521908038672055,1,1.0
s2,c1,0,2.3267805957361665,3.9475025818974303,2.05511646192383,1,1.0
s2,c1,1,2.3267805957361665,3.9475025818974303,2.3267805957361665,0,1.0
s2,c1,0,3.9475025818974303,4.4879503249220765,3.9475025818974303,0,1.0
s2,c1,1,3.9475025818974303,4.4879503249220765,2.3267805957361665,1,1.0
s2,c1,0,4.4879503249220765,4.6063843614584,3.9475025818974303,1,1.0
s2,c1,1,4.4879503249220765,4.6063843614584,4.4879503249220765,0,1.0
s2,c1,0,4.6063843614584,4.926634057627128,4.6063843614584,0,1.0
s2,c1,1,4.6063843614584,4.926634057627128,4.4879503249220765,0,1.0
s2,c1,0,4.926634057627128,5.4231633993050075,4.6063843614584,1,1.0
s2,c1,1,4.926634057627128,5.4231633993050075,4.4879503249220765,0,1.0
s2,c1,0,5.4231633993050075,5.556340812076857,5.4231633993050075,1,1.0
s2,c1,1,5.4231633993050075,5.556340812076857,4.4879503249220765,0,1.0
s2,c1,0,5.556340812076857,5.872883999173158,5.556340812076857,1,1.0
s2,c1,1,5.556340812076857,5.872883999173158,4.4879503249220765,0,1.0
s2,c1,0,5.872883999173158,6.329025417044764,5.872883999173158,1,1.0
s2,c1,1,5.872883999173158,6.329025417044764,4.4879503249220765,0,1.0
s2,c1,0,6.329025417044764,6.785943379608152,6.329025417044764,1,1.0
s2,c1,1,6.329025417044764,6.785943379608152,4.4879503249220765,0,1.0
s2,c1,0,6.785943379608152,9.005809009422302,6.785943379608152,1,1.0
s2,c1,1,6.785943379608152,9.005809009422302,4.4879503249220765,0,1.0
s2,c1,0,9.005809009422302,11.711367805152733,9.005809009422302,0,1.0
s2,c1,1,9.005809009422302,11.711367805152733,4.4879503249220765,1,1.0
s2,c1,0,11.711367805152733,11.77208578860651,9.005809009422302,1,1.0
s2,c1,1,11.711367805152733,11.77208578860651,11.711367805152733,0,1.0
s2,c1,0,11.77208578860651,11.926987694896265,11.77208578860651,1,1.0
s2,c1,1,11.77208578860651,11.926987694896265,11.711367805152733,0,1.0
s2,c1,0,11.926987694896265,11.98454571331822,11.926987694896265,1,1.0
s2,c1,1,11.926987694896265,11.98454571331822,11.711367805152733,0,1.0
s2,c1,0,11.98454571331822,12.701178641016835,11.98454571331822,1,1.0
s2,c1,1,11.98454571331822,12.701178641016835,11.711367805152733,0,1.0
s2,c1,0,12.701178641016835,12.955100203285818,12.701178641016835,1,1.0
s2,c1,1,12.701178641016835,12.955100203285818,11.711367805152733,0,1.0
s2,c1,0,12.955100203285818,13.28701787527915,12.955100203285818,1,1.0
s2,c1,1,12.955100203285818,13.28701787527915,11.711367805152733,0,1.0
s2,c1,0,13.28701787527915,13.47017295530947,13.28701787527915,1,1.0
s2,c1,1,13.28701787527915,13.47017295530947,11.711367805152733,0,1.0
s2,c1,0,13.47017295530947,13.6034259802023,13.47017295530947,0,1.0
s2,c1,1,13.47017295530947,13.6034259802023,11.711367805152733,1,1.0
s2,c1,0,13.6034259802023,14.991267232624523,13.47017295530947,1,1.0
s2,c1,1,13.6034259802023,14.991267232624523,13.6034259802023,0,1.0
s2,c1,0,14.991267232624523,15.786443728736085,14.991267232624523,1,1.0
s2,c1,1,14.991267232624523,15.786443728736085,13.6034259802023,0,1.0
s2,c1,0,15.786443728736085,16.0,15.786443728736085,0,1.0
s2,c1,1,15.786443728736085,16.0,13.6034259802023,0,1.0
s3,c1,0,0.0,0.5888098985986054,0.0,0,1.0
s3,c1,1,0.0,0.5888098985986054,0.0,1,1.0
s3,c1,0,0.5888098985986054,0.8636737581905276,0.0,0,1.0
s3,c1,1,0.5888098985986054,0.8636737581905276,0.5888098985986054,1,1.0
s3,c1,0,0.8636737581905276,1.9981134478125744,0.0,0,1.0
s3,c1,1,0.8636737581905276,1.9981134478125744,0.8636737581905276,0,1.0
s3,c1,0,1.9981134478125744,1.998753248622656,0.0,1,1.0
s3,c1,1,1.9981134478125744,1.998753248622656,0.8636737581905276,0,1.0
s3,c1,0,1.998753248622656,2.442946273181758,1.998753248622656,0,1.0
s3,c1,1,1.998753248622656,2.442946273181758,0.8636737581905276,1,1.0
s3,c1,0,2.442946273181758,2.4518481699063637,1.998753248622656,0,1.0
s3,c1,1,2.442946273181758,2.4518481699063637,2.442946273181758,1,1.0
s3,c1,0,2.4518481699063637,2.833131069618861,1.998753248622656,1,1.0
s3,c1,1,2.4518481699063637,2.833131069618861,2.4518481699063637,0,1.0
s3,c1,0,2.833131069618861,3.0255816206570203,2.833131069618861,0,1.0
s3,c1,1,2.833131069618861,3.0255816206570203,2.4518481699063637,1,1.0
s3,c1,0,3.0255816206570203,3.5795409225624,2.833131069618861,0,1.0
s3,c1,1,3.0255816206570203,3.5795409225624,3.0255816206570203,1,1.0
s3,c1,0,3.5795409225624,3.6940186787727285,2.833131069618861,1,1.0
s3,c1,1,3.5795409225624,3.6940186787727285,3.5795409225624,0,1.0
s3,c1,0,3.6940186787727285,3.7673685631928095,3.6940186787727285,0,1.0
s3,c1,1,3.6940186787727285,3.7673685631928095,3.5795409225624,1,1.0
s3,c1,0,3.7673685631928095,3.8416218985331057,3.6940186787727285,0,1.0
s3,c1,1,3.7673685631928095,3.8416218985331057,3.7673685631928095,1,1.0
s3,c1,0,3.8416218985331057,3.8431064196847076,3.6940186787727285,0,1.0
s3,c1,1,3.8416218985331057,3.8431064196847076,3.8416218985331057,1,1.0
s3,c1,0,3.8431064196847076,3.853195197105221,3.6940186787727285,0,1.0
s3,c1,1,3.8431064196847076,3.853195197105221,3.8431064196847076,1,1.0
s3,c1,0,3.853195197105221,3.963015924252388,3.6940186787727285,0,1.0
s3,c1,1,3.853195197105221,3.963015924252388,3.853195197105221,1,1.0
s3,c1,0,3.963015924252388,4.066491454474895,3.6940186787727285,1,1.0
s3,c1,1,3.963015924252388,4.066491454474895,3.963015924252388,0,1.0
s3,c1,0,4.066491454474895,4.133053546707925,4.066491454474895,0,1.0
s3,c1,1,4.066491454474895,4.133053546707925,3.963015924252388,1,1.0
s3,c1,0,4.133053546707925,4.406992360606064,4.066491454474895,0,1.0
s3,c1,1,4.133053546707925,4.406992360606064,4.133053546707925,1,1.0
s3,c1,0,4.406992360606064,4.6460892824582825,4.066491454474895,1,1.0
s3,c1,1,4.406992360606064,4.6460892824582825,4.406992360606064,0,1.0
s3,c1,0,4.6460892824582825,4.8038632260314165,4.6460892824582825,1,1.0
s3,c1,1,4.6460892824582825,4.8038632260314165,4.406992360606064,0,1.0
s3,c1,0,4.8038632260314165,4.896204261178507,4.8038632260314165,0,1.0
s3,c1,1,4.8038632260314165,4.896204261178507,4.406992360606064,1,1.0
s3,c1,0,4.896204261178507,4.922528104191101,4.8038632260314165,0,1.0
s3,c1,1,4.896204261178507,4.922528104191101,4.896204261178507,1,1.0
s3,c1,0,4.922528104191101,4.988136507280881,4.8038632260314165,1,1.0
s3,c1,1,4.922528104191101,4.988136507280881,4.922528104191101,0,1.0
s3,c1,0,4.988136507280881,5.074734042481958,4.988136507280881,0,1.0
s3,c1,1,4.988136507280881,5.074734042481958,4.922528104191101,1,1.0
s3,c1,0,5.074734042481958,5.578514913883541,4.988136507280881,1,1.0
s3,c1,1,5.074734042481958,5.578514913883541,5.074734042481958,0,1.0
s3,c1,0,5.578514913883541,5.759364118234454,5.578514913883541,0,1.0
s3,c1,1,5.578514913883541,5.759364118234454,5.074734042481958,1,1.0
s3,c1,0,5.759364118234454,5.791052574500529,5.578514913883541,1,1.0
s3,c1,1,5.759364118234454,5.791052574500529,5.759364118234454,0,1.0
s3,c1,0,5.791052574500529,6.1092731852623405,5.791052574500529,1,1.0
s3,c1,1,5.791052574500529,6.1092731852623405,5.759364118234454,0,1.0
s3,c1,0,6.1092731852623405,6.266941115742036,6.1092731852623405,0,1.0
s3,c1,1,6.1092731852623405,6.266941115742036,5.759364118234454,1,1.0
s3,c1,0,6.266941115742036,6.715670804478594,6.1092731852623405,0,1.0
s3,c1,1,6.266941115742036,6.715670804478594,6.266941115742036,1,1.0
s3,c1,0,6.715670804478594,7.238079708597194,6.1092731852623405,0,1.0
s3,c1,1,6.715670804478594,7.238079708597194,6.715670804478594,1,1.0
s3,c1,0,7.238079708597194,7.241325034566812,6.1092731852623405,1,1.0
s3,c1,1,7.238079708597194,7.241325034566812,7.238079708597194,0,1.0
s3,c1,0,7.241325034566812,7.452032431508532,7.241325034566812,0,1.0
s3,c1,1,7.241325034566812,7.452032431508532,7.238079708597194,0,1.0
s3,c1,0,7.452032431508532,7.658579538376261,7.241325034566812,0,1.0
s3,c1,1,7.452032431508532,7.658579538376261,7.238079708597194,1,1.0
s3,c1,0,7.658579538376261,8.093554648419111,7.241325034566812,1,1.0
s3,c1,1,7.658579538376261,8.093554648419111,7.658579538376261,0,1.0
s3,c1,0,8.093554648419111,8.701492686463466,8.093554648419111,0,1.0
s3,c1,1,8.093554648419111,8.701492686463466,7.658579538376261,1,1.0
s3,c1,0,8.701492686463466,9.23246363973666,8.093554648419111,1,1.0
s3,c1,1,8.701492686463466,9.23246363973666,8.701492686463466,0,1.0
s3,c1,0,9.23246363973666,9.922317201253616,9.23246363973666,1,1.0
s3,c1,1,9.23246363973666,9.922317201253616,8.701492686463466,0,1.0
s3,c1,0,9.922317201253616,10.260865683706054,9.922317201253616,0,1.0
s3,c1,1,9.922317201253616,10.260865683706054,8.701492686463466,0,1.0
s3,c1,0,10.260865683706054,10.261324414907229,9.922317201253616,1,1.0
s3,c1,1,10.260865683706054,10.261324414907229,8.701492686463466,0,1.0
s3,c1,0,10.261324414907229,11.28743009111588,10.261324414907229,0,1.0
s3,c1,1,10.261324414907229,11.28743009111588,8.701492686463466,0,1.0
s3,c1,0,11.28743009111588,11.56193634839098,10.261324414907229,1,1.0
s3,c1,1,11.28743009111588,11.56193634839098,8.701492686463466,0,1.0
s3,c1,0,11.56193634839098,11.59382745373283,11.56193634839098,1,1.0
s3,c1,1,11.56193634839098,11.59382745373283,8.701492686463466,0,1.0
s3,c1,0,11.59382745373283,12.180584267428095,11.59382745373283,0,1.0
s3,c1,1,11.59382745373283,12.180584267428095,8.701492686463466,0,1.0
s3,c1,0,12.180584267428095,12.657445741748939,11.59382745373283,1,1.0
s3,c1,1,12.180584267428095,12.657445741748939,8.701492686463466,0,1.0
s3,c1,0,12.657445741748939,12.878591659818525,12.657445741748939,0,1.0
s3,c1,1,12.657445741748939,12.878591659818525,8.701492686463466,0,1.0
s3,c1,0,12.878591659818525,13.213986036966613,12.657445741748939,0,1.0
s3,c1,1,12.878591659818525,13.213986036966613,8.701492686463466,0,1.0
s3,c1,0,13.213986036966613,13.709116709315571,12.657445741748939,0,1.0
s3,c1,1,13.213986036966613,13.709116709315571,8.701492686463466,1,1.0
s3,c1,0,13.709116709315571,14.352083559825166,12.657445741748939,1,1.0
s3,c1,1,13.709116709315571,14.352083559825166,13.709116709315571,0,1.0
s3,c1,0,14.352083559825166,14.547561089385608,14.352083559825166,0,1.0
s3,c1,1,14.352083559825166,14.547561089385608,13.709116709315571,1,1.0
s3,c1,0,14.547561089385608,14.791097661824518,14.352083559825166,0,1.0
s3,c1,1,14.547561089385608,14.791097661824518,14.547561089385608,1,1.0
s3,c1,0,14.791097661824518,15.10395901008841,14.352083559825166,1,1.0
s3,c1,1,14.791097661824518,15.10395901008841,14.791097661824518,0,1.0
s3,c1,0,15.10395901008841,15.394824684191374,15.10395901008841,0,1.0
s3,c1,1,15.10395901008841,15.394824684191374,14.791097661824518,1,1.0
s3,c1,0,15.394824684191374,15.42864926000614,15.10395901008841,1,1.0
s3,c1,1,15.394824684191374,15.42864926000614,15.394824684191374,0,1.0
s3,c1,0,15.42864926000614,16.0,15.42864926000614,0,1.0
s3,c1,1,15.42864926000614,16.0,15.394824684191374,0,1.0
s4,c1,0,0.0,1.0779990237134869,0.0,0,-1.0
s4,c1,1,0.0,1.0779990237134869,0.0,1,-1.0
s4,c1,0,1.0779990237134869,2.1149958010377254,0.0,0,-1.0
s4,c1,1,1.0779990237134869,2.1149958010377254,1.0779990237134869,1,-1.0
s4,c1,0,2.1149958010377254,2.307982768493042,0.0,0,-1.0
s4,c1,1,2.1149958010377254,2.307982768493042,2.1149958010377254,0,-1.0
s4,c1,0,2.307982768493042,2.7122242329205566,0.0,0,-1.0
s4,c1,1,2.307982768493042,2.7122242329205566,2.1149958010377254,0,-1.0
s4,c1,0,2.7122242329205566,2.816038769354104,0.0,1,-1.0
s4,c1,1,2.7122242329205566,2.816038769354104,2.1149958010377254,0,-1.0
s4,c1,0,2.816038769354104,2.847486662256517,2.816038769354104,0,-1.0
s4,c1,1,2.816038769354104,2.847486662256517,2.1149958010377254,1,-1.0
s4,c1,0,2.847486662256517,4.020629159949266,2.816038769354104,1,-1.0
s4,c1,1,2.847486662256517,4.020629159949266,2.847486662256517,0,-1.0
s4,c1,0,4.020629159949266,4.387391262880938,4.020629159949266,0,-1.0
s4,c1,1,4.020629159949266,4.387391262880938,2.847486662256517,1,-1.0
s4,c1,0,4.387391262880938,4.528854719505763,4.020629159949266,1,-1.0
s4,c1,1,4.387391262880938,4.528854719505763,4.387391262880938,0,-1.0
s4,c1,0,4.528854719505763,4.713484569622954,4.528854719505763,0,-1.0
s4,c1,1,4.528854719505763,4.713484569622954,4.387391262880938,1,-1.0
s4,c1,0,4.713484569622954,5.475770999859343,4.528854719505763,0,-1.0
s4,c1,1,4.713484569622954,5.475770999859343,4.713484569622954,0,-1.0
s4,c1,0,5.475770999859343,6.0376948181256855,4.528854719505763,1,-1.0
s4,c1,1,5.475770999859343,6.0376948181256855,4.713484569622954,0,-1.0
s4,c1,0,6.0376948181256855,6.551457315918805,6.0376948181256855,1,-1.0
s4,c1,1,6.0376948181256855,6.551457315918805,4.713484569622954,0,-1.0
s4,c1,0,6.551457315918805,6.9331147759183,6.551457315918805,1,-1.0
s4,c1,1,6.551457315918805,6.9331147759183,4.713484569622954,0,-1.0
s4,c1,0,6.9331147759183,7.44592119563185,6.9331147759183,1,-1.0
s4,c1,1,6.9331147759183,7.44592119563185,4.713484569622954,0,-1.0
s4,c1,0,7.44592119563185,8.312036948354276,7.44592119563185,0,-1.0
s4,c1,1,7.44592119563185,8.312036948354276,4.713484569622954,1,-1.0
s4,c1,0,8.312036948354276,9.337358381352603,7.44592119563185,0,-1.0
s4,c1,1,8.312036948354276,9.337358381352603,8.312036948354276,1,-1.0
s4,c1,0,9.337358381352603,9.80259633371553,7.44592119563185,0,-1.0
s4,c1,1,9.337358381352603,9.80259633371553,9.337358381352603,1,-1.0
s4,c1,0,9.80259633371553,11.627451884515445,7.44592119563185,1,-1.0
s4,c1,1,9.80259633371553,11.627451884515445,9.80259633371553,0,-1.0
s4,c1,0,11.627451884515445,13.863220263945143,11.627451884515445,0,-1.0
s4,c1,1,11.627451884515445,13.863220263945143,9.80259633371553,1,-1.0
s4,c1,0,13.863220263945143,14.436923183283135,11.627451884515445,0,-1.0
s4,c1,1,13.863220263945143,14.436923183283135,13.863220263945143,1,-1.0
s4,c1,0,14.436923183283135,15.860659235723878,11.627451884515445,0,-1.0
s4,c1,1,14.436923183283135,15.860659235723878,14.436923183283135,0,-1.0
s4,c1,0,15.860659235723878,16.0,11.627451884515445,0,-1.0
s4,c1,1,15.860659235723878,16.0,14.436923183283135,0,-1.0
s5,c2,0,0.0,0.3109758456598349,0.0,0,-1.0
s5,c2,1,0.0,0.3109758456598349,0.0,1,-1.0
s5,c2,0,0.3109758456598349,0.9449353565243477,0.0,0,-1.0
s5,c2,1,0.3109758456598349,0.9449353565243477,0.3109758456598349,1,-1.0
s5,c2,0,0.9449353565243477,1.6643500497616404,0.0,0,-1.0
s5,c2,1,0.9449353565243477,1.6643500497616404,0.9449353565243477,1,-1.0
s5,c2,0,1.6643500497616404,2.1180330375284706,0.0,0,-1.0
s5,c2,1,1.6643500497616404,2.1180330375284706,1.6643500497616404,1,-1.0
s5,c2,0,2.1180330375284706,3.1159089192359577,0.0,0,-1.0
s5,c2,1,2.1180330375284706,3.1159089192359577,2.1180330375284706,1,-1.0
s5,c2,0,3.1159089192359577,3.3956415338610206,0.0,0,-1.0
s5,c2,1,3.1159089192359577,3.3956415338610206,3.1159089192359577,1,-1.0
s5,c2,0,3.3956415338610206,3.8356211124948008,0.0,0,-1.0
s5,c2,1,3.3956415338610206,3.8356211124948008,3.3956415338610206,1,-1.0
s5,c2,0,3.8356211124948008,3.9842950085600615,0.0,0,-1.0
s5,c2,1,3.8356211124948008,3.9842950085600615,3.8356211124948008,1,-1.0
s5,c2,0,3.9842950085600615,5.025166131139608,0.0,0,-1.0
s5,c2,1,3.9842950085600615,5.025166131139608,3.9842950085600615,1,-1.0
s5,c2,0,5.025166131139608,5.20270249395109,0.0,1,-1.0
s5,c2,1,5.025166131139608,5.20270249395109,5.025166131139608,0,-1.0
s5,c2,0,5.20270249395109,5.294323886574661,5.20270249395109,0,-1.0
s5,c2,1,5.20270249395109,5.294323886574661,5.025166131139608,1,-1.0
s5,c2,0,5.294323886574661,5.935912422301436,5.20270249395109,0,-1.0
s5,c2,1,5.294323886574661,5.935912422301436,5.294323886574661,1,-1.0
s5,c2,0,5.935912422301436,6.0139737172909475,5.20270249395109,0,-1.0
s5,c2,1,5.935912422301436,6.0139737172909475,5.935912422301436,1,-1.0
s5,c2,0,6.0139737172909475,7.404418006992455,5.20270249395109,1,-1.0
s5,c2,1,6.0139737172909475,7.404418006992455,6.0139737172909475,0,-1.0
s5,c2,0,7.404418006992455,7.613365206117331,7.404418006992455,0,-1.0
s5,c2,1,7.404418006992455,7.613365206117331,6.0139737172909475,0,-1.0
s5,c2,0,7.613365206117331,8.267344341553734,7.404418006992455,0,-1.0
s5,c2,1,7.613365206117331,8.267344341553734,6.0139737172909475,1,-1.0
s5,c2,0,8.267344341553734,8.515093794710658,7.404418006992455,0,-1.0
s5,c2,1,8.267344341553734,8.515093794710658,8.267344341553734,1,-1.0
s5,c2,0,8.515093794710658,9.131619070799145,7.404418006992455,0,-1.0
s5,c2,1,8.515093794710658,9.131619070799145,8.515093794710658,1,-1.0
s5,c2,0,9.131619070799145,9.228139233716272,7.404418006992455,0,-1.0
s5,c2,1,9.131619070799145,9.228139233716272,9.131619070799145,1,-1.0
s5,c2,0,9.228139233716272,9.505708206846275,7.404418006992455,0,-1.0
s5,c2,1,9.228139233716272,9.505708206846275,9.228139233716272,0,-1.0
s5,c2,0,9.505708206846275,9.87212128939696,7.404418006992455,1,-1.0
s5,c2,1,9.505708206846275,9.87212128939696,9.228139233716272,0,-1.0
s5,c2,0,9.87212128939696,9.946068289625137,9.87212128939696,0,-1.0
s5,c2,1,9.87212128939696,9.946068289625137,9.228139233716272,1,-1.0
s5,c2,0,9.946068289625137,10.30306994492649,9.87212128939696,1,-1.0
s5,c2,1,9.946068289625137,10.30306994492649,9.946068289625137,0,-1.0
s5,c2,0,10.30306994492649,10.634130466627164,10.30306994492649,0,-1.0
s5,c2,1,10.30306994492649,10.634130466627164,9.946068289625137,1,-1.0
s5,c2,0,10.634130466627164,10.809026264073214,10.30306994492649,1,-1.0
s5,c2,1,10.634130466627164,10.809026264073214,10.634130466627164,0,-1.0
s5,c2,0,10.809026264073214,10.820265136891704,10.809026264073214,0,-1.0
s5,c2,1,10.809026264073214,10.820265136891704,10.634130466627164,1,-1.0
s5,c2,0,10.820265136891704,11.120867664575018,10.809026264073214,0,-1.0
s5,c2,1,10.820265136891704,11.120867664575018,10.820265136891704,1,-1.0
s5,c2,0,11.120867664575018,11.399601035703444,10.809026264073214,0,-1.0
s5,c2,1,11.120867664575018,11.399601035703444,11.120867664575018,1,-1.0
s5,c2,0,11.399601035703444,12.164300594564477,10.809026264073214,0,-1.0
s5,c2,1,11.399601035703444,12.164300594564477,11.399601035703444,1,-1.0
s5,c2,0,12.164300594564477,13.073405475171267,10.809026264073214,0,-1.0
s5,c2,1,12.164300594564477,13.073405475171267,12.164300594564477,1,-1.0
s5,c2,0,13.073405475171267,13.738479914549632,10.809026264073214,0,-1.0
s5,c2,1,13.073405475171267,13.738479914549632,13.073405475171267,1,-1.0
s5,c2,0,13.738479914549632,14.016765276157052,10.809026264073214,0,-1.0
s5,c2,1,13.738479914549632,14.016765276157052,13.738479914549632,0,-1.0
s5,c2,0,14.016765276157052,14.09839977387152,10.809026264073214,0,-1.0
s5,c2,1,14.016765276157052,14.09839977387152,13.738479914549632,1,-1.0
s5,c2,0,14.09839977387152,14.228799094000737,10.809026264073214,0,-1.0
s5,c2,1,14.09839977387152,14.228799094000737,14.09839977387152,1,-1.0
s5,c2,0,14.228799094000737,14.376808314209928,10.809026264073214,0,-1.0
s5,c2,1,14.228799094000737,14.376808314209928,14.228799094000737,0,-1.0
s5,c2,0,14.376808314209928,14.589924607901928,10.809026264073214,1,-1.0
s5,c2,1,14.376808314209928,14.589924607901928,14.228799094000737,0,-1.0
s5,c2,0,14.589924607901928,14.901256899440362,14.589924607901928,0,-1.0
s5,c2,1,14.589924607901928,14.901256899440362,14.228799094000737,1,-1.0
s5,c2,0,14.901256899440362,15.493164517061084,14.589924607901928,0,-1.0
s5,c2,1,14.901256899440362,15.493164517061084,14.901256899440362,1,-1.0
s5,c2,0,15.493164517061084,15.87653271351434,14.589924607901928,0,-1.0
s5,c2,1,15.493164517061084,15.87653271351434,15.493164517061084,1,-1.0
s5,c2,0,15.87653271351434,16.0,14.589924607901928,0,-1.0
s5,c2,1,15.87653271351434,16.0,15.87653271351434,0,-1.0
s6,c2,0,0.0,0.5636980534624497,0.0,0,-1.0
s6,c2,1,0.0,0.5636980534624497,0.0,1,-1.0
s6,c2,0,0.5636980534624497,1.6771184642561119,0.0,0,-1.0
s6,c2,1,0.5636980534624497,1.6771184642561119,0.5636980534624497,1,-1.0
s6,c2,0,1.6771184642561119,1.831128336169873,0.0,1,-1.0
s6,c2,1,1.6771184642561119,1.831128336169873,1.6771184642561119,0,-1.0
s6,c2,0,1.831128336169873,2.025243691979088,1.831128336169873,1,-1.0
s6,c2,1,1.831128336169873,2.025243691979088,1.6771184642561119,0,-1.0
s6,c2,0,2.025243691979088,2.5146408923439374,2.025243691979088,0,-1.0
s6,c2,1,2.025243691979088,2.5146408923439374,1.6771184642561119,1,-1.0
s6,c2,0,2.5146408923439374,2.650614810764232,2.025243691979088,0,-1.0
s6,c2,1,2.5146408923439374,2.650614810764232,2.5146408923439374,1,-1.0
s6,c2,0,2.650614810764232,2.773332015811603,2.025243691979088,0,-1.0
s6,c2,1,2.650614810764232,2.773332015811603,2.650614810764232,1,-1.0
s6,c2,0,2.773332015811603,2.9989210634839365,2.025243691979088,0,-1.0
s6,c2,1,2.773332015811603,2.9989210634839365,2.773332015811603,1,-1.0
s6,c2,0,2.9989210634839365,3.8102585098868524,2.025243691979088,0,-1.0
s6,c2,1,2.9989210634839365,3.8102585098868524,2.9989210634839365,1,-1.0
s6,c2,0,3.8102585098868524,4.448845518462238,2.025243691979088,0,-1.0
s6,c2,1,3.8102585098868524,4.448845518462238,3.8102585098868524,1,-1.0
s6,c2,0,4.448845518462238,4.841470649477822,2.025243691979088,0,-1.0
s6,c2,1,4.448845518462238,4.841470649477822,4.448845518462238,1,-1.0
s6,c2,0,4.841470649477822,5.390791466464527,2.025243691979088,0,-1.0
s6,c2,1,4.841470649477822,5.390791466464527,4.841470649477822,1,-1.0
s6,c2,0,5.390791466464527,5.527022911203554,2.025243691979088,0,-1.0
s6,c2,1,5.390791466464527,5.527022911203554,5.390791466464527,1,-1.0
s6,c2,0,5.527022911203554,5.594085295358586,2.025243691979088,0,-1.0
s6,c2,1,5.527022911203554,5.594085295358586,5.527022911203554,1,-1.0
s6,c2,0,5.594085295358586,5.87784568905834,2.025243691979088,0,-1.0
s6,c2,1,5.594085295358586,5.87784568905834,5.594085295358586,1,-1.0
s6,c2,0,5.87784568905834,5.949851583192011,2.025243691979088,0,-1.0
s6,c2,1,5.87784568905834,5.949851583192011,5.87784568905834,0,-1.0
s6,c2,0,5.949851583192011,6.18122509706915,2.025243691979088,0,-1.0
s6,c2,1,5.949851583192011,6.18122509706915,5.87784568905834,1,-1.0
s6,c2,0,6.18122509706915,6.222743813226986,2.025243691979088,0,-1.0
s6,c2,1,6.18122509706915,6.222743813226986,6.18122509706915,1,-1.0
s6,c2,0,6.222743813226986,6.386469582788837,2.025243691979088,1,-1.0
s6,c2,1,6.222743813226986,6.386469582788837,6.222743813226986,0,-1.0
s6,c2,0,6.386469582788837,6.663602976013102,6.386469582788837,0,-1.0
s6,c2,1,6.386469582788837,6.663602976013102,6.222743813226986,1,-1.0
s6,c2,0,6.663602976013102,7.053764242090516,6.386469582788837,0,-1.0
s6,c2,1,6.663602976013102,7.053764242090516,6.663602976013102,1,-1.0
s6,c2,0,7.053764242090516,7.470537095061046,6.386469582788837,0,-1.0
s6,c2,1,7.053764242090516,7.470537095061046,7.053764242090516,1,-1.0
s6,c2,0,7.470537095061046,7.835870591611747,6.386469582788837,0,-1.0
s6,c2,1,7.470537095061046,7.835870591611747,7.470537095061046,1,-1.0
s6,c2,0,7.835870591611747,7.8394569924936075,6.386469582788837,0,-1.0
s6,c2,1,7.835870591611747,7.8394569924936075,7.835870591611747,1,-1.0
s6,c2,0,7.8394569924936075,8.263466991076779,6.386469582788837,1,-1.0
s6,c2,1,7.8394569924936075,8.263466991076779,7.8394569924936075,0,-1.0
s6,c2,0,8.263466991076779,8.79533448555797,8.263466991076779,0,-1.0
s6,c2,1,8.263466991076779,8.79533448555797,7.8394569924936075,1,-1.0
s6,c2,0,8.79533448555797,9.28252998842045,8.263466991076779,0,-1.0
s6,c2,1,8.79533448555797,9.28252998842045,8.79533448555797,1,-1.0
s6,c2,0,9.28252998842045,9.470677710972309,8.263466991076779,0,-1.0
s6,c2,1,9.28252998842045,9.470677710972309,9.28252998842045,1,-1.0
s6,c2,0,9.470677710972309,10.012077723930005,8.263466991076779,0,-1.0
s6,c2,1,9.470677710972309,10.012077723930005,9.470677710972309,1,-1.0
s6,c2,0,10.012077723930005,10.051519977748216,8.263466991076779,0,-1.0
s6,c2,1,10.012077723930005,10.051519977748216,10.012077723930005,1,-1.0
s6,c2,0,10.051519977748216,10.152519209771528,8.263466991076779,1,-1.0
s6,c2,1,10.051519977748216,10.152519209771528,10.051519977748216,0,-1.0
s6,c2,0,10.152519209771528,10.840791911282931,10.152519209771528,0,-1.0
s6,c2,1,10.152519209771528,10.840791911282931,10.051519977748216,1,-1.0
s6,c2,0,10.840791911282931,11.530275324692013,10.152519209771528,0,-1.0
s6,c2,1,10.840791911282931,11.530275324692013,10.840791911282931,1,-1.0
s6,c2,0,11.530275324692013,11.68900179171892,10.152519209771528,0,-1.0
s6,c2,1,11.530275324692013,11.68900179171892,11.530275324692013,1,-1.0
s6,c2,0,11.68900179171892,12.028649669792987,10.152519209771528,1,-1.0
s6,c2,1,11.68900179171892,12.028649669792987,11.68900179171892,0,-1.0
s6,c2,0,12.028649669792987,12.039276392499547,12.028649669792987,0,-1.0
s6,c2,1,12.028649669792987,12.039276392499547,11.68900179171892,1,-1.0
s6,c2,0,12.039276392499547,12.386752449435729,12.028649669792987,0,-1.0
s6,c2,1,12.039276392499547,12.386752449435729,12.039276392499547,1,-1.0
s6,c2,0,12.386752449435729,12.446769916546138,12.028649669792987,1,-1.0
s6,c2,1,12.386752449435729,12.446769916546138,12.386752449435729,0,-1.0
s6,c2,0,12.446769916546138,12.862341095309791,12.446769916546138,0,-1.0
s6,c2,1,12.446769916546138,12.862341095309791,12.386752449435729,1,-1.0
s6,c2,0,12.862341095309791,13.16383010153822,12.446769916546138,1,-1.0
s6,c2,1,12.862341095309791,13.16383010153822,12.862341095309791,0,-1.0
s6,c2,0,13.16383010153822,13.64821541351677,13.16383010153822,0,-1.0
s6,c2,1,13.16383010153822,13.64821541351677,12.862341095309791,1,-1.0
s6,c2,0,13.64821541351677,13.885696504675735,13.16383010153822,1,-1.0
s6,c2,1,13.64821541351677,13.885696504675735,13.64821541351677,0,-1.0
s6,c2,0,13.885696504675735,15.014439462961786,13.885696504675735,0,-1.0
s6,c2,1,13.885696504675735,15.014439462961786,13.64821541351677,1,-1.0
s6,c2,0,15.014439462961786,15.034600483273733,13.885696504675735,0,-1.0
s6,c2,1,15.014439462961786,15.034600483273733,15.014439462961786,1,-1.0
s6,c2,0,15.034600483273733,15.131814717370672,13.885696504675735,0,-1.0
s6,c2,1,15.034600483273733,15.131814717370672,15.034600483273733,1,-1.0
s6,c2,0,15.131814717370672,16.0,13.885696504675735,0,-1.0
s6,c2,1,15.131814717370672,16.0,15.131814717370672,0,-1.0
s7,c2,0,0.0,0.2784895017663669,0.0,0,1.0
s7,c2,1,0.0,0.2784895017663669,0.0,1,1.0
s7,c2,0,0.2784895017663669,0.40266175513305547,0.0,1,1.0
s7,c2,1,0.2784895017663669,0.40266175513305547,0.2784895017663669,0,1.0
s7,c2,0,0.40266175513305547,1.7726187637494126,0.40266175513305547,0,1.0
s7,c2,1,0.40266175513305547,1.7726187637494126,0.2784895017663669,1,1.0
s7,c2,0,1.7726187637494126,3.267604796460224,0.40266175513305547,0,1.0
s7,c2,1,1.7726187637494126,3.267604796460224,1.7726187637494126,1,1.0
s7,c2,0,3.267604796460224,3.42047945691162,0.40266175513305547,1,1.0
s7,c2,1,3.267604796460224,3.42047945691162,3.267604796460224,0,1.0
s7,c2,0,3.42047945691162,3.879303541817301,3.42047945691162,1,1.0
s7,c2,1,3.42047945691162,3.879303541817301,3.267604796460224,0,1.0
s7,c2,0,3.879303541817301,4.237363903983904,3.879303541817301,1,1.0
s7,c2,1,3.879303541817301,4.237363903983904,3.267604796460224,0,1.0
s7,c2,0,4.237363903983904,4.495922789809044,4.237363903983904,1,1.0
s7,c2,1,4.237363903983904,4.495922789809044,3.267604796460224,0,1.0
s7,c2,0,4.495922789809044,5.6103593902540165,4.495922789809044,1,1.0
s7,c2,1,4.495922789809044,5.6103593902540165,3.267604796460224,0,1.0
s7,c2,0,5.6103593902540165,6.515971228165938,5.6103593902540165,0,1.0
s7,c2,1,5.6103593902540165,6.515971228165938,3.267604796460224,0,1.0
s7,c2,0,6.515971228165938,7.293275641060287,5.6103593902540165,1,1.0
s7,c2,1,6.515971228165938,7.293275641060287,3.267604796460224,0,1.0
s7,c2,0,7.293275641060287,7.784566277248603,7.293275641060287,1,1.0
s7,c2,1,7.293275641060287,7.784566277248603,3.267604796460224,0,1.0
s7,c2,0,7.784566277248603,8.258577132961609,7.784566277248603,1,1.0
s7,c2,1,7.784566277248603,8.258577132961609,3.267604796460224,0,1.0
s7,c2,0,8.258577132961609,8.674709179835393,8.258577132961609,1,1.0
s7,c2,1,8.258577132961609,8.674709179835393,3.267604796460224,0,1.0
s7,c2,0,8.674709179835393,9.029812584064643,8.674709179835393,0,1.0
s7,c2,1,8.674709179835393,9.029812584064643,3.267604796460224,1,1.0
s7,c2,0,9.029812584064643,9.251353026478489,8.674709179835393,1,1.0
s7,c2,1,9.029812584064643,9.251353026478489,9.029812584064643,0,1.0
s7,c2,0,9.251353026478489,10.057749427077939,9.251353026478489,1,1.0
s7,c2,1,9.251353026478489,10.057749427077939,9.029812584064643,0,1.0
s7,c2,0,10.057749427077939,10.061036259859774,10.057749427077939,1,1.0
s7,c2,1,10.057749427077939,10.061036259859774,9.029812584064643,0,1.0
s7,c2,0,10.061036259859774,10.70062444060457,10.061036259859774,1,1.0
s7,c2,1,10.061036259859774,10.70062444060457,9.029812584064643,0,1.0
s7,c2,0,10.70062444060457,10.716847254086154,10.70062444060457,0,1.0
s7,c2,1,10.70062444060457,10.716847254086154,9.029812584064643,0,1.0
s7,c2,0,10.716847254086154,11.20977523192022,10.70062444060457,0,1.0
s7,c2,1,10.716847254086154,11.20977523192022,9.029812584064643,1,1.0
s7,c2,0,11.20977523192022,11.365986464155885,10.70062444060457,0,1.0
s7,c2,1,11.20977523192022,11.365986464155885,11.20977523192022,1,1.0
s7,c2,0,11.365986464155885,11.64286187202307,10.70062444060457,1,1.0
s7,c2,1,11.365986464155885,11.64286187202307,11.365986464155885,0,1.0
s7,c2,0,11.64286187202307,12.047263973439719,11.64286187202307,0,1.0
s7,c2,1,11.64286187202307,12.047263973439719,11.365986464155885,1,1.0
s7,c2,0,12.047263973439719,12.71241976406423,11.64286187202307,0,1.0
s7,c2,1,12.047263973439719,12.71241976406423,12.047263973439719,1,1.0
s7,c2,0,12.71241976406423,12.735615503842526,11.64286187202307,1,1.0
s7,c2,1,12.71241976406423,12.735615503842526,12.71241976406423,0,1.0
s7,c2,0,12.735615503842526,12.822514498389378,12.735615503842526,1,1.0
s7,c2,1,12.735615503842526,12.822514498389378,12.71241976406423,0,1.0
s7,c2,0,12.822514498389378,13.733220308714003,12.822514498389378,0,1.0
s7,c2,1,12.822514498389378,13.733220308714003,12.71241976406423,1,1.0
s7,c2,0,13.733220308714003,14.136105545453663,12.822514498389378,1,1.0
s7,c2,1,13.733220308714003,14.136105545453663,13.733220308714003,0,1.0
s7,c2,0,14.136105545453663,14.558663213993778,14.136105545453663,1,1.0
s7,c2,1,14.136105545453663,14.558663213993778,13.733220308714003,0,1.0
s7,c2,0,14.558663213993778,15.240777207870346,14.558663213993778,1,1.0
s7,c2,1,14.558663213993778,15.240777207870346,13.733220308714003,0,1.0
s7,c2,0,15.240777207870346,15.489491769898107,15.240777207870346,1,1.0
s7,c2,1,15.240777207870346,15.489491769898107,13.733220308714003,0,1.0
s7,c2,0,15.489491769898107,16.0,15.489491769898107,0,1.0
s7,c2,1,15.489491769898107,16.0,13.733220308714003,0,1.0
s8,c2,0,0.0,0.9425436582011295,0.0,0,1.0
s8,c2,1,0.0,0.9425436582011295,0.0,1,1.0
s8,c2,0,0.9425436582011295,1.139680459714762,0.0,0,1.0
s8,c2,1,0.9425436582011295,1.139680459714762,0.9425436582011295,1,1.0
s8,c2,0,1.139680459714762,1.3118400625264712,0.0,0,1.0
s8,c2,1,1.139680459714762,1.3118400625264712,1.139680459714762,1,1.0
s8,c2,0,1.3118400625264712,1.4451487073450349,0.0,0,1.0
s8,c2,1,1.3118400625264712,1.4451487073450349,1.3118400625264712,1,1.0
s8,c2,0,1.4451487073450349,1.5438965685692487,0.0,1,1.0
s8,c2,1,1.4451487073450349,1.5438965685692487,1.4451487073450349,0,1.0
s8,c2,0,1.5438965685692487,1.8322714042719108,1.5438965685692487,1,1.0
s8,c2,1,1.5438965685692487,1.8322714042719108,1.4451487073450349,0,1.0
s8,c2,0,1.8322714042719108,1.99706249259914,1.8322714042719108,0,1.0
s8,c2,1,1.8322714042719108,1.99706249259914,1.4451487073450349,1,1.0
s8,c2,0,1.99706249259914,2.10372887918302,1.8322714042719108,1,1.0
s8,c2,1,1.99706249259914,2.10372887918302,1.99706249259914,0,1.0
s8,c2,0,2.10372887918302,2.1979031775418605,2.10372887918302,0,1.0
s8,c2,1,2.10372887918302,2.1979031775418605,1.99706249259914,1,1.0
s8,c2,0,2.1979031775418605,2.4892391270399195,2.10372887918302,0,1.0
s8,c2,1,2.1979031775418605,2.4892391270399195,2.1979031775418605,0,1.0
s8,c2,0,2.4892391270399195,2.554211675736451,2.10372887918302,1,1.0
s8,c2,1,2.4892391270399195,2.554211675736451,2.1979031775418605,0,1.0
s8,c2,0,2.554211675736451,2.7126652200373544,2.554211675736451,0,1.0
s8,c2,1,2.554211675736451,2.7126652200373544,2.1979031775418605,0,1.0
s8,c2,0,2.7126652200373544,2.7937432277146663,2.554211675736451,0,1.0
s8,c2,1,2.7126652200373544,2.7937432277146663,2.1979031775418605,0,1.0
s8,c2,0,2.7937432277146663,2.8082632413290702,2.554211675736451,0,1.0
s8,c2,1,2.7937432277146663,2.8082632413290702,2.1979031775418605,1,1.0
s8,c2,0,2.8082632413290702,2.913317697050764,2.554211675736451,0,1.0
s8,c2,1,2.8082632413290702,2.913317697050764,2.8082632413290702,1,1.0
s8,c2,0,2.913317697050764,3.247335526699331,2.554211675736451,0,1.0
s8,c2,1,2.913317697050764,3.247335526699331,2.913317697050764,1,1.0
s8,c2,0,3.247335526699331,3.8868192588151365,2.554211675736451,0,1.0
s8,c2,1,3.247335526699331,3.8868192588151365,3.247335526699331,1,1.0
s8,c2,0,3.8868192588151365,4.393646563042824,2.554211675736451,0,1.0
s8,c2,1,3.8868192588151365,4.393646563042824,3.8868192588151365,1,1.0
s8,c2,0,4.393646563042824,4.529146212782745,2.554211675736451,0,1.0
s8,c2,1,4.393646563042824,4.529146212782745,4.393646563042824,0,1.0
s8,c2,0,4.529146212782745,4.802128827101717,2.554211675736451,1,1.0
s8,c2,1,4.529146212782745,4.802128827101717,4.393646563042824,0,1.0
s8,c2,0,4.802128827101717,4.9022296400936485,4.802128827101717,0,1.0
s8,c2,1,4.802128827101717,4.9022296400936485,4.393646563042824,1,1.0
s8,c2,0,4.9022296400936485,5.162149752091408,4.802128827101717,0,1.0
s8,c2,1,4.9022296400936485,5.162149752091408,4.9022296400936485,1,1.0
s8,c2,0,5.162149752091408,5.661315152177171,4.802128827101717,1,1.0
s8,c2,1,5.162149752091408,5.661315152177171,5.162149752091408,0,1.0
s8,c2,0,5.661315152177171,5.89859412722775,5.661315152177171,1,1.0
s8,c2,1,5.661315152177171,5.89859412722775,5.162149752091408,0,1.0
s8,c2,0,5.89859412722775,5.903957865683386,5.89859412722775,0,1.0
s8,c2,1,5.89859412722775,5.903957865683386,5.162149752091408,1,1.0
s8,c2,0,5.903957865683386,6.069251958232366,5.89859412722775,0,1.0
s8,c2,1,5.903957865683386,6.069251958232366,5.903957865683386,1,1.0
s8,c2,0,6.069251958232366,6.087265918045451,5.89859412722775,1,1.0
s8,c2,1,6.069251958232366,6.087265918045451,6.069251958232366,0,1.0
s8,c2,0,6.087265918045451,6.136487481411304,6.087265918045451,1,1.0
s8,c2,1,6.087265918045451,6.136487481411304,6.069251958232366,0,1.0
s8,c2,0,6.136487481411304,6.193678466465665,6.136487481411304,1,1.0
s8,c2,1,6.136487481411304,6.193678466465665,6.069251958232366,0,1.0
s8,c2,0,6.193678466465665,6.471297204987133,6.193678466465665,0,1.0
s8,c2,1,6.193678466465665,6.471297204987133,6.069251958232366,0,1.0
s8,c2,0,6.471297204987133,6.541324637189407,6.193678466465665,0,1.0
s8,c2,1,6.471297204987133,6.541324637189407,6.069251958232366,1,1.0
s8,c2,0,6.541324637189407,7.13119809159649,6.193678466465665,0,1.0
s8,c2,1,6.541324637189407,7.13119809159649,6.541324637189407,1,1.0
s8,c2,0,7.13119809159649,7.22066958790349,6.193678466465665,1,1.0
s8,c2,1,7.13119809159649,7.22066958790349,7.13119809159649,0,1.0
s8,c2,0,7.22066958790349,8.095856735016703,7.22066958790349,0,1.0
s8,c2,1,7.22066958790349,8.095856735016703,7.13119809159649,1,1.0
s8,c2,0,8.095856735016703,8.324612174791492,7.22066958790349,0,1.0
s8,c2,1,8.095856735016703,8.324612174791492,8.095856735016703,1,1.0
s8,c2,0,8.324612174791492,9.383124820665596,7.22066958790349,1,1.0
s8,c2,1,8.324612174791492,9.383124820665596,8.324612174791492,0,1.0
s8,c2,0,9.383124820665596,9.413391915382174,9.383124820665596,0,1.0
s8,c2,1,9.383124820665596,9.413391915382174,8.324612174791492,1,1.0
s8,c2,0,9.413391915382174,9.563857882846575,9.383124820665596,1,1.0
s8,c2,1,9.413391915382174,9.563857882846575,9.413391915382174,0,1.0
s8,c2,0,9.563857882846575,10.105859490702851,9.563857882846575,0,1.0
s8,c2,1,9.563857882846575,10.105859490702851,9.413391915382174,1,1.0
s8,c2,0,10.105859490702851,10.268295001030072,9.563857882846575,1,1.0
s8,c2,1,10.105859490702851,10.268295001030072,10.105859490702851,0,1.0
s8,c2,0,10.268295001030072,11.217820525884077,10.268295001030072,1,1.0
s8,c2,1,10.268295001030072,11.217820525884077,10.105859490702851,0,1.0
s8,c2,0,11.217820525884077,11.342842052668534,11.217820525884077,1,1.0
s8,c2,1,11.217820525884077,11.342842052668534,10.105859490702851,0,1.0
s8,c2,0,11.342842052668534,11.941568874179818,11.342842052668534,1,1.0
s8,c2,1,11.342842052668534,11.941568874179818,10.105859490702851,0,1.0
s8,c2,0,11.941568874179818,12.025001254179287,11.941568874179818,0,1.0
s8,c2,1,11.941568874179818,12.025001254179287,10.105859490702851,1,1.0
s8,c2,0,12.025001254179287,12.140360887649331,11.941568874179818,0,1.0
s8,c2,1,12.025001254179287,12.140360887649331,12.025001254179287,1,1.0
s8,c2,0,12.140360887649331,12.753764069829494,11.941568874179818,1,1.0
s8,c2,1,12.140360887649331,12.753764069829494,12.140360887649331,0,1.0
s8,c2,0,12.753764069829494,12.984690938365635,12.753764069829494,1,1.0
s8,c2,1,12.753764069829494,12.984690938365635,12.140360887649331,0,1.0
s8,c2,0,12.984690938365635,13.14619388335562,12.984690938365635,0,1.0
s8,c2,1,12.984690938365635,13.14619388335562,12.140360887649331,1,1.0
s8,c2,0,13.14619388335562,13.368326936682601,12.984690938365635,1,1.0
s8,c2,1,13.14619388335562,13.368326936682601,13.14619388335562,0,1.0
s8,c2,0,13.368326936682601,13.924870251673171,13.368326936682601,1,1.0
s8,c2,1,13.368326936682601,13.924870251673171,13.14619388335562,0,1.0
s8,c2,0,13.924870251673171,14.652778486546465,13.924870251673171,1,1.0
s8,c2,1,13.924870251673171,14.652778486546465,13.14619388335562,0,1.0
s8,c2,0,14.652778486546465,15.076043050923975,14.652778486546465,0,1.0
s8,c2,1,14.652778486546465,15.076043050923975,13.14619388335562,0,1.0
s8,c2,0,15.076043050923975,15.120653293553156,14.652778486546465,0,1.0
s8,c2,1,15.076043050923975,15.120653293553156,13.14619388335562,0,1.0
s8,c2,0,15.120653293553156,15.685464068508049,14.652778486546465,1,1.0
s8,c2,1,15.120653293553156,15.685464068508049,13.14619388335562,0,1.0
s8,c2,0,15.685464068508049,16.0,15.685464068508049,0,1.0
s8,c2,1,15.685464068508049,16.0,13.14619388335562,0,1.0
s9,c3,0,0.0,0.025618859618751325,0.0,1,1.0
s9,c3,1,0.0,0.025618859618751325,0.0,0,1.0
s9,c3,0,0.025618859618751325,0.5433349640764382,0.025618859618751325,0,1.0
s9,c3,1,0.025618859618751325,0.5433349640764382,0.0,1,1.0
s9,c3,0,0.5433349640764382,0.6894043971959515,0.025618859618751325,0,1.0
s9,c3,1,0.5433349640764382,0.6894043971959515,0.5433349640764382,1,1.0
s9,c3,0,0.6894043971959515,1.1535311536427395,0.025618859618751325,0,1.0
s9,c3,1,0.6894043971959515,1.1535311536427395,0.6894043971959515,1,1.0
s9,c3,0,1.1535311536427395,1.1907092208469077,0.025618859618751325,0,1.0
s9,c3,1,1.1535311536427395,1.1907092208469077,1.1535311536427395,1,1.0
s9,c3,0,1.1907092208469077,2.8377260491624483,0.025618859618751325,0,1.0
s9,c3,1,1.1907092208469077,2.8377260491624483,1.1907092208469077,1,1.0
s9,c3,0,2.8377260491624483,3.4785008585988066,0.025618859618751325,0,1.0
s9,c3,1,2.8377260491624483,3.4785008585988066,2.8377260491624483,1,1.0
s9,c3,0,3.4785008585988066,3.735489051701783,0.025618859618751325,0,1.0
s9,c3,1,3.4785008585988066,3.735489051701783,3.4785008585988066,0,1.0
s9,c3,0,3.735489051701783,3.8962973914138654,0.025618859618751325,0,1.0
s9,c3,1,3.735489051701783,3.8962973914138654,3.4785008585988066,1,1.0
s9,c3,0,3.8962973914138654,4.0892738837639415,0.025618859618751325,1,1.0
s9,c3,1,3.8962973914138654,4.0892738837639415,3.8962973914138654,0,1.0
s9,c3,0,4.0892738837639415,4.38772619079839,4.0892738837639415,0,1.0
s9,c3,1,4.0892738837639415,4.38772619079839,3.8962973914138654,1,1.0
s9,c3,0,4.38772619079839,4.7503102580236485,4.0892738837639415,1,1.0
s9,c3,1,4.38772619079839,4.7503102580236485,4.38772619079839,0,1.0
s9,c3,0,4.7503102580236485,6.366439908338798,4.7503102580236485,0,1.0
s9,c3,1,4.7503102580236485,6.366439908338798,4.38772619079839,0,1.0
s9,c3,0,6.366439908338798,6.462943001924201,4.7503102580236485,1,1.0
s9,c3,1,6.366439908338798,6.462943001924201,4.38772619079839,0,1.0
s9,c3,0,6.462943001924201,7.086390492808217,6.462943001924201,1,1.0
s9,c3,1,6.462943001924201,7.086390492808217,4.38772619079839,0,1.0
s9,c3,0,7.086390492808217,7.553550676912271,7.086390492808217,0,1.0
s9,c3,1,7.086390492808217,7.553550676912271,4.38772619079839,1,1.0
s9,c3,0,7.553550676912271,8.333717478365735,7.086390492808217,1,1.0
s9,c3,1,7.553550676912271,8.333717478365735,7.553550676912271,0,1.0
s9,c3,0,8.333717478365735,8.386403230850943,8.333717478365735,0,1.0
s9,c3,1,8.333717478365735,8.386403230850943,7.553550676912271,1,1.0
s9,c3,0,8.386403230850943,8.598090973332221,8.333717478365735,0,1.0
s9,c3,1,8.386403230850943,8.598090973332221,8.386403230850943,1,1.0
s9,c3,0,8.598090973332221,9.414189597156128,8.333717478365735,0,1.0
s9,c3,1,8.598090973332221,9.414189597156128,8.598090973332221,1,1.0
s9,c3,0,9.414189597156128,10.037798636244727,8.333717478365735,1,1.0
s9,c3,1,9.414189597156128,10.037798636244727,9.414189597156128,0,1.0
s9,c3,0,10.037798636244727,10.226115367641276,10.037798636244727,1,1.0
s9,c3,1,10.037798636244727,10.226115367641276,9.414189597156128,0,1.0
s9,c3,0,10.226115367641276,10.344923069522208,10.226115367641276,0,1.0
s9,c3,1,10.226115367641276,10.344923069522208,9.414189597156128,1,1.0
s9,c3,0,10.344923069522208,10.896972816657506,10.226115367641276,1,1.0
s9,c3,1,10.344923069522208,10.896972816657506,10.344923069522208,0,1.0
s9,c3,0,10.896972816657506,11.13349851564587,10.896972816657506,0,1.0
s9,c3,1,10.896972816657506,11.13349851564587,10.344923069522208,1,1.0
s9,c3,0,11.13349851564587,11.275270911316378,10.896972816657506,1,1.0
s9,c3,1,11.13349851564587,11.275270911316378,11.13349851564587,0,1.0
s9,c3,0,11.275270911316378,11.600415578563583,11.275270911316378,0,1.0
s9,c3,1,11.275270911316378,11.600415578563583,11.13349851564587,1,1.0
s9,c3,0,11.600415578563583,11.679632116944802,11.275270911316378,1,1.0
s9,c3,1,11.600415578563583,11.679632116944802,11.600415578563583,0,1.0
s9,c3,0,11.679632116944802,12.450737554273605,11.679632116944802,1,1.0
s9,c3,1,11.679632116944802,12.450737554273605,11.600415578563583,0,1.0
s9,c3,0,12.450737554273605,12.769005572712782,12.450737554273605,0,1.0
s9,c3,1,12.450737554273605,12.769005572712782,11.600415578563583,1,1.0
s9,c3,0,12.769005572712782,13.850961566784482,12.450737554273605,0,1.0
s9,c3,1,12.769005572712782,13.850961566784482,12.769005572712782,1,1.0
s9,c3,0,13.850961566784482,13.857140815288323,12.450737554273605,0,1.0
s9,c3,1,13.850961566784482,13.857140815288323,13.850961566784482,1,1.0
s9,c3,0,13.857140815288323,15.161259423964326,12.450737554273605,0,1.0
s9,c3,1,13.857140815288323,15.161259423964326,13.857140815288323,1,1.0
s9,c3,0,15.161259423964326,15.603050948610196,12.450737554273605,1,1.0
s9,c3,1,15.161259423964326,15.603050948610196,15.161259423964326,0,1.0
s9,c3,0,15.603050948610196,16.0,15.603050948610196,0,1.0
s9,c3,1,15.603050948610196,16.0,15.161259423964326,0,1.0
s10,c3,0,0.0,0.7747868637033726,0.0,0,-1.0
s10,c3,1,0.0,0.7747868637033726,0.0,0,-1.0
s10,c3,0,0.7747868637033726,0.7939785308139907,0.0,0,-1.0
s10,c3,1,0.7747868637033726,0.7939785308139907,0.0,1,-1.0
s10,c3,0,0.7939785308139907,1.3592373285758255,0.0,0,-1.0
s10,c3,1,0.7939785308139907,1.3592373285758255,0.7939785308139907,1,-1.0
s10,c3,0,1.3592373285758255,1.4450753717013998,0.0,0,-1.0
s10,c3,1,1.3592373285758255,1.4450753717013998,1.3592373285758255,1,-1.0
s10,c3,0,1.4450753717013998,1.9052896714219654,0.0,1,-1.0
s10,c3,1,1.4450753717013998,1.9052896714219654,1.4450753717013998,0,-1.0
s10,c3,0,1.9052896714219654,2.8297585468822186,1.9052896714219654,0,-1.0
s10,c3,1,1.9052896714219654,2.8297585468822186,1.4450753717013998,1,-1.0
s10,c3,0,2.8297585468822186,3.319431632083667,1.9052896714219654,0,-1.0
s10,c3,1,2.8297585468822186,3.319431632083667,2.8297585468822186,1,-1.0
s10,c3,0,3.319431632083667,3.933066053781789,1.9052896714219654,0,-1.0
s10,c3,1,3.319431632083667,3.933066053781789,3.319431632083667,1,-1.0
s10,c3,0,3.933066053781789,5.248370912427005,1.9052896714219654,0,-1.0
s10,c3,1,3.933066053781789,5.248370912427005,3.933066053781789,1,-1.0
s10,c3,0,5.248370912427005,5.614476953343506,1.9052896714219654,0,-1.0
s10,c3,1,5.248370912427005,5.614476953343506,5.248370912427005,1,-1.0
s10,c3,0,5.614476953343506,5.66508645596072,1.9052896714219654,0,-1.0
s10,c3,1,5.614476953343506,5.66508645596072,5.614476953343506,1,-1.0
s10,c3,0,5.66508645596072,5.949385387441583,1.9052896714219654,0,-1.0
s10,c3,1,5.66508645596072,5.949385387441583,5.66508645596072,1,-1.0
s10,c3,0,5.949385387441583,6.42655656590976,1.9052896714219654,0,-1.0
s10,c3,1,5.949385387441583,6.42655656590976,5.949385387441583,1,-1.0
s10,c3,0,6.42655656590976,6.4469779925174695,1.9052896714219654,0,-1.0
s10,c3,1,6.42655656590976,6.4469779925174695,6.42655656590976,1,-1.0
s10,c3,0,6.4469779925174695,6.528679702779701,1.9052896714219654,0,-1.0
s10,c3,1,6.4469779925174695,6.528679702779701,6.4469779925174695,1,-1.0
s10,c3,0,6.528679702779701,6.642639844033629,1.9052896714219654,0,-1.0
s10,c3,1,6.528679702779701,6.642639844033629,6.528679702779701,1,-1.0
s10,c3,0,6.642639844033629,6.893422329395958,1.9052896714219654,1,-1.0
s10,c3,1,6.642639844033629,6.893422329395958,6.642639844033629,0,-1.0
s10,c3,0,6.893422329395958,7.223364999944447,6.893422329395958,0,-1.0
s10,c3,1,6.893422329395958,7.223364999944447,6.642639844033629,1,-1.0
s10,c3,0,7.223364999944447,7.274327421382072,6.893422329395958,0,-1.0
s10,c3,1,7.223364999944447,7.274327421382072,7.223364999944447,0,-1.0
s10,c3,0,7.274327421382072,7.651604890387581,6.893422329395958,0,-1.0
s10,c3,1,7.274327421382072,7.651604890387581,7.223364999944447,1,-1.0
s10,c3,0,7.651604890387581,7.664573509721261,6.893422329395958,0,-1.0
s10,c3,1,7.651604890387581,7.664573509721261,7.651604890387581,1,-1.0
s10,c3,0,7.664573509721261,8.981317882464259,6.893422329395958,0,-1.0
s10,c3,1,7.664573509721261,8.981317882464259,7.664573509721261,1,-1.0
s10,c3,0,8.981317882464259,9.157610162383795,6.893422329395958,0,-1.0
s10,c3,1,8.981317882464259,9.157610162383795,8.981317882464259,1,-1.0
s10,c3,0,9.157610162383795,9.26167352499393,6.893422329395958,1,-1.0
s10,c3,1,9.157610162383795,9.26167352499393,9.157610162383795,0,-1.0
s10,c3,0,9.26167352499393,9.485485904372062,9.26167352499393,0,-1.0
s10,c3,1,9.26167352499393,9.485485904372062,9.157610162383795,1,-1.0
s10,c3,0,9.485485904372062,9.50058381125276,9.26167352499393,0,-1.0
s10,c3,1,9.485485904372062,9.50058381125276,9.485485904372062,1,-1.0
s10,c3,0,9.50058381125276,9.811896976887216,9.26167352499393,0,-1.0
s10,c3,1,9.50058381125276,9.811896976887216,9.50058381125276,1,-1.0
s10,c3,0,9.811896976887216,9.87196089291778,9.26167352499393,0,-1.0
s10,c3,1,9.811896976887216,9.87196089291778,9.811896976887216,1,-1.0
s10,c3,0,9.87196089291778,10.018704423388996,9.26167352499393,0,-1.0
s10,c3,1,9.87196089291778,10.018704423388996,9.87196089291778,1,-1.0
s10,c3,0,10.018704423388996,10.107241688479748,9.26167352499393,0,-1.0
s10,c3,1,10.018704423388996,10.107241688479748,10.018704423388996,1,-1.0
s10,c3,0,10.107241688479748,10.373805820623378,9.26167352499393,0,-1.0
s10,c3,1,10.107241688479748,10.373805820623378,10.107241688479748,1,-1.0
s10,c3,0,10.373805820623378,10.904194848404083,9.26167352499393,0,-1.0
s10,c3,1,10.373805820623378,10.904194848404083,10.373805820623378,1,-1.0
s10,c3,0,10.904194848404083,11.207437726417277,9.26167352499393,0,-1.0
s10,c3,1,10.904194848404083,11.207437726417277,10.904194848404083,0,-1.0
s10,c3,0,11.207437726417277,11.853041242689132,9.26167352499393,0,-1.0
s10,c3,1,11.207437726417277,11.853041242689132,10.904194848404083,1,-1.0
s10,c3,0,11.853041242689132,11.879398308067934,9.26167352499393,0,-1.0
s10,c3,1,11.853041242689132,11.879398308067934,11.853041242689132,0,-1.0
s10,c3,0,11.879398308067934,12.314412295184109,9.26167352499393,0,-1.0
s10,c3,1,11.879398308067934,12.314412295184109,11.853041242689132,1,-1.0
s10,c3,0,12.314412295184109,12.518249751791352,9.26167352499393,0,-1.0
s10,c3,1,12.314412295184109,12.518249751791352,12.314412295184109,1,-1.0
s10,c3,0,12.518249751791352,12.596479303040226,9.26167352499393,0,-1.0
s10,c3,1,12.518249751791352,12.596479303040226,12.518249751791352,0,-1.0
s10,c3,0,12.596479303040226,12.683803569260684,9.26167352499393,0,-1.0
s10,c3,1,12.596479303040226,12.683803569260684,12.518249751791352,0,-1.0
s10,c3,0,12.683803569260684,13.300066756348508,9.26167352499393,0,-1.0
s10,c3,1,12.683803569260684,13.300066756348508,12.518249751791352,1,-1.0
s10,c3,0,13.300066756348508,13.655569842730943,9.26167352499393,0,-1.0
s10,c3,1,13.300066756348508,13.655569842730943,13.300066756348508,0,-1.0
s10,c3,0,13.655569842730943,14.109977428497409,9.26167352499393,0,-1.0
s10,c3,1,13.655569842730943,14.109977428497409,13.300066756348508,1,-1.0
s10,c3,0,14.109977428497409,14.307311044234858,9.26167352499393,0,-1.0
s10,c3,1,14.109977428497409,14.307311044234858,14.109977428497409,1,-1.0
s10,c3,0,14.307311044234858,15.008419026777933,9.26167352499393,0,-1.0
s10,c3,1,14.307311044234858,15.008419026777933,14.307311044234858,1,-1.0
s10,c3,0,15.008419026777933,15.596553490072566,9.26167352499393,0,-1.0
s10,c3,1,15.008419026777933,15.596553490072566,15.008419026777933,1,-1.0
s10,c3,0,15.596553490072566,15.724045630137853,9.26167352499393,0,-1.0
s10,c3,1,15.596553490072566,15.724045630137853,15.596553490072566,1,-1.0
s10,c3,0,15.724045630137853,15.984351193491284,9.26167352499393,1,-1.0
s10,c3,1,15.724045630137853,15.984351193491284,15.724045630137853,0,-1.0
s10,c3,0,15.984351193491284,16.0,15.984351193491284,0,-1.0
s10,c3,1,15.984351193491284,16.0,15.724045630137853,0,-1.0
s11,c4,0,0.0,0.06571851832914562,0.0,0,-1.0
s11,c4,1,0.0,0.06571851832914562,0.0,1,-1.0
s11,c4,0,0.06571851832914562,0.5210390777240719,0.0,1,-1.0
s11,c4,1,0.06571851832914562,0.5210390777240719,0.06571851832914562,0,-1.0
s11,c4,0,0.5210390777240719,0.7315164163858182,0.5210390777240719,0,-1.0
s11,c4,1,0.5210390777240719,0.7315164163858182,0.06571851832914562,1,-1.0
s11,c4,0,0.7315164163858182,1.0591715577334648,0.5210390777240719,0,-1.0
s11,c4,1,0.7315164163858182,1.0591715577334648,0.7315164163858182,1,-1.0
s11,c4,0,1.0591715577334648,1.4429462196017593,0.5210390777240719,0,-1.0
s11,c4,1,1.0591715577334648,1.4429462196017593,1.0591715577334648,1,-1.0
s11,c4,0,1.4429462196017593,1.584392511423102,0.5210390777240719,0,-1.0
s11,c4,1,1.4429462196017593,1.584392511423102,1.4429462196017593,1,-1.0
s11,c4,0,1.584392511423102,1.7643706766248433,0.5210390777240719,0,-1.0
s11,c4,1,1.584392511423102,1.7643706766248433,1.584392511423102,1,-1.0
s11,c4,0,1.7643706766248433,2.5459945695481503,0.5210390777240719,0,-1.0
s11,c4,1,1.7643706766248433,2.5459945695481503,1.7643706766248433,1,-1.0
s11,c4,0,2.5459945695481503,2.5675731417558967,0.5210390777240719,0,-1.0
s11,c4,1,2.5459945695481503,2.5675731417558967,2.5459945695481503,1,-1.0
s11,c4,0,2.5675731417558967,2.632958009580796,0.5210390777240719,1,-1.0
s11,c4,1,2.5675731417558967,2.632958009580796,2.5675731417558967,0,-1.0
s11,c4,0,2.632958009580796,2.646227856858897,2.632958009580796,0,-1.0
s11,c4,1,2.632958009580796,2.646227856858897,2.5675731417558967,1,-1.0
s11,c4,0,2.646227856858897,2.9333842577982896,2.632958009580796,0,-1.0
s11,c4,1,2.646227856858897,2.9333842577982896,2.646227856858897,1,-1.0
s11,c4,0,2.9333842577982896,3.5219903137024833,2.632958009580796,1,-1.0
s11,c4,1,2.9333842577982896,3.5219903137024833,2.9333842577982896,0,-1.0
s11,c4,0,3.5219903137024833,3.657586324714143,3.5219903137024833,0,-1.0
s11,c4,1,3.5219903137024833,3.657586324714143,2.9333842577982896,1,-1.0
s11,c4,0,3.657586324714143,4.236934995424807,3.5219903137024833,1,-1.0
s11,c4,1,3.657586324714143,4.236934995424807,3.657586324714143,0,-1.0
s11,c4,0,4.236934995424807,4.937841280114689,4.236934995424807,0,-1.0
s11,c4,1,4.236934995424807,4.937841280114689,3.657586324714143,1,-1.0
s11,c4,0,4.937841280114689,5.044107837219791,4.236934995424807,1,-1.0
s11,c4,1,4.937841280114689,5.044107837219791,4.937841280114689,0,-1.0
s11,c4,0,5.044107837219791,5.275836705144302,5.044107837219791,0,-1.0
s11,c4,1,5.044107837219791,5.275836705144302,4.937841280114689,1,-1.0
s11,c4,0,5.275836705144302,5.377700310991453,5.044107837219791,1,-1.0
s11,c4,1,5.275836705144302,5.377700310991453,5.275836705144302,0,-1.0
s11,c4,0,5.377700310991453,5.834325952114479,5.377700310991453,0,-1.0
s11,c4,1,5.377700310991453,5.834325952114479,5.275836705144302,1,-1.0
s11,c4,0,5.834325952114479,6.027820493132771,5.377700310991453,1,-1.0
s11,c4,1,5.834325952114479,6.027820493132771,5.834325952114479,0,-1.0
s11,c4,0,6.027820493132771,6.10340800411629,6.027820493132771,1,-1.0
s11,c4,1,6.027820493132771,6.10340800411629,5.834325952114479,0,-1.0
s11,c4,0,6.10340800411629,6.55861832746739,6.10340800411629,0,-1.0
s11,c4,1,6.10340800411629,6.55861832746739,5.834325952114479,1,-1.0
s11,c4,0,6.55861832746739,6.654233630187885,6.10340800411629,0,-1.0
s11,c4,1,6.55861832746739,6.654233630187885,6.55861832746739,1,-1.0
s11,c4,0,6.654233630187885,7.129137212829425,6.10340800411629,1,-1.0
s11,c4,1,6.654233630187885,7.129137212829425,6.654233630187885,0,-1.0
s11,c4,0,7.129137212829425,7.164059394658488,7.129137212829425,1,-1.0
s11,c4,1,7.129137212829425,7.164059394658488,6.654233630187885,0,-1.0
s11,c4,0,7.164059394658488,7.300167196459776,7.164059394658488,0,-1.0
s11,c4,1,7.164059394658488,7.300167196459776,6.654233630187885,1,-1.0
s11,c4,0,7.300167196459776,7.312184436849079,7.164059394658488,0,-1.0
s11,c4,1,7.300167196459776,7.312184436849079,7.300167196459776,1,-1.0
s11,c4,0,7.312184436849079,7.755319470336267,7.164059394658488,0,-1.0
s11,c4,1,7.312184436849079,7.755319470336267,7.312184436849079,1,-1.0
s11,c4,0,7.755319470336267,7.809812923402824,7.164059394658488,0,-1.0
s11,c4,1,7.755319470336267,7.809812923402824,7.755319470336267,1,-1.0
s11,c4,0,7.809812923402824,7.868966891360772,7.164059394658488,0,-1.0
s11,c4,1,7.809812923402824,7.868966891360772,7.809812923402824,0,-1.0
s11,c4,0,7.868966891360772,7.878582073633503,7.164059394658488,0,-1.0
s11,c4,1,7.868966891360772,7.878582073633503,7.809812923402824,1,-1.0
s11,c4,0,7.878582073633503,8.03184707716557,7.164059394658488,0,-1.0
s11,c4,1,7.878582073633503,8.03184707716557,7.878582073633503,1,-1.0
s11,c4,0,8.03184707716557,8.173872624477132,7.164059394658488,0,-1.0
s11,c4,1,8.03184707716557,8.173872624477132,8.03184707716557,1,-1.0
s11,c4,0,8.173872624477132,8.460276048952192,7.164059394658488,0,-1.0
s11,c4,1,8.173872624477132,8.460276048952192,8.173872624477132,0,-1.0
s11,c4,0,8.460276048952192,8.835158053107763,7.164059394658488,0,-1.0
s11,c4,1,8.460276048952192,8.835158053107763,8.173872624477132,1,-1.0
s11,c4,0,8.835158053107763,9.05745249549145,7.164059394658488,0,-1.0
s11,c4,1,8.835158053107763,9.05745249549145,8.835158053107763,1,-1.0
s11,c4,0,9.05745249549145,9.274328386158876,7.164059394658488,0,-1.0
s11,c4,1,9.05745249549145,9.274328386158876,9.05745249549145,1,-1.0
s11,c4,0,9.274328386158876,9.552082657149155,7.164059394658488,0,-1.0
s11,c4,1,9.274328386158876,9.552082657149155,9.274328386158876,1,-1.0
s11,c4,0,9.552082657149155,9.595426999176007,7.164059394658488,1,-1.0
s11,c4,1,9.552082657149155,9.595426999176007,9.552082657149155,0,-1.0
s11,c4,0,9.595426999176007,9.90230735498156,9.595426999176007,0,-1.0
s11,c4,1,9.595426999176007,9.90230735498156,9.552082657149155,1,-1.0
s11,c4,0,9.90230735498156,10.062132135041761,9.595426999176007,0,-1.0
s11,c4,1,9.90230735498156,10.062132135041761,9.90230735498156,1,-1.0
s11,c4,0,10.062132135041761,10.186198836838399,9.595426999176007,0,-1.0
s11,c4,1,10.062132135041761,10.186198836838399,10.062132135041761,1,-1.0
s11,c4,0,10.186198836838399,10.207583837305286,9.595426999176007,0,-1.0
s11,c4,1,10.186198836838399,10.207583837305286,10.186198836838399,1,-1.0
s11,c4,0,10.207583837305286,10.208825179007466,9.595426999176007,0,-1.0
s11,c4,1,10.207583837305286,10.208825179007466,10.207583837305286,1,-1.0
s11,c4,0,10.208825179007466,10.274769116966526,9.595426999176007,0,-1.0
s11,c4,1,10.208825179007466,10.274769116966526,10.208825179007466,1,-1.0
s11,c4,0,10.274769116966526,10.280751343361995,9.595426999176007,0,-1.0
s11,c4,1,10.274769116966526,10.280751343361995,10.274769116966526,1,-1.0
s11,c4,0,10.280751343361995,10.916383058490489,9.595426999176007,0,-1.0
s11,c4,1,10.280751343361995,10.916383058490489,10.280751343361995,1,-1.0
s11,c4,0,10.916383058490489,11.032712901444302,9.595426999176007,0,-1.0
s11,c4,1,10.916383058490489,11.032712901444302,10.916383058490489,1,-1.0
s11,c4,0,11.032712901444302,11.199144257783743,9.595426999176007,0,-1.0
s11,c4,1,11.032712901444302,11.199144257783743,11.032712901444302,1,-1.0
s11,c4,0,11.199144257783743,11.366062649972438,9.595426999176007,0,-1.0
s11,c4,1,11.199144257783743,11.366062649972438,11.199144257783743,1,-1.0
s11,c4,0,11.366062649972438,11.383695757065349,9.595426999176007,0,-1.0
s11,c4,1,11.366062649972438,11.383695757065349,11.366062649972438,1,-1.0
s11,c4,0,11.383695757065349,11.511767783498968,9.595426999176007,0,-1.0
s11,c4,1,11.383695757065349,11.511767783498968,11.383695757065349,1,-1.0
s11,c4,0,11.511767783498968,11.646485744038543,9.595426999176007,0,-1.0
s11,c4,1,11.511767783498968,11.646485744038543,11.511767783498968,1,-1.0
s11,c4,0,11.646485744038543,12.171521715861727,9.595426999176007,1,-1.0
s11,c4,1,11.646485744038543,12.171521715861727,11.646485744038543,0,-1.0
s11,c4,0,12.171521715861727,12.630817478375164,12.171521715861727,0,-1.0
s11,c4,1,12.171521715861727,12.630817478375164,11.646485744038543,1,-1.0
s11,c4,0,12.630817478375164,12.779708283527988,12.171521715861727,0,-1.0
s11,c4,1,12.630817478375164,12.779708283527988,12.630817478375164,1,-1.0
s11,c4,0,12.779708283527988,13.00871664481547,12.171521715861727,0,-1.0
s11,c4,1,12.779708283527988,13.00871664481547,12.779708283527988,1,-1.0
s11,c4,0,13.00871664481547,13.328345091322687,12.171521715861727,0,-1.0
s11,c4,1,13.00871664481547,13.328345091322687,13.00871664481547,1,-1.0
s11,c4,0,13.328345091322687,13.748560041898626,12.171521715861727,0,-1.0
s11,c4,1,13.328345091322687,13.748560041898626,13.328345091322687,1,-1.0
s11,c4,0,13.748560041898626,14.129802865481825,12.171521715861727,0,-1.0
s11,c4,1,13.748560041898626,14.129802865481825,13.748560041898626,1,-1.0
s11,c4,0,14.129802865481825,14.24145892298821,12.171521715861727,0,-1.0
s11,c4,1,14.129802865481825,14.24145892298821,14.129802865481825,1,-1.0
s11,c4,0,14.24145892298821,14.601410274387622,12.171521715861727,0,-1.0
s11,c4,1,14.24145892298821,14.601410274387622,14.24145892298821,1,-1.0
s11,c4,0,14.601410274387622,14.855990722947784,12.171521715861727,0,-1.0
s11,c4,1,14.601410274387622,14.855990722947784,14.601410274387622,0,-1.0
s11,c4,0,14.855990722947784,14.979284529162776,12.171521715861727,1,-1.0
s11,c4,1,14.855990722947784,14.979284529162776,14.601410274387622,0,-1.0
s11,c4,0,14.979284529162776,14.983953653807237,14.979284529162776,0,-1.0
s11,c4,1,14.979284529162776,14.983953653807237,14.601410274387622,0,-1.0
s11,c4,0,14.983953653807237,15.91772250503637,14.979284529162776,1,-1.0
s11,c4,1,14.983953653807237,15.91772250503637,14.601410274387622,0,-1.0
s11,c4,0,15.91772250503637,16.0,15.91772250503637,0,-1.0
s11,c4,1,15.91772250503637,16.0,14.601410274387622,0,-1.0
s12,c4,0,0.0,0.5654749194184103,0.0,0,-1.0
s12,c4,1,0.0,0.5654749194184103,0.0,1,-1.0
s12,c4,0,0.5654749194184103,0.702413022116127,0.0,1,-1.0
s12,c4,1,0.5654749194184103,0.702413022116127,0.5654749194184103,0,-1.0
s12,c4,0,0.702413022116127,1.0220919277183738,0.702413022116127,0,-1.0
s12,c4,1,0.702413022116127,1.0220919277183738,0.5654749194184103,1,-1.0
s12,c4,0,1.0220919277183738,1.0994197725672454,0.702413022116127,0,-1.0
s12,c4,1,1.0220919277183738,1.0994197725672454,1.0220919277183738,1,-1.0
s12,c4,0,1.0994197725672454,1.170355058288104,0.702413022116127,0,-1.0
s12,c4,1,1.0994197725672454,1.170355058288104,1.0994197725672454,1,-1.0
s12,c4,0,1.170355058288104,1.86099920334286,0.702413022116127,0,-1.0
s12,c4,1,1.170355058288104,1.86099920334286,1.170355058288104,1,-1.0
s12,c4,0,1.86099920334286,2.0904943719997258,0.702413022116127,0,-1.0
s12,c4,1,1.86099920334286,2.0904943719997258,1.86099920334286,1,-1.0
s12,c4,0,2.0904943719997258,2.706171778388278,0.702413022116127,0,-1.0
s12,c4,1,2.0904943719997258,2.706171778388278,2.0904943719997258,1,-1.0
s12,c4,0,2.706171778388278,2.9377540509484783,0.702413022116127,0,-1.0
s12,c4,1,2.706171778388278,2.9377540509484783,2.706171778388278,1,-1.0
s12,c4,0,2.9377540509484783,3.098827098419513,0.702413022116127,1,-1.0
s12,c4,1,2.9377540509484783,3.098827098419513,2.9377540509484783,0,-1.0
s12,c4,0,3.098827098419513,3.1596104137391765,3.098827098419513,0,-1.0
s12,c4,1,3.098827098419513,3.1596104137391765,2.9377540509484783,1,-1.0
s12,c4,0,3.1596104137391765,3.429327922836905,3.098827098419513,0,-1.0
s12,c4,1,3.1596104137391765,3.429327922836905,3.1596104137391765,0,-1.0
s12,c4,0,3.429327922836905,3.4448635753235037,3.098827098419513,0,-1.0
s12,c4,1,3.429327922836905,3.4448635753235037,3.1596104137391765,1,-1.0
s12,c4,0,3.4448635753235037,3.5167867964516075,3.098827098419513,0,-1.0
s12,c4,1,3.4448635753235037,3.5167867964516075,3.4448635753235037,1,-1.0
s12,c4,0,3.5167867964516075,3.597539899231235,3.098827098419513,1,-1.0
s12,c4,1,3.5167867964516075,3.597539899231235,3.5167867964516075,0,-1.0
s12,c4,0,3.597539899231235,3.6631937767835447,3.597539899231235,0,-1.0
s12,c4,1,3.597539899231235,3.6631937767835447,3.5167867964516075,1,-1.0
s12,c4,0,3.6631937767835447,4.067914334211262,3.597539899231235,0,-1.0
s12,c4,1,3.6631937767835447,4.067914334211262,3.6631937767835447,1,-1.0
s12,c4,0,4.067914334211262,4.361511239764049,3.597539899231235,1,-1.0
s12,c4,1,4.067914334211262,4.361511239764049,4.067914334211262,0,-1.0
s12,c4,0,4.361511239764049,4.558905905940442,4.361511239764049,0,-1.0
s12,c4,1,4.361511239764049,4.558905905940442,4.067914334211262,1,-1.0
s12,c4,0,4.558905905940442,5.260703542934065,4.361511239764049,0,-1.0
s12,c4,1,4.558905905940442,5.260703542934065,4.558905905940442,1,-1.0
s12,c4,0,5.260703542934065,6.5676423946253735,4.361511239764049,1,-1.0
s12,c4,1,5.260703542934065,6.5676423946253735,5.260703542934065,0,-1.0
s12,c4,0,6.5676423946253735,6.677097919162373,6.5676423946253735,0,-1.0
s12,c4,1,6.5676423946253735,6.677097919162373,5.260703542934065,1,-1.0
s12,c4,0,6.677097919162373,7.061547832052343,6.5676423946253735,0,-1.0
s12,c4,1,6.677097919162373,7.061547832052343,6.677097919162373,1,-1.0
s12,c4,0,7.061547832052343,7.1656845750163365,6.5676423946253735,0,-1.0
s12,c4,1,7.061547832052343,7.1656845750163365,7.061547832052343,1,-1.0
s12,c4,0,7.1656845750163365,7.24112567706529,6.5676423946253735,1,-1.0
s12,c4,1,7.1656845750163365,7.24112567706529,7.1656845750163365,0,-1.0
s12,c4,0,7.24112567706529,7.448965063123954,7.24112567706529,0,-1.0
s12,c4,1,7.24112567706529,7.448965063123954,7.1656845750163365,1,-1.0
s12,c4,0,7.448965063123954,7.5806369094607025,7.24112567706529,0,-1.0
s12,c4,1,7.448965063123954,7.5806369094607025,7.448965063123954,1,-1.0
s12,c4,0,7.5806369094607025,7.664661649994903,7.24112567706529,0,-1.0
s12,c4,1,7.5806369094607025,7.664661649994903,7.5806369094607025,1,-1.0
s12,c4,0,7.664661649994903,7.703213107518835,7.24112567706529,0,-1.0
s12,c4,1,7.664661649994903,7.703213107518835,7.664661649994903,0,-1.0
s12,c4,0,7.703213107518835,8.046249603410203,7.24112567706529,0,-1.0
s12,c4,1,7.703213107518835,8.046249603410203,7.664661649994903,1,-1.0
s12,c4,0,8.046249603410203,8.475169623333874,7.24112567706529,0,-1.0
s12,c4,1,8.046249603410203,8.475169623333874,8.046249603410203,1,-1.0
s12,c4,0,8.475169623333874,8.510922539947288,7.24112567706529,0,-1.0
s12,c4,1,8.475169623333874,8.510922539947288,8.475169623333874,1,-1.0
s12,c4,0,8.510922539947288,9.232557159778647,7.24112567706529,1,-1.0
s12,c4,1,8.510922539947288,9.232557159778647,8.510922539947288,0,-1.0
s12,c4,0,9.232557159778647,9.68476306149008,9.232557159778647,1,-1.0
s12,c4,1,9.232557159778647,9.68476306149008,8.510922539947288,0,-1.0
s12,c4,0,9.68476306149008,9.792174076580995,9.68476306149008,0,-1.0
s12,c4,1,9.68476306149008,9.792174076580995,8.510922539947288,0,-1.0
s12,c4,0,9.792174076580995,10.18378257018825,9.68476306149008,0,-1.0
s12,c4,1,9.792174076580995,10.18378257018825,8.510922539947288,1,-1.0
s12,c4,0,10.18378257018825,10.232966063367856,9.68476306149008,0,-1.0
s12,c4,1,10.18378257018825,10.232966063367856,10.18378257018825,1,-1.0
s12,c4,0,10.232966063367856,11.971070886195461,9.68476306149008,0,-1.0
s12,c4,1,10.232966063367856,11.971070886195461,10.232966063367856,1,-1.0
s12,c4,0,11.971070886195461,12.154064688831419,9.68476306149008,0,-1.0
s12,c4,1,11.971070886195461,12.154064688831419,11.971070886195461,1,-1.0
s12,c4,0,12.154064688831419,12.29614773326861,9.68476306149008,0,-1.0
s12,c4,1,12.154064688831419,12.29614773326861,12.154064688831419,1,-1.0
s12,c4,0,12.29614773326861,12.379127470439661,9.68476306149008,0,-1.0
s12,c4,1,12.29614773326861,12.379127470439661,12.29614773326861,0,-1.0
s12,c4,0,12.379127470439661,13.027029921226992,9.68476306149008,0,-1.0
s12,c4,1,12.379127470439661,13.027029921226992,12.29614773326861,0,-1.0
s12,c4,0,13.027029921226992,13.479846353332686,9.68476306149008,0,-1.0
s12,c4,1,13.027029921226992,13.479846353332686,12.29614773326861,1,-1.0
s12,c4,0,13.479846353332686,13.572621291283356,9.68476306149008,0,-1.0
s12,c4,1,13.479846353332686,13.572621291283356,13.479846353332686,0,-1.0
s12,c4,0,13.572621291283356,13.878188268870003,9.68476306149008,1,-1.0
s12,c4,1,13.572621291283356,13.878188268870003,13.479846353332686,0,-1.0
s12,c4,0,13.878188268870003,13.980616393381675,13.878188268870003,0,-1.0
s12,c4,1,13.878188268870003,13.980616393381675,13.479846353332686,1,-1.0
s12,c4,0,13.980616393381675,14.337723089323294,13.878188268870003,0,-1.0
s12,c4,1,13.980616393381675,14.337723089323294,13.980616393381675,1,-1.0
s12,c4,0,14.337723089323294,14.628805645563043,13.878188268870003,0,-1.0
s12,c4,1,14.337723089323294,14.628805645563043,14.337723089323294,1,-1.0
s12,c4,0,14.628805645563043,14.66654619436665,13.878188268870003,0,-1.0
s12,c4,1,14.628805645563043,14.66654619436665,14.628805645563043,1,-1.0
s12,c4,0,14.66654619436665,14.894071083879696,13.878188268870003,0,-1.0
s12,c4,1,14.66654619436665,14.894071083879696,14.66654619436665,1,-1.0
s12,c4,0,14.894071083879696,15.088303993563152,13.878188268870003,0,-1.0
s12,c4,1,14.894071083879696,15.088303993563152,14.894071083879696,1,-1.0
s12,c4,0,15.088303993563152,15.163435328909738,13.878188268870003,0,-1.0
s12,c4,1,15.088303993563152,15.163435328909738,15.088303993563152,1,-1.0
s12,c4,0,15.163435328909738,15.393649751192376,13.878188268870003,0,-1.0
s12,c4,1,15.163435328909738,15.393649751192376,15.163435328909738,1,-1.0
s12,c4,0,15.393649751192376,15.561950312134327,13.878188268870003,0,-1.0
s12,c4,1,15.393649751192376,15.561950312134327,15.393649751192376,1,-1.0
s12,c4,0,15.561950312134327,15.603529483096823,13.878188268870003,0,-1.0
s12,c4,1,15.561950312134327,15.603529483096823,15.561950312134327,1,-1.0
s12,c4,0,15.603529483096823,15.898621038286002,13.878188268870003,0,-1.0
s12,c4,1,15.603529483096823,15.898621038286002,15.603529483096823,1,-1.0
s12,c4,0,15.898621038286002,15.965193795666856,13.878188268870003,1,-1.0
s12,c4,1,15.898621038286002,15.965193795666856,15.898621038286002,0,-1.0
s12,c4,0,15.965193795666856,16.0,15.965193795666856,0,-1.0
s12,c4,1,15.965193795666856,16.0,15.898621038286002,0,-1.0
s13,c4,0,0.0,0.015579333330951219,0.0,1,1.0
s13,c4,1,0.0,0.015579333330951219,0.0,0,1.0
s13,c4,0,0.015579333330951219,0.2761702539114127,0.015579333330951219,1,1.0
s13,c4,1,0.015579333330951219,0.2761702539114127,0.0,0,1.0
s13,c4,0,0.2761702539114127,0.30705855711483515,0.2761702539114127,0,1.0
s13,c4,1,0.2761702539114127,0.30705855711483515,0.0,1,1.0
s13,c4,0,0.30705855711483515,0.36357811416572383,0.2761702539114127,0,1.0
s13,c4,1,0.30705855711483515,0.36357811416572383,0.30705855711483515,1,1.0
s13,c4,0,0.36357811416572383,0.5731388023122546,0.2761702539114127,0,1.0
s13,c4,1,0.36357811416572383,0.5731388023122546,0.36357811416572383,1,1.0
s13,c4,0,0.5731388023122546,0.703265833116871,0.2761702539114127,0,1.0
s13,c4,1,0.5731388023122546,0.703265833116871,0.5731388023122546,1,1.0
s13,c4,0,0.703265833116871,0.937703304776033,0.2761702539114127,0,1.0
s13,c4,1,0.703265833116871,0.937703304776033,0.703265833116871,1,1.0
s13,c4,0,0.937703304776033,1.3541028012824754,0.2761702539114127,0,1.0
s13,c4,1,0.937703304776033,1.3541028012824754,0.937703304776033,1,1.0
s13,c4,0,1.3541028012824754,1.8183775559570263,0.2761702539114127,0,1.0
s13,c4,1,1.3541028012824754,1.8183775559570263,1.3541028012824754,1,1.0
s13,c4,0,1.8183775559570263,2.335999711777003,0.2761702539114127,1,1.0
s13,c4,1,1.8183775559570263,2.335999711777003,1.8183775559570263,0,1.0
s13,c4,0,2.335999711777003,2.6152897822325327,2.335999711777003,0,1.0
s13,c4,1,2.335999711777003,2.6152897822325327,1.8183775559570263,0,1.0
s13,c4,0,2.6152897822325327,2.725886227532461,2.335999711777003,0,1.0
s13,c4,1,2.6152897822325327,2.725886227532461,1.8183775559570263,0,1.0
s13,c4,0,2.725886227532461,2.734756988181153,2.335999711777003,0,1.0
s13,c4,1,2.725886227532461,2.734756988181153,1.8183775559570263,1,1.0
s13,c4,0,2.734756988181153,2.7924458942920416,2.335999711777003,1,1.0
s13,c4,1,2.734756988181153,2.7924458942920416,2.734756988181153,0,1.0
s13,c4,0,2.7924458942920416,4.117878910714682,2.7924458942920416,0,1.0
s13,c4,1,2.7924458942920416,4.117878910714682,2.734756988181153,1,1.0
s13,c4,0,4.117878910714682,4.584681076723483,2.7924458942920416,0,1.0
s13,c4,1,4.117878910714682,4.584681076723483,4.117878910714682,1,1.0
s13,c4,0,4.584681076723483,4.624313974295768,2.7924458942920416,0,1.0
s13,c4,1,4.584681076723483,4.624313974295768,4.584681076723483,1,1.0
s13,c4,0,4.624313974295768,4.826496812431982,2.7924458942920416,1,1.0
s13,c4,1,4.624313974295768,4.826496812431982,4.624313974295768,0,1.0
s13,c4,0,4.826496812431982,4.899244825754216,4.826496812431982,1,1.0
s13,c4,1,4.826496812431982,4.899244825754216,4.624313974295768,0,1.0
s13,c4,0,4.899244825754216,4.996164223850729,4.899244825754216,0,1.0
s13,c4,1,4.899244825754216,4.996164223850729,4.624313974295768,1,1.0
s13,c4,0,4.996164223850729,5.136249467582204,4.899244825754216,0,1.0
s13,c4,1,4.996164223850729,5.136249467582204,4.996164223850729,1,1.0
s13,c4,0,5.136249467582204,5.396862278477166,4.899244825754216,1,1.0
s13,c4,1,5.136249467582204,5.396862278477166,5.136249467582204,0,1.0
s13,c4,0,5.396862278477166,5.529539598214551,5.396862278477166,0,1.0
s13,c4,1,5.396862278477166,5.529539598214551,5.136249467582204,1,1.0
s13,c4,0,5.529539598214551,5.9405743377463,5.396862278477166,1,1.0
s13,c4,1,5.529539598214551,5.9405743377463,5.529539598214551,0,1.0
s13,c4,0,5.9405743377463,5.951245394677444,5.9405743377463,1,1.0
s13,c4,1,5.9405743377463,5.951245394677444,5.529539598214551,0,1.0
s13,c4,0,5.951245394677444,6.25539271117343,5.951245394677444,0,1.0
s13,c4,1,5.951245394677444,6.25539271117343,5.529539598214551,1,1.0
s13,c4,0,6.25539271117343,6.968827104545426,5.951245394677444,0,1.0
s13,c4,1,6.25539271117343,6.968827104545426,6.25539271117343,1,1.0
s13,c4,0,6.968827104545426,7.189770355554434,5.951245394677444,0,1.0
s13,c4,1,6.968827104545426,7.189770355554434,6.968827104545426,1,1.0
s13,c4,0,7.189770355554434,7.324664788275423,5.951245394677444,0,1.0
s13,c4,1,7.189770355554434,7.324664788275423,7.189770355554434,1,1.0
s13,c4,0,7.324664788275423,7.406328829887408,5.951245394677444,0,1.0
s13,c4,1,7.324664788275423,7.406328829887408,7.324664788275423,1,1.0
s13,c4,0,7.406328829887408,7.789525178596148,5.951245394677444,0,1.0
s13,c4,1,7.406328829887408,7.789525178596148,7.406328829887408,1,1.0
s13,c4,0,7.789525178596148,8.380082858475665,5.951245394677444,0,1.0
s13,c4,1,7.789525178596148,8.380082858475665,7.789525178596148,1,1.0
s13,c4,0,8.380082858475665,8.72123495697886,5.951245394677444,1,1.0
s13,c4,1,8.380082858475665,8.72123495697886,8.380082858475665,0,1.0
s13,c4,0,8.72123495697886,9.122074435524704,8.72123495697886,1,1.0
s13,c4,1,8.72123495697886,9.122074435524704,8.380082858475665,0,1.0
s13,c4,0,9.122074435524704,9.24874836320946,9.122074435524704,1,1.0
s13,c4,1,9.122074435524704,9.24874836320946,8.380082858475665,0,1.0
s13,c4,0,9.24874836320946,9.401170389022129,9.24874836320946,1,1.0
s13,c4,1,9.24874836320946,9.401170389022129,8.380082858475665,0,1.0
s13,c4,0,9.401170389022129,9.570325029198276,9.401170389022129,1,1.0
s13,c4,1,9.401170389022129,9.570325029198276,8.380082858475665,0,1.0
s13,c4,0,9.570325029198276,9.725993427340297,9.570325029198276,1,1.0
s13,c4,1,9.570325029198276,9.725993427340297,8.380082858475665,0,1.0
s13,c4,0,9.725993427340297,9.923185204789021,9.725993427340297,0,1.0
s13,c4,1,9.725993427340297,9.923185204789021,8.380082858475665,0,1.0
s13,c4,0,9.923185204789021,10.608372469164934,9.725993427340297,1,1.0
s13,c4,1,9.923185204789021,10.608372469164934,8.380082858475665,0,1.0
s13,c4,0,10.608372469164934,10.905795470324787,10.608372469164934,1,1.0
s13,c4,1,10.608372469164934,10.905795470324787,8.380082858475665,0,1.0
s13,c4,0,10.905795470324787,11.144776419141706,10.905795470324787,0,1.0
s13,c4,1,10.905795470324787,11.144776419141706,8.380082858475665,0,1.0
s13,c4,0,11.144776419141706,11.275921119466199,10.905795470324787,0,1.0
s13,c4,1,11.144776419141706,11.275921119466199,8.380082858475665,0,1.0
s13,c4,0,11.275921119466199,11.3086041841819,10.905795470324787,1,1.0
s13,c4,1,11.275921119466199,11.3086041841819,8.380082858475665,0,1.0
s13,c4,0,11.3086041841819,12.167231636923077,11.3086041841819,0,1.0
s13,c4,1,11.3086041841819,12.167231636923077,8.380082858475665,0,1.0
s13,c4,0,12.167231636923077,12.178363718373937,11.3086041841819,0,1.0
s13,c4,1,12.167231636923077,12.178363718373937,8.380082858475665,0,1.0
s13,c4,0,12.178363718373937,12.80722206455295,11.3086041841819,1,1.0
s13,c4,1,12.178363718373937,12.80722206455295,8.380082858475665,0,1.0
s13,c4,0,12.80722206455295,12.809767272300052,12.80722206455295,0,1.0
s13,c4,1,12.80722206455295,12.809767272300052,8.380082858475665,0,1.0
s13,c4,0,12.809767272300052,13.315583548655253,12.80722206455295,1,1.0
s13,c4,1,12.809767272300052,13.315583548655253,8.380082858475665,0,1.0
s13,c4,0,13.315583548655253,13.465528165525509,13.315583548655253,1,1.0
s13,c4,1,13.315583548655253,13.465528165525509,8.380082858475665,0,1.0
s13,c4,0,13.465528165525509,13.577472486880772,13.465528165525509,0,1.0
s13,c4,1,13.465528165525509,13.577472486880772,8.380082858475665,0,1.0
s13,c4,0,13.577472486880772,13.785555958237339,13.465528165525509,1,1.0
s13,c4,1,13.577472486880772,13.785555958237339,8.380082858475665,0,1.0
s13,c4,0,13.785555958237339,14.208052788627494,13.785555958237339,0,1.0
s13,c4,1,13.785555958237339,14.208052788627494,8.380082858475665,0,1.0
s13,c4,0,14.208052788627494,14.496562647244257,13.785555958237339,0,1.0
s13,c4,1,14.208052788627494,14.496562647244257,8.380082858475665,1,1.0
s13,c4,0,14.496562647244257,14.737108728893604,13.785555958237339,1,1.0
s13,c4,1,14.496562647244257,14.737108728893604,14.496562647244257,0,1.0
s13,c4,0,14.737108728893604,14.764090002076436,14.737108728893604,0,1.0
s13,c4,1,14.737108728893604,14.764090002076436,14.496562647244257,1,1.0
s13,c4,0,14.764090002076436,15.105663494502913,14.737108728893604,0,1.0
s13,c4,1,14.764090002076436,15.105663494502913,14.764090002076436,1,1.0
s13,c4,0,15.105663494502913,15.453208593043497,14.737108728893604,1,1.0
s13,c4,1,15.105663494502913,15.453208593043497,15.105663494502913,0,1.0
s13,c4,0,15.453208593043497,15.947621022590315,15.453208593043497,1,1.0
s13,c4,1,15.453208593043497,15.947621022590315,15.105663494502913,0,1.0
s13,c4,0,15.947621022590315,16.0,15.947621022590315,0,1.0
s13,c4,1,15.947621022590315,16.0,15.105663494502913,0,1.0
s14,c5,0,0.0,0.7989294882109206,0.0,0,-1.0
s14,c5,1,0.0,0.7989294882109206,0.0,1,-1.0
s14,c5,0,0.7989294882109206,0.9363533130447661,0.0,0,-1.0
s14,c5,1,0.7989294882109206,0.9363533130447661,0.7989294882109206,1,-1.0
s14,c5,0,0.9363533130447661,1.517058886124146,0.0,0,-1.0
s14,c5,1,0.9363533130447661,1.517058886124146,0.9363533130447661,1,-1.0
s14,c5,0,1.517058886124146,2.0122786474990626,0.0,0,-1.0
s14,c5,1,1.517058886124146,2.0122786474990626,1.517058886124146,1,-1.0
s14,c5,0,2.0122786474990626,2.2521703358640335,0.0,0,-1.0
s14,c5,1,2.0122786474990626,2.2521703358640335,2.0122786474990626,1,-1.0
s14,c5,0,2.2521703358640335,2.6820195751427156,0.0,0,-1.0
s14,c5,1,2.2521703358640335,2.6820195751427156,2.2521703358640335,1,-1.0
s14,c5,0,2.6820195751427156,3.2731495855777153,0.0,0,-1.0
s14,c5,1,2.6820195751427156,3.2731495855777153,2.6820195751427156,0,-1.0
s14,c5,0,3.2731495855777153,4.331530609851223,0.0,0,-1.0
s14,c5,1,3.2731495855777153,4.331530609851223,2.6820195751427156,1,-1.0
s14,c5,0,4.331530609851223,6.0748677911940785,0.0,0,-1.0
s14,c5,1,4.331530609851223,6.0748677911940785,4.331530609851223,0,-1.0
s14,c5,0,6.0748677911940785,7.656888764512669,0.0,0,-1.0
s14,c5,1,6.0748677911940785,7.656888764512669,4.331530609851223,0,-1.0
s14,c5,0,7.656888764512669,7.759157516863286,0.0,1,-1.0
s14,c5,1,7.656888764512669,7.759157516863286,4.331530609851223,0,-1.0
s14,c5,0,7.759157516863286,8.282469136582836,7.759157516863286,1,-1.0
s14,c5,1,7.759157516863286,8.282469136582836,4.331530609851223,0,-1.0
s14,c5,0,8.282469136582836,9.043406816459015,8.282469136582836,1,-1.0
s14,c5,1,8.282469136582836,9.043406816459015,4.331530609851223,0,-1.0
s14,c5,0,9.043406816459015,9.051235826845645,9.043406816459015,0,-1.0
s14,c5,1,9.043406816459015,9.051235826845645,4.331530609851223,0,-1.0
s14,c5,0,9.051235826845645,9.26398106835467,9.043406816459015,0,-1.0
s14,c5,1,9.051235826845645,9.26398106835467,4.331530609851223,1,-1.0
s14,c5,0,9.26398106835467,9.270584154805688,9.043406816459015,1,-1.0
s14,c5,1,9.26398106835467,9.270584154805688,9.26398106835467,0,-1.0
s14,c5,0,9.270584154805688,10.272847246290244,9.270584154805688,0,-1.0
s14,c5,1,9.270584154805688,10.272847246290244,9.26398106835467,1,-1.0
s14,c5,0,10.272847246290244,11.879155066426504,9.270584154805688,0,-1.0
s14,c5,1,10.272847246290244,11.879155066426504,10.272847246290244,0,-1.0
s14,c5,0,11.879155066426504,13.568304897495864,9.270584154805688,0,-1.0
s14,c5,1,11.879155066426504,13.568304897495864,10.272847246290244,1,-1.0
s14,c5,0,13.568304897495864,13.608477180311606,9.270584154805688,0,-1.0
s14,c5,1,13.568304897495864,13.608477180311606,13.568304897495864,1,-1.0
s14,c5,0,13.608477180311606,13.749553539241953,9.270584154805688,0,-1.0
s14,c5,1,13.608477180311606,13.749553539241953,13.608477180311606,0,-1.0
s14,c5,0,13.749553539241953,13.877533974857203,9.270584154805688,0,-1.0
s14,c5,1,13.749553539241953,13.877533974857203,13.608477180311606,0,-1.0
s14,c5,0,13.877533974857203,13.885626732642374,9.270584154805688,0,-1.0
s14,c5,1,13.877533974857203,13.885626732642374,13.608477180311606,1,-1.0
s14,c5,0,13.885626732642374,14.009064122847258,9.270584154805688,0,-1.0
s14,c5,1,13.885626732642374,14.009064122847258,13.885626732642374,0,-1.0
s14,c5,0,14.009064122847258,14.715013131204275,9.270584154805688,0,-1.0
s14,c5,1,14.009064122847258,14.715013131204275,13.885626732642374,1,-1.0
s14,c5,0,14.715013131204275,15.344476977412288,9.270584154805688,1,-1.0
s14,c5,1,14.715013131204275,15.344476977412288,14.715013131204275,0,-1.0
s14,c5,0,15.344476977412288,15.448024148513749,15.344476977412288,0,-1.0
s14,c5,1,15.344476977412288,15.448024148513749,14.715013131204275,1,-1.0
s14,c5,0,15.448024148513749,15.512431221053028,15.344476977412288,0,-1.0
s14,c5,1,15.448024148513749,15.512431221053028,15.448024148513749,1,-1.0
s14,c5,0,15.512431221053028,15.766493076193658,15.344476977412288,0,-1.0
s14,c5,1,15.512431221053028,15.766493076193658,15.512431221053028,1,-1.0
s14,c5,0,15.766493076193658,15.881890400156703,15.344476977412288,0,-1.0
s14,c5,1,15.766493076193658,15.881890400156703,15.766493076193658,1,-1.0
s14,c5,0,15.881890400156703,16.0,15.344476977412288,0,-1.0
s14,c5,1,15.881890400156703,16.0,15.881890400156703,0,-1.0
s15,c5,0,0.0,0.10958406741419642,0.0,1,-1.0
s15,c5,1,0.0,0.10958406741419642,0.0,0,-1.0
s15,c5,0,0.10958406741419642,0.2220164663903138,0.10958406741419642,0,-1.0
s15,c5,1,0.10958406741419642,0.2220164663903138,0.0,1,-1.0
s15,c5,0,0.2220164663903138,0.24181844193316882,0.10958406741419642,1,-1.0
s15,c5,1,0.2220164663903138,0.24181844193316882,0.2220164663903138,0,-1.0
s15,c5,0,0.24181844193316882,0.28032802901714093,0.24181844193316882,0,-1.0
s15,c5,1,0.24181844193316882,0.28032802901714093,0.2220164663903138,1,-1.0
s15,c5,0,0.28032802901714093,0.41097523962240207,0.24181844193316882,0,-1.0
s15,c5,1,0.28032802901714093,0.41097523962240207,0.28032802901714093,1,-1.0
s15,c5,0,0.41097523962240207,0.4771125275740349,0.24181844193316882,0,-1.0
s15,c5,1,0.41097523962240207,0.4771125275740349,0.41097523962240207,1,-1.0
s15,c5,0,0.4771125275740349,0.9766177805571401,0.24181844193316882,0,-1.0
s15,c5,1,0.4771125275740349,0.9766177805571401,0.4771125275740349,1,-1.0
s15,c5,0,0.9766177805571401,1.0874859408429327,0.24181844193316882,0,-1.0
s15,c5,1,0.9766177805571401,1.0874859408429327,0.9766177805571401,1,-1.0
s15,c5,0,1.0874859408429327,1.3767173439195999,0.24181844193316882,0,-1.0
s15,c5,1,1.0874859408429327,1.3767173439195999,1.0874859408429327,1,-1.0
s15,c5,0,1.3767173439195999,1.7081558330897764,0.24181844193316882,0,-1.0
s15,c5,1,1.3767173439195999,1.7081558330897764,1.3767173439195999,1,-1.0
s15,c5,0,1.7081558330897764,1.7134001261918124,0.24181844193316882,1,-1.0
s15,c5,1,1.7081558330897764,1.7134001261918124,1.7081558330897764,0,-1.0
s15,c5,0,1.7134001261918124,2.440247436369717,1.7134001261918124,0,-1.0
s15,c5,1,1.7134001261918124,2.440247436369717,1.7081558330897764,1,-1.0
s15,c5,0,2.440247436369717,3.026019419574696,1.7134001261918124,1,-1.0
s15,c5,1,2.440247436369717,3.026019419574696,2.440247436369717,0,-1.0
s15,c5,0,3.026019419574696,3.0363718890348053,3.026019419574696,0,-1.0
s15,c5,1,3.026019419574696,3.0363718890348053,2.440247436369717,0,-1.0
s15,c5,0,3.0363718890348053,3.120051382372373,3.026019419574696,1,-1.0
s15,c5,1,3.0363718890348053,3.120051382372373,2.440247436369717,0,-1.0
s15,c5,0,3.120051382372373,3.4690883873938176,3.120051382372373,0,-1.0
s15,c5,1,3.120051382372373,3.4690883873938176,2.440247436369717,1,-1.0
s15,c5,0,3.4690883873938176,3.729464600582605,3.120051382372373,0,-1.0
s15,c5,1,3.4690883873938176,3.729464600582605,3.4690883873938176,1,-1.0
s15,c5,0,3.729464600582605,3.891915478958619,3.120051382372373,1,-1.0
s15,c5,1,3.729464600582605,3.891915478958619,3.729464600582605,0,-1.0
s15,c5,0,3.891915478958619,3.9132843062296865,3.891915478958619,0,-1.0
s15,c5,1,3.891915478958619,3.9132843062296865,3.729464600582605,1,-1.0
s15,c5,0,3.9132843062296865,4.223095566081386,3.891915478958619,0,-1.0
s15,c5,1,3.9132843062296865,4.223095566081386,3.9132843062296865,1,-1.0
s15,c5,0,4.223095566081386,4.305689917744832,3.891915478958619,0,-1.0
s15,c5,1,4.223095566081386,4.305689917744832,4.223095566081386,1,-1.0
s15,c5,0,4.305689917744832,4.384958110850738,3.891915478958619,1,-1.0
s15,c5,1,4.305689917744832,4.384958110850738,4.305689917744832,0,-1.0
s15,c5,0,4.384958110850738,4.592107373060222,4.384958110850738,0,-1.0
s15,c5,1,4.384958110850738,4.592107373060222,4.305689917744832,1,-1.0
s15,c5,0,4.592107373060222,4.604653809090201,4.384958110850738,0,-1.0
s15,c5,1,4.592107373060222,4.604653809090201,4.592107373060222,0,-1.0
s15,c5,0,4.604653809090201,4.826753511071239,4.384958110850738,0,-1.0
s15,c5,1,4.604653809090201,4.826753511071239,4.592107373060222,1,-1.0
s15,c5,0,4.826753511071239,4.998875048662804,4.384958110850738,0,-1.0
s15,c5,1,4.826753511071239,4.998875048662804,4.826753511071239,1,-1.0
s15,c5,0,4.998875048662804,5.349172393753393,4.384958110850738,1,-1.0
s15,c5,1,4.998875048662804,5.349172393753393,4.998875048662804,0,-1.0
s15,c5,0,5.349172393753393,5.376496750528098,5.349172393753393,1,-1.0
s15,c5,1,5.349172393753393,5.376496750528098,4.998875048662804,0,-1.0
s15,c5,0,5.376496750528098,5.3769959681070985,5.376496750528098,0,-1.0
s15,c5,1,5.376496750528098,5.3769959681070985,4.998875048662804,1,-1.0
s15,c5,0,5.3769959681070985,5.403718294306233,5.376496750528098,1,-1.0
s15,c5,1,5.3769959681070985,5.403718294306233,5.3769959681070985,0,-1.0
s15,c5,0,5.403718294306233,5.712950519460675,5.403718294306233,0,-1.0
s15,c5,1,5.403718294306233,5.712950519460675,5.3769959681070985,1,-1.0
s15,c5,0,5.712950519460675,6.3591656577756055,5.403718294306233,0,-1.0
s15,c5,1,5.712950519460675,6.3591656577756055,5.712950519460675,1,-1.0
s15,c5,0,6.3591656577756055,6.813829309083726,5.403718294306233,0,-1.0
s15,c5,1,6.3591656577756055,6.813829309083726,6.3591656577756055,1,-1.0
s15,c5,0,6.813829309083726,6.821383107859274,5.403718294306233,0,-1.0
s15,c5,1,6.813829309083726,6.821383107859274,6.813829309083726,1,-1.0
s15,c5,0,6.821383107859274,7.071258851754383,5.403718294306233,1,-1.0
s15,c5,1,6.821383107859274,7.071258851754383,6.821383107859274,0,-1.0
s15,c5,0,7.071258851754383,7.127285637011652,7.071258851754383,0,-1.0
s15,c5,1,7.071258851754383,7.127285637011652,6.821383107859274,1,-1.0
s15,c5,0,7.127285637011652,7.8207022515776226,7.071258851754383,1,-1.0
s15,c5,1,7.127285637011652,7.8207022515776226,7.127285637011652,0,-1.0
s15,c5,0,7.8207022515776226,7.874552793500177,7.8207022515776226,0,-1.0
s15,c5,1,7.8207022515776226,7.874552793500177,7.127285637011652,1,-1.0
s15,c5,0,7.874552793500177,8.014499070825782,7.8207022515776226,0,-1.0
s15,c5,1,7.874552793500177,8.014499070825782,7.874552793500177,1,-1.0
s15,c5,0,8.014499070825782,8.228688880543807,7.8207022515776226,0,-1.0
s15,c5,1,8.014499070825782,8.228688880543807,8.014499070825782,1,-1.0
s15,c5,0,8.228688880543807,8.783840303433752,7.8207022515776226,1,-1.0
s15,c5,1,8.228688880543807,8.783840303433752,8.228688880543807,0,-1.0
s15,c5,0,8.783840303433752,9.24686918917591,8.783840303433752,0,-1.0
s15,c5,1,8.783840303433752,9.24686918917591,8.228688880543807,1,-1.0
s15,c5,0,9.24686918917591,9.67734947584421,8.783840303433752,0,-1.0
s15,c5,1,9.24686918917591,9.67734947584421,9.24686918917591,1,-1.0
s15,c5,0,9.67734947584421,10.501242020432143,8.783840303433752,0,-1.0
s15,c5,1,9.67734947584421,10.501242020432143,9.67734947584421,1,-1.0
s15,c5,0,10.501242020432143,10.51674665736488,8.783840303433752,0,-1.0
s15,c5,1,10.501242020432143,10.51674665736488,10.501242020432143,1,-1.0
s15,c5,0,10.51674665736488,10.52259569522674,8.783840303433752,0,-1.0
s15,c5,1,10.51674665736488,10.52259569522674,10.51674665736488,1,-1.0
s15,c5,0,10.52259569522674,10.561370704929914,8.783840303433752,0,-1.0
s15,c5,1,10.52259569522674,10.561370704929914,10.52259569522674,1,-1.0
s15,c5,0,10.561370704929914,11.032615331636716,8.783840303433752,0,-1.0
s15,c5,1,10.561370704929914,11.032615331636716,10.561370704929914,1,-1.0
s15,c5,0,11.032615331636716,11.040098263310883,8.783840303433752,0,-1.0
s15,c5,1,11.032615331636716,11.040098263310883,11.032615331636716,1,-1.0
s15,c5,0,11.040098263310883,11.72830193921632,8.783840303433752,0,-1.0
s15,c5,1,11.040098263310883,11.72830193921632,11.040098263310883,1,-1.0
s15,c5,0,11.72830193921632,11.803526545095274,8.783840303433752,0,-1.0
s15,c5,1,11.72830193921632,11.803526545095274,11.72830193921632,0,-1.0
s15,c5,0,11.803526545095274,12.052629099167175,8.783840303433752,0,-1.0
s15,c5,1,11.803526545095274,12.052629099167175,11.72830193921632,1,-1.0
s15,c5,0,12.052629099167175,13.27790955146106,8.783840303433752,0,-1.0
s15,c5,1,12.052629099167175,13.27790955146106,12.052629099167175,1,-1.0
s15,c5,0,13.27790955146106,13.426488027006934,8.783840303433752,0,-1.0
s15,c5,1,13.27790955146106,13.426488027006934,13.27790955146106,0,-1.0
s15,c5,0,13.426488027006934,13.666252814360638,8.783840303433752,0,-1.0
s15,c5,1,13.426488027006934,13.666252814360638,13.27790955146106,1,-1.0
s15,c5,0,13.666252814360638,14.050737077470798,8.783840303433752,0,-1.0
s15,c5,1,13.666252814360638,14.050737077470798,13.666252814360638,1,-1.0
s15,c5,0,14.050737077470798,14.4354645311372,8.783840303433752,0,-1.0
s15,c5,1,14.050737077470798,14.4354645311372,14.050737077470798,1,-1.0
s15,c5,0,14.4354645311372,14.655445636738492,8.783840303433752,0,-1.0
s15,c5,1,14.4354645311372,14.655445636738492,14.4354645311372,1,-1.0
s15,c5,0,14.655445636738492,15.382461670034925,8.783840303433752,0,-1.0
s15,c5,1,14.655445636738492,15.382461670034925,14.655445636738492,1,-1.0
s15,c5,0,15.382461670034925,15.391918130544138,8.783840303433752,0,-1.0
s15,c5,1,15.382461670034925,15.391918130544138,15.382461670034925,1,-1.0
s15,c5,0,15.391918130544138,15.422064574405546,8.783840303433752,0,-1.0
s15,c5,1,15.391918130544138,15.422064574405546,15.391918130544138,0,-1.0
s15,c5,0,15.422064574405546,16.0,8.783840303433752,0,-1.0
s15,c5,1,15.422064574405546,16.0,15.391918130544138,0,-1.0
s16,c5,0,0.0,0.06335571862965614,0.0,0,-1.0
s16,c5,1,0.0,0.06335571862965614,0.0,1,-1.0
s16,c5,0,0.06335571862965614,0.39831714433957677,0.0,0,-1.0
s16,c5,1,0.06335571862965614,0.39831714433957677,0.06335571862965614,1,-1.0
s16,c5,0,0.39831714433957677,0.45658950019892103,0.0,0,-1.0
s16,c5,1,0.39831714433957677,0.45658950019892103,0.39831714433957677,1,-1.0
s16,c5,0,0.45658950019892103,1.1366812583722454,0.0,0,-1.0
s16,c5,1,0.45658950019892103,1.1366812583722454,0.45658950019892103,1,-1.0
s16,c5,0,1.1366812583722454,1.2332336657556942,0.0,0,-1.0
s16,c5,1,1.1366812583722454,1.2332336657556942,1.1366812583722454,1,-1.0
s16,c5,0,1.2332336657556942,1.489321765589358,0.0,0,-1.0
s16,c5,1,1.2332336657556942,1.489321765589358,1.2332336657556942,1,-1.0
s16,c5,0,1.489321765589358,2.956763599413619,0.0,0,-1.0
s16,c5,1,1.489321765589358,2.956763599413619,1.489321765589358,1,-1.0
s16,c5,0,2.956763599413619,3.221288933876404,0.0,0,-1.0
s16,c5,1,2.956763599413619,3.221288933876404,2.956763599413619,1,-1.0
s16,c5,0,3.221288933876404,3.3585660976087777,0.0,0,-1.0
s16,c5,1,3.221288933876404,3.3585660976087777,3.221288933876404,0,-1.0
s16,c5,0,3.3585660976087777,3.9483638630237454,0.0,0,-1.0
s16,c5,1,3.3585660976087777,3.9483638630237454,3.221288933876404,1,-1.0
s16,c5,0,3.9483638630237454,4.059506921343297,0.0,1,-1.0
s16,c5,1,3.9483638630237454,4.059506921343297,3.9483638630237454,0,-1.0
s16,c5,0,4.059506921343297,4.188413351760457,4.059506921343297,0,-1.0
s16,c5,1,4.059506921343297,4.188413351760457,3.9483638630237454,1,-1.0
s16,c5,0,4.188413351760457,4.2358898319586675,4.059506921343297,0,-1.0
s16,c5,1,4.188413351760457,4.2358898319586675,4.188413351760457,1,-1.0
s16,c5,0,4.2358898319586675,4.712798763183942,4.059506921343297,0,-1.0
s16,c5,1,4.2358898319586675,4.712798763183942,4.2358898319586675,1,-1.0
s16,c5,0,4.712798763183942,5.445303086375568,4.059506921343297,1,-1.0
s16,c5,1,4.712798763183942,5.445303086375568,4.712798763183942,0,-1.0
s16,c5,0,5.445303086375568,5.512698094435464,5.445303086375568,0,-1.0
s16,c5,1,5.445303086375568,5.512698094435464,4.712798763183942,1,-1.0
s16,c5,0,5.512698094435464,6.686811736753303,5.445303086375568,1,-1.0
s16,c5,1,5.512698094435464,6.686811736753303,5.512698094435464,0,-1.0
s16,c5,0,6.686811736753303,7.07562406863664,6.686811736753303,0,-1.0
s16,c5,1,6.686811736753303,7.07562406863664,5.512698094435464,0,-1.0
s16,c5,0,7.07562406863664,7.224439484858899,6.686811736753303,0,-1.0
s16,c5,1,7.07562406863664,7.224439484858899,5.512698094435464,1,-1.0
s16,c5,0,7.224439484858899,7.5299586884625525,6.686811736753303,0,-1.0
s16,c5,1,7.224439484858899,7.5299586884625525,7.224439484858899,1,-1.0
s16,c5,0,7.5299586884625525,7.610323841822449,6.686811736753303,0,-1.0
s16,c5,1,7.5299586884625525,7.610323841822449,7.5299586884625525,1,-1.0
s16,c5,0,7.610323841822449,8.537997338250996,6.686811736753303,0,-1.0
s16,c5,1,7.610323841822449,8.537997338250996,7.610323841822449,1,-1.0
s16,c5,0,8.537997338250996,8.53839916360555,6.686811736753303,0,-1.0
s16,c5,1,8.537997338250996,8.53839916360555,8.537997338250996,1,-1.0
s16,c5,0,8.53839916360555,8.572115453811652,6.686811736753303,0,-1.0
s16,c5,1,8.53839916360555,8.572115453811652,8.53839916360555,1,-1.0
s16,c5,0,8.572115453811652,8.70268795808776,6.686811736753303,0,-1.0
s16,c5,1,8.572115453811652,8.70268795808776,8.572115453811652,1,-1.0
s16,c5,0,8.70268795808776,9.091914350401584,6.686811736753303,1,-1.0
s16,c5,1,8.70268795808776,9.091914350401584,8.70268795808776,0,-1.0
s16,c5,0,9.091914350401584,9.368216114984994,9.091914350401584,0,-1.0
s16,c5,1,9.091914350401584,9.368216114984994,8.70268795808776,1,-1.0
s16,c5,0,9.368216114984994,9.524301481379336,9.091914350401584,0,-1.0
s16,c5,1,9.368216114984994,9.524301481379336,9.368216114984994,1,-1.0
s16,c5,0,9.524301481379336,9.770769348987455,9.091914350401584,0,-1.0
s16,c5,1,9.524301481379336,9.770769348987455,9.524301481379336,1,-1.0
s16,c5,0,9.770769348987455,9.858595452126163,9.091914350401584,0,-1.0
s16,c5,1,9.770769348987455,9.858595452126163,9.770769348987455,1,-1.0
s16,c5,0,9.858595452126163,10.088859065755951,9.091914350401584,0,-1.0
s16,c5,1,9.858595452126163,10.088859065755951,9.858595452126163,1,-1.0
s16,c5,0,10.088859065755951,10.937704722951684,9.091914350401584,0,-1.0
s16,c5,1,10.088859065755951,10.937704722951684,10.088859065755951,1,-1.0
s16,c5,0,10.937704722951684,10.95558826538791,9.091914350401584,0,-1.0
s16,c5,1,10.937704722951684,10.95558826538791,10.937704722951684,1,-1.0
s16,c5,0,10.95558826538791,11.262607971158529,9.091914350401584,0,-1.0
s16,c5,1,10.95558826538791,11.262607971158529,10.95558826538791,1,-1.0
s16,c5,0,11.262607971158529,11.54485963604226,9.091914350401584,1,-1.0
s16,c5,1,11.262607971158529,11.54485963604226,11.262607971158529,0,-1.0
s16,c5,0,11.54485963604226,12.053459493435833,11.54485963604226,0,-1.0
s16,c5,1,11.54485963604226,12.053459493435833,11.262607971158529,1,-1.0
s16,c5,0,12.053459493435833,12.293872061845784,11.54485963604226,0,-1.0
s16,c5,1,12.053459493435833,12.293872061845784,12.053459493435833,0,-1.0
s16,c5,0,12.293872061845784,12.339822079533187,11.54485963604226,0,-1.0
s16,c5,1,12.293872061845784,12.339822079533187,12.053459493435833,1,-1.0
s16,c5,0,12.339822079533187,12.430157311943523,11.54485963604226,0,-1.0
s16,c5,1,12.339822079533187,12.430157311943523,12.339822079533187,1,-1.0
s16,c5,0,12.430157311943523,12.829915014140632,11.54485963604226,0,-1.0
s16,c5,1,12.430157311943523,12.829915014140632,12.430157311943523,1,-1.0
s16,c5,0,12.829915014140632,13.094066594084339,11.54485963604226,1,-1.0
s16,c5,1,12.829915014140632,13.094066594084339,12.829915014140632,0,-1.0
s16,c5,0,13.094066594084339,13.282524411612757,13.094066594084339,1,-1.0
s16,c5,1,13.094066594084339,13.282524411612757,12.829915014140632,0,-1.0
s16,c5,0,13.282524411612757,13.798401434093577,13.282524411612757,0,-1.0
s16,c5,1,13.282524411612757,13.798401434093577,12.829915014140632,1,-1.0
s16,c5,0,13.798401434093577,13.931424291532998,13.282524411612757,0,-1.0
s16,c5,1,13.798401434093577,13.931424291532998,13.798401434093577,1,-1.0
s16,c5,0,13.931424291532998,13.98728795888459,13.282524411612757,0,-1.0
s16,c5,1,13.931424291532998,13.98728795888459,13.931424291532998,1,-1.0
s16,c5,0,13.98728795888459,14.265420564702417,13.282524411612757,0,-1.0
s16,c5,1,13.98728795888459,14.265420564702417,13.98728795888459,1,-1.0
s16,c5,0,14.265420564702417,14.821583218059887,13.282524411612757,0,-1.0
s16,c5,1,14.265420564702417,14.821583218059887,14.265420564702417,1,-1.0
s16,c5,0,14.821583218059887,14.87223824477919,13.282524411612757,0,-1.0
s16,c5,1,14.821583218059887,14.87223824477919,14.821583218059887,1,-1.0
s16,c5,0,14.87223824477919,15.314845187008665,13.282524411612757,0,-1.0
s16,c5,1,14.87223824477919,15.314845187008665,14.87223824477919,1,-1.0
s16,c5,0,15.314845187008665,16.0,13.282524411612757,0,-1.0
s16,c5,1,15.314845187008665,16.0,15.314845187008665,0,-1.0
s17,c5,0,0.0,0.12611020578954188,0.0,1,1.0
s17,c5,1,0.0,0.12611020578954188,0.0,0,1.0
s17,c5,0,0.12611020578954188,0.21526577883018327,0.12611020578954188,0,1.0
s17,c5,1,0.12611020578954188,0.21526577883018327,0.0,1,1.0
s17,c5,0,0.21526577883018327,0.8443429390815238,0.12611020578954188,1,1.0
s17,c5,1,0.21526577883018327,0.8443429390815238,0.21526577883018327,0,1.0
s17,c5,0,0.8443429390815238,1.0694374525542403,0.8443429390815238,1,1.0
s17,c5,1,0.8443429390815238,1.0694374525542403,0.21526577883018327,0,1.0
s17,c5,0,1.0694374525542403,1.4518077844502437,1.0694374525542403,1,1.0
s17,c5,1,1.0694374525542403,1.4518077844502437,0.21526577883018327,0,1.0
s17,c5,0,1.4518077844502437,1.7268812268942764,1.4518077844502437,0,1.0
s17,c5,1,1.4518077844502437,1.7268812268942764,0.21526577883018327,1,1.0
s17,c5,0,1.7268812268942764,1.7495119666163168,1.4518077844502437,1,1.0
s17,c5,1,1.7268812268942764,1.7495119666163168,1.7268812268942764,0,1.0
s17,c5,0,1.7495119666163168,2.1226072813316232,1.7495119666163168,0,1.0
s17,c5,1,1.7495119666163168,2.1226072813316232,1.7268812268942764,1,1.0
s17,c5,0,2.1226072813316232,2.2645512257037996,1.7495119666163168,0,1.0
s17,c5,1,2.1226072813316232,2.2645512257037996,2.1226072813316232,1,1.0
s17,c5,0,2.2645512257037996,3.09947127537387,1.7495119666163168,0,1.0
s17,c5,1,2.2645512257037996,3.09947127537387,2.2645512257037996,1,1.0
s17,c5,0,3.09947127537387,3.3885151259965234,1.7495119666163168,0,1.0
s17,c5,1,3.09947127537387,3.3885151259965234,3.09947127537387,1,1.0
s17,c5,0,3.3885151259965234,3.8894630997636965,1.7495119666163168,0,1.0
s17,c5,1,3.3885151259965234,3.8894630997636965,3.3885151259965234,1,1.0
s17,c5,0,3.8894630997636965,3.963367285287425,1.7495119666163168,0,1.0
s17,c5,1,3.8894630997636965,3.963367285287425,3.8894630997636965,1,1.0
s17,c5,0,3.963367285287425,4.895031545391425,1.7495119666163168,0,1.0
s17,c5,1,3.963367285287425,4.895031545391425,3.963367285287425,1,1.0
s17,c5,0,4.895031545391425,5.248218329855538,1.7495119666163168,0,1.0
s17,c5,1,4.895031545391425,5.248218329855538,4.895031545391425,1,1.0
s17,c5,0,5.248218329855538,5.780124194140597,1.7495119666163168,0,1.0
s17,c5,1,5.248218329855538,5.780124194140597,5.248218329855538,1,1.0
s17,c5,0,5.780124194140597,5.8460818735322855,1.7495119666163168,0,1.0
s17,c5,1,5.780124194140597,5.8460818735322855,5.780124194140597,0,1.0
s17,c5,0,5.8460818735322855,5.882585927412119,1.7495119666163168,1,1.0
s17,c5,1,5.8460818735322855,5.882585927412119,5.780124194140597,0,1.0
s17,c5,0,5.882585927412119,6.472304486318381,5.882585927412119,1,1.0
s17,c5,1,5.882585927412119,6.472304486318381,5.780124194140597,0,1.0
s17,c5,0,6.472304486318381,7.170518042257537,6.472304486318381,1,1.0
s17,c5,1,6.472304486318381,7.170518042257537,5.780124194140597,0,1.0
s17,c5,0,7.170518042257537,7.3155563317131245,7.170518042257537,0,1.0
s17,c5,1,7.170518042257537,7.3155563317131245,5.780124194140597,1,1.0
s17,c5,0,7.3155563317131245,7.422267854313971,7.170518042257537,1,1.0
s17,c5,1,7.3155563317131245,7.422267854313971,7.3155563317131245,0,1.0
s17,c5,0,7.422267854313971,8.002775957776137,7.422267854313971,1,1.0
s17,c5,1,7.422267854313971,8.002775957776137,7.3155563317131245,0,1.0
s17,c5,0,8.002775957776137,8.299292384149473,8.002775957776137,0,1.0
s17,c5,1,8.002775957776137,8.299292384149473,7.3155563317131245,0,1.0
s17,c5,0,8.299292384149473,8.33594407600961,8.002775957776137,0,1.0
s17,c5,1,8.299292384149473,8.33594407600961,7.3155563317131245,1,1.0
s17,c5,0,8.33594407600961,8.415824340081313,8.002775957776137,0,1.0
s17,c5,1,8.33594407600961,8.415824340081313,8.33594407600961,0,1.0
s17,c5,0,8.415824340081313,9.079429650412962,8.002775957776137,0,1.0
s17,c5,1,8.415824340081313,9.079429650412962,8.33594407600961,1,1.0
s17,c5,0,9.079429650412962,9.089742862503229,8.002775957776137,1,1.0
s17,c5,1,9.079429650412962,9.089742862503229,9.079429650412962,0,1.0
s17,c5,0,9.089742862503229,9.10594885756529,9.089742862503229,1,1.0
s17,c5,1,9.089742862503229,9.10594885756529,9.079429650412962,0,1.0
s17,c5,0,9.10594885756529,9.117477968113548,9.10594885756529,0,1.0
s17,c5,1,9.10594885756529,9.117477968113548,9.079429650412962,1,1.0
s17,c5,0,9.117477968113548,9.270212740796422,9.10594885756529,0,1.0
s17,c5,1,9.117477968113548,9.270212740796422,9.117477968113548,0,1.0
s17,c5,0,9.270212740796422,9.288016801055942,9.10594885756529,0,1.0
s17,c5,1,9.270212740796422,9.288016801055942,9.117477968113548,1,1.0
s17,c5,0,9.288016801055942,9.443466635165288,9.10594885756529,0,1.0
s17,c5,1,9.288016801055942,9.443466635165288,9.288016801055942,1,1.0
s17,c5,0,9.443466635165288,9.900639230379078,9.10594885756529,0,1.0
s17,c5,1,9.443466635165288,9.900639230379078,9.443466635165288,1,1.0
s17,c5,0,9.900639230379078,10.437251361447576,9.10594885756529,1,1.0
s17,c5,1,9.900639230379078,10.437251361447576,9.900639230379078,0,1.0
s17,c5,0,10.437251361447576,10.792574510535799,10.437251361447576,0,1.0
s17,c5,1,10.437251361447576,10.792574510535799,9.900639230379078,1,1.0
s17,c5,0,10.792574510535799,11.06967676037572,10.437251361447576,0,1.0
s17,c5,1,10.792574510535799,11.06967676037572,10.792574510535799,1,1.0
s17,c5,0,11.06967676037572,11.50259632893814,10.437251361447576,0,1.0
s17,c5,1,11.06967676037572,11.50259632893814,11.06967676037572,1,1.0
s17,c5,0,11.50259632893814,11.860939126659506,10.437251361447576,1,1.0
s17,c5,1,11.50259632893814,11.860939126659506,11.50259632893814,0,1.0
s17,c5,0,11.860939126659506,12.01526010722658,11.860939126659506,1,1.0
s17,c5,1,11.860939126659506,12.01526010722658,11.50259632893814,0,1.0
s17,c5,0,12.01526010722658,12.109059926445294,12.01526010722658,0,1.0
s17,c5,1,12.01526010722658,12.109059926445294,11.50259632893814,1,1.0
s17,c5,0,12.109059926445294,12.706909066874974,12.01526010722658,1,1.0
s17,c5,1,12.109059926445294,12.706909066874974,12.109059926445294,0,1.0
s17,c5,0,12.706909066874974,12.788724820791703,12.706909066874974,1,1.0
s17,c5,1,12.706909066874974,12.788724820791703,12.109059926445294,0,1.0
s17,c5,0,12.788724820791703,13.27198157294923,12.788724820791703,1,1.0
s17,c5,1,12.788724820791703,13.27198157294923,12.109059926445294,0,1.0
s17,c5,0,13.27198157294923,13.757897570411492,13.27198157294923,0,1.0
s17,c5,1,13.27198157294923,13.757897570411492,12.109059926445294,0,1.0
s17,c5,0,13.757897570411492,13.983079745469018,13.27198157294923,0,1.0
s17,c5,1,13.757897570411492,13.983079745469018,12.109059926445294,1,1.0
s17,c5,0,13.983079745469018,14.15747991015275,13.27198157294923,0,1.0
s17,c5,1,13.983079745469018,14.15747991015275,13.983079745469018,0,1.0
s17,c5,0,14.15747991015275,14.3074035472112,13.27198157294923,1,1.0
s17,c5,1,14.15747991015275,14.3074035472112,13.983079745469018,0,1.0
s17,c5,0,14.3074035472112,14.780824166927856,14.3074035472112,0,1.0
s17,c5,1,14.3074035472112,14.780824166927856,13.983079745469018,1,1.0
s17,c5,0,14.780824166927856,14.858794674990206,14.3074035472112,1,1.0
s17,c5,1,14.780824166927856,14.858794674990206,14.780824166927856,0,1.0
s17,c5,0,14.858794674990206,15.205858523597916,14.858794674990206,0,1.0
s17,c5,1,14.858794674990206,15.205858523597916,14.780824166927856,0,1.0
s17,c5,0,15.205858523597916,15.24571276792316,14.858794674990206,0,1.0
s17,c5,1,15.205858523597916,15.24571276792316,14.780824166927856,1,1.0
s17,c5,0,15.24571276792316,15.259297333747604,14.858794674990206,1,1.0
s17,c5,1,15.24571276792316,15.259297333747604,15.24571276792316,0,1.0
s17,c5,0,15.259297333747604,15.374628260409606,15.259297333747604,1,1.0
s17,c5,1,15.259297333747604,15.374628260409606,15.24571276792316,0,1.0
s17,c5,0,15.374628260409606,15.916870267104787,15.374628260409606,0,1.0
s17,c5,1,15.374628260409606,15.916870267104787,15.24571276792316,1,1.0
s17,c5,0,15.916870267104787,16.0,15.374628260409606,0,1.0
s17,c5,1,15.916870267104787,16.0,15.916870267104787,0,1.0
s18,c6,0,0.0,1.4169008587626966,0.0,1,1.0
s18,c6,1,0.0,1.4169008587626966,0.0,0,1.0
s18,c6,0,1.4169008587626966,1.5087088771338386,1.4169008587626966,0,1.0
s18,c6,1,1.4169008587626966,1.5087088771338386,0.0,1,1.0
s18,c6,0,1.5087088771338386,2.043127067089259,1.4169008587626966,1,1.0
s18,c6,1,1.5087088771338386,2.043127067089259,1.5087088771338386,0,1.0
s18,c6,0,2.043127067089259,2.120260735424392,2.043127067089259,1,1.0
s18,c6,1,2.043127067089259,2.120260735424392,1.5087088771338386,0,1.0
s18,c6,0,2.120260735424392,2.230753493756438,2.120260735424392,1,1.0
s18,c6,1,2.120260735424392,2.230753493756438,1.5087088771338386,0,1.0
s18,c6,0,2.230753493756438,2.4550374691410233,2.230753493756438,0,1.0
s18,c6,1,2.230753493756438,2.4550374691410233,1.5087088771338386,0,1.0
s18,c6,0,2.4550374691410233,2.4825129092821814,2.230753493756438,0,1.0
s18,c6,1,2.4550374691410233,2.4825129092821814,1.5087088771338386,0,1.0
s18,c6,0,2.4825129092821814,2.519508469950959,2.230753493756438,1,1.0
s18,c6,1,2.4825129092821814,2.519508469950959,1.5087088771338386,0,1.0
s18,c6,0,2.519508469950959,2.679760851349852,2.519508469950959,0,1.0
s18,c6,1,2.519508469950959,2.679760851349852,1.5087088771338386,1,1.0
s18,c6,0,2.679760851349852,3.0518385086215587,2.519508469950959,1,1.0
s18,c6,1,2.679760851349852,3.0518385086215587,2.679760851349852,0,1.0
s18,c6,0,3.0518385086215587,3.1048053487179694,3.0518385086215587,1,1.0
s18,c6,1,3.0518385086215587,3.1048053487179694,2.679760851349852,0,1.0
s18,c6,0,3.1048053487179694,3.3239556320494668,3.1048053487179694,1,1.0
s18,c6,1,3.1048053487179694,3.3239556320494668,2.679760851349852,0,1.0
s18,c6,0,3.3239556320494668,3.3484340478559123,3.3239556320494668,1,1.0
s18,c6,1,3.3239556320494668,3.3484340478559123,2.679760851349852,0,1.0
s18,c6,0,3.3484340478559123,3.485976916596821,3.3484340478559123,1,1.0
s18,c6,1,3.3484340478559123,3.485976916596821,2.679760851349852,0,1.0
s18,c6,0,3.485976916596821,3.786374422746558,3.485976916596821,1,1.0
s18,c6,1,3.485976916596821,3.786374422746558,2.679760851349852,0,1.0
s18,c6,0,3.786374422746558,4.277896569020778,3.786374422746558,0,1.0
s18,c6,1,3.786374422746558,4.277896569020778,2.679760851349852,0,1.0
s18,c6,0,4.277896569020778,5.012613129041915,3.786374422746558,1,1.0
s18,c6,1,4.277896569020778,5.012613129041915,2.679760851349852,0,1.0
s18,c6,0,5.012613129041915,5.540979379974094,5.012613129041915,0,1.0
s18,c6,1,5.012613129041915,5.540979379974094,2.679760851349852,1,1.0
s18,c6,0,5.540979379974094,6.0009848422427865,5.012613129041915,0,1.0
s18,c6,1,5.540979379974094,6.0009848422427865,5.540979379974094,1,1.0
s18,c6,0,6.0009848422427865,6.350629230561081,5.012613129041915,1,1.0
s18,c6,1,6.0009848422427865,6.350629230561081,6.0009848422427865,0,1.0
s18,c6,0,6.350629230561081,6.684472277795559,6.350629230561081,1,1.0
s18,c6,1,6.350629230561081,6.684472277795559,6.0009848422427865,0,1.0
s18,c6,0,6.684472277795559,6.698233234577608,6.684472277795559,0,1.0
s18,c6,1,6.684472277795559,6.698233234577608,6.0009848422427865,0,1.0
s18,c6,0,6.698233234577608,6.898495609214456,6.684472277795559,1,1.0
s18,c6,1,6.698233234577608,6.898495609214456,6.0009848422427865,0,1.0
s18,c6,0,6.898495609214456,6.957684406227719,6.898495609214456,0,1.0
s18,c6,1,6.898495609214456,6.957684406227719,6.0009848422427865,1,1.0
s18,c6,0,6.957684406227719,7.568428956048267,6.898495609214456,0,1.0
s18,c6,1,6.957684406227719,7.568428956048267,6.957684406227719,1,1.0
s18,c6,0,7.568428956048267,8.013494646651713,6.898495609214456,1,1.0
s18,c6,1,7.568428956048267,8.013494646651713,7.568428956048267,0,1.0
s18,c6,0,8.013494646651713,8.302373085082928,8.013494646651713,0,1.0
s18,c6,1,8.013494646651713,8.302373085082928,7.568428956048267,1,1.0
s18,c6,0,8.302373085082928,8.359768550537943,8.013494646651713,1,1.0
s18,c6,1,8.302373085082928,8.359768550537943,8.302373085082928,0,1.0
s18,c6,0,8.359768550537943,8.56358236753524,8.359768550537943,1,1.0
s18,c6,1,8.359768550537943,8.56358236753524,8.302373085082928,0,1.0
s18,c6,0,8.56358236753524,8.659261463573392,8.56358236753524,0,1.0
s18,c6,1,8.56358236753524,8.659261463573392,8.302373085082928,0,1.0
s18,c6,0,8.659261463573392,8.678538871933158,8.56358236753524,1,1.0
s18,c6,1,8.659261463573392,8.678538871933158,8.302373085082928,0,1.0
s18,c6,0,8.678538871933158,9.988181571653982,8.678538871933158,0,1.0
s18,c6,1,8.678538871933158,9.988181571653982,8.302373085082928,1,1.0
s18,c6,0,9.988181571653982,10.202376159459993,8.678538871933158,1,1.0
s18,c6,1,9.988181571653982,10.202376159459993,9.988181571653982,0,1.0
s18,c6,0,10.202376159459993,10.359430613184752,10.202376159459993,0,1.0
s18,c6,1,10.202376159459993,10.359430613184752,9.988181571653982,1,1.0
s18,c6,0,10.359430613184752,10.70668975460267,10.202376159459993,1,1.0
s18,c6,1,10.359430613184752,10.70668975460267,10.359430613184752,0,1.0
s18,c6,0,10.70668975460267,10.784488526235014,10.70668975460267,0,1.0
s18,c6,1,10.70668975460267,10.784488526235014,10.359430613184752,1,1.0
s18,c6,0,10.784488526235014,10.787985895976846,10.70668975460267,0,1.0
s18,c6,1,10.784488526235014,10.787985895976846,10.784488526235014,1,1.0
s18,c6,0,10.787985895976846,11.071739275596673,10.70668975460267,0,1.0
s18,c6,1,10.787985895976846,11.071739275596673,10.787985895976846,1,1.0
s18,c6,0,11.071739275596673,11.16036213170815,10.70668975460267,1,1.0
s18,c6,1,11.071739275596673,11.16036213170815,11.071739275596673,0,1.0
s18,c6,0,11.16036213170815,11.404174829177398,11.16036213170815,0,1.0
s18,c6,1,11.16036213170815,11.404174829177398,11.071739275596673,1,1.0
s18,c6,0,11.404174829177398,11.574600357807595,11.16036213170815,0,1.0
s18,c6,1,11.404174829177398,11.574600357807595,11.404174829177398,1,1.0
s18,c6,0,11.574600357807595,11.65540262348127,11.16036213170815,1,1.0
s18,c6,1,11.574600357807595,11.65540262348127,11.574600357807595,0,1.0
s18,c6,0,11.65540262348127,11.659087688595884,11.65540262348127,0,1.0
s18,c6,1,11.65540262348127,11.659087688595884,11.574600357807595,1,1.0
s18,c6,0,11.659087688595884,12.090687418430578,11.65540262348127,1,1.0
s18,c6,1,11.659087688595884,12.090687418430578,11.659087688595884,0,1.0
s18,c6,0,12.090687418430578,12.214757337539572,12.090687418430578,1,1.0
s18,c6,1,12.090687418430578,12.214757337539572,11.659087688595884,0,1.0
s18,c6,0,12.214757337539572,12.274496652957083,12.214757337539572,0,1.0
s18,c6,1,12.214757337539572,12.274496652957083,11.659087688595884,1,1.0
s18,c6,0,12.274496652957083,12.51017688871522,12.214757337539572,1,1.0
s18,c6,1,12.274496652957083,12.51017688871522,12.274496652957083,0,1.0
s18,c6,0,12.51017688871522,12.510259078872744,12.51017688871522,0,1.0
s18,c6,1,12.51017688871522,12.510259078872744,12.274496652957083,1,1.0
s18,c6,0,12.510259078872744,12.569626594865175,12.51017688871522,1,1.0
s18,c6,1,12.510259078872744,12.569626594865175,12.510259078872744,0,1.0
s18,c6,0,12.569626594865175,13.152435316051827,12.569626594865175,1,1.0
s18,c6,1,12.569626594865175,13.152435316051827,12.510259078872744,0,1.0
s18,c6,0,13.152435316051827,13.55519853530588,13.152435316051827,1,1.0
s18,c6,1,13.152435316051827,13.55519853530588,12.510259078872744,0,1.0
s18,c6,0,13.55519853530588,14.090375138474661,13.55519853530588,1,1.0
s18,c6,1,13.55519853530588,14.090375138474661,12.510259078872744,0,1.0
s18,c6,0,14.090375138474661,14.69506577715761,14.090375138474661,1,1.0
s18,c6,1,14.090375138474661,14.69506577715761,12.510259078872744,0,1.0
s18,c6,0,14.69506577715761,14.74214275689118,14.69506577715761,0,1.0
s18,c6,1,14.69506577715761,14.74214275689118,12.510259078872744,1,1.0
s18,c6,0,14.74214275689118,15.389126433911512,14.69506577715761,0,1.0
s18,c6,1,14.74214275689118,15.389126433911512,14.74214275689118,1,1.0
s18,c6,0,15.389126433911512,15.567533386462554,14.69506577715761,1,1.0
s18,c6,1,15.389126433911512,15.567533386462554,15.389126433911512,0,1.0
s18,c6,0,15.567533386462554,15.908047282907269,15.567533386462554,1,1.0
s18,c6,1,15.567533386462554,15.908047282907269,15.389126433911512,0,1.0
s18,c6,0,15.908047282907269,16.0,15.908047282907269,0,1.0
s18,c6,1,15.908047282907269,16.0,15.389126433911512,0,1.0
s19,c6,0,0.0,0.007821149525785444,0.0,0,-1.0
s19,c6,1,0.0,0.007821149525785444,0.0,1,-1.0
s19,c6,0,0.007821149525785444,0.295979166030297,0.0,1,-1.0
s19,c6,1,0.007821149525785444,0.295979166030297,0.007821149525785444,0,-1.0
s19,c6,0,0.295979166030297,0.4716859126065153,0.295979166030297,0,-1.0
s19,c6,1,0.295979166030297,0.4716859126065153,0.007821149525785444,1,-1.0
s19,c6,0,0.4716859126065153,0.5079616399903404,0.295979166030297,0,-1.0
s19,c6,1,0.4716859126065153,0.5079616399903404,0.4716859126065153,1,-1.0
s19,c6,0,0.5079616399903404,1.602880053718608,0.295979166030297,0,-1.0
s19,c6,1,0.5079616399903404,1.602880053718608,0.5079616399903404,1,-1.0
s19,c6,0,1.602880053718608,1.781528543433607,0.295979166030297,0,-1.0
s19,c6,1,1.602880053718608,1.781528543433607,1.602880053718608,1,-1.0
s19,c6,0,1.781528543433607,2.298297661950936,0.295979166030297,0,-1.0
s19,c6,1,1.781528543433607,2.298297661950936,1.781528543433607,1,-1.0
s19,c6,0,2.298297661950936,2.4600873720179504,0.295979166030297,1,-1.0
s19,c6,1,2.298297661950936,2.4600873720179504,2.298297661950936,0,-1.0
s19,c6,0,2.4600873720179504,2.5666693763468595,2.4600873720179504,0,-1.0
s19,c6,1,2.4600873720179504,2.5666693763468595,2.298297661950936,1,-1.0
s19,c6,0,2.5666693763468595,3.3975742278602388,2.4600873720179504,0,-1.0
s19,c6,1,2.5666693763468595,3.3975742278602388,2.5666693763468595,1,-1.0
s19,c6,0,3.3975742278602388,3.471270025994497,2.4600873720179504,1,-1.0
s19,c6,1,3.3975742278602388,3.471270025994497,3.3975742278602388,0,-1.0
s19,c6,0,3.471270025994497,3.5348267777377624,3.471270025994497,0,-1.0
s19,c6,1,3.471270025994497,3.5348267777377624,3.3975742278602388,1,-1.0
s19,c6,0,3.5348267777377624,3.7555160738020223,3.471270025994497,1,-1.0
s19,c6,1,3.5348267777377624,3.7555160738020223,3.5348267777377624,0,-1.0
s19,c6,0,3.7555160738020223,4.026023899254248,3.7555160738020223,1,-1.0
s19,c6,1,3.7555160738020223,4.026023899254248,3.5348267777377624,0,-1.0
s19,c6,0,4.026023899254248,4.213287299819193,4.026023899254248,0,-1.0
s19,c6,1,4.026023899254248,4.213287299819193,3.5348267777377624,1,-1.0
s19,c6,0,4.213287299819193,4.34442249538857,4.026023899254248,1,-1.0
s19,c6,1,4.213287299819193,4.34442249538857,4.213287299819193,0,-1.0
s19,c6,0,4.34442249538857,4.621666784798624,4.34442249538857,0,-1.0
s19,c6,1,4.34442249538857,4.621666784798624,4.213287299819193,1,-1.0
s19,c6,0,4.621666784798624,4.809721203061964,4.34442249538857,0,-1.0
s19,c6,1,4.621666784798624,4.809721203061964,4.621666784798624,1,-1.0
s19,c6,0,4.809721203061964,5.317261936561739,4.34442249538857,0,-1.0
s19,c6,1,4.809721203061964,5.317261936561739,4.809721203061964,1,-1.0
s19,c6,0,5.317261936561739,5.416432156353644,4.34442249538857,0,-1.0
s19,c6,1,5.317261936561739,5.416432156353644,5.317261936561739,1,-1.0
s19,c6,0,5.416432156353644,5.526463421541568,4.34442249538857,0,-1.0
s19,c6,1,5.416432156353644,5.526463421541568,5.416432156353644,1,-1.0
s19,c6,0,5.526463421541568,5.624847183445148,4.34442249538857,1,-1.0
s19,c6,1,5.526463421541568,5.624847183445148,5.526463421541568,0,-1.0
s19,c6,0,5.624847183445148,5.648403513675921,5.624847183445148,0,-1.0
s19,c6,1,5.624847183445148,5.648403513675921,5.526463421541568,1,-1.0
s19,c6,0,5.648403513675921,7.274520606006863,5.624847183445148,0,-1.0
s19,c6,1,5.648403513675921,7.274520606006863,5.648403513675921,1,-1.0
s19,c6,0,7.274520606006863,7.3276424699410505,5.624847183445148,0,-1.0
s19,c6,1,7.274520606006863,7.3276424699410505,7.274520606006863,1,-1.0
s19,c6,0,7.3276424699410505,8.317527866955837,5.624847183445148,0,-1.0
s19,c6,1,7.3276424699410505,8.317527866955837,7.3276424699410505,1,-1.0
s19,c6,0,8.317527866955837,8.741061697333684,5.624847183445148,0,-1.0
s19,c6,1,8.317527866955837,8.741061697333684,8.317527866955837,1,-1.0
s19,c6,0,8.741061697333684,9.157943278391652,5.624847183445148,0,-1.0
s19,c6,1,8.741061697333684,9.157943278391652,8.741061697333684,1,-1.0
s19,c6,0,9.157943278391652,9.284408398029125,5.624847183445148,0,-1.0
s19,c6,1,9.157943278391652,9.284408398029125,9.157943278391652,1,-1.0
s19,c6,0,9.284408398029125,9.814639014649313,5.624847183445148,0,-1.0
s19,c6,1,9.284408398029125,9.814639014649313,9.284408398029125,1,-1.0
s19,c6,0,9.814639014649313,10.129503836696136,5.624847183445148,0,-1.0
s19,c6,1,9.814639014649313,10.129503836696136,9.814639014649313,0,-1.0
s19,c6,0,10.129503836696136,10.47952288770664,5.624847183445148,0,-1.0
s19,c6,1,10.129503836696136,10.47952288770664,9.814639014649313,1,-1.0
s19,c6,0,10.47952288770664,10.62899234313562,5.624847183445148,1,-1.0
s19,c6,1,10.47952288770664,10.62899234313562,10.47952288770664,0,-1.0
s19,c6,0,10.62899234313562,11.66258391350008,10.62899234313562,0,-1.0
s19,c6,1,10.62899234313562,11.66258391350008,10.47952288770664,1,-1.0
s19,c6,0,11.66258391350008,11.880794682045924,10.62899234313562,1,-1.0
s19,c6,1,11.66258391350008,11.880794682045924,11.66258391350008,0,-1.0
s19,c6,0,11.880794682045924,11.898597937194943,11.880794682045924,0,-1.0
s19,c6,1,11.880794682045924,11.898597937194943,11.66258391350008,1,-1.0
s19,c6,0,11.898597937194943,12.09327582973656,11.880794682045924,0,-1.0
s19,c6,1,11.898597937194943,12.09327582973656,11.898597937194943,1,-1.0
s19,c6,0,12.09327582973656,13.199056610249976,11.880794682045924,1,-1.0
s19,c6,1,12.09327582973656,13.199056610249976,12.09327582973656,0,-1.0
s19,c6,0,13.199056610249976,13.278997112382593,13.199056610249976,0,-1.0
s19,c6,1,13.199056610249976,13.278997112382593,12.09327582973656,1,-1.0
s19,c6,0,13.278997112382593,14.067697982655137,13.199056610249976,0,-1.0
s19,c6,1,13.278997112382593,14.067697982655137,13.278997112382593,1,-1.0
s19,c6,0,14.067697982655137,14.461697427023669,13.199056610249976,0,-1.0
s19,c6,1,14.067697982655137,14.461697427023669,14.067697982655137,1,-1.0
s19,c6,0,14.461697427023669,14.555949244085264,13.199056610249976,0,-1.0
s19,c6,1,14.461697427023669,14.555949244085264,14.461697427023669,1,-1.0
s19,c6,0,14.555949244085264,14.606684999358723,13.199056610249976,0,-1.0
s19,c6,1,14.555949244085264,14.606684999358723,14.555949244085264,1,-1.0
s19,c6,0,14.606684999358723,15.075512502348746,13.199056610249976,0,-1.0
s19,c6,1,14.606684999358723,15.075512502348746,14.606684999358723,1,-1.0
s19,c6,0,15.075512502348746,15.48547487171335,13.199056610249976,1,-1.0
s19,c6,1,15.075512502348746,15.48547487171335,15.075512502348746,0,-1.0
s19,c6,0,15.48547487171335,16.0,15.48547487171335,0,-1.0
s19,c6,1,15.48547487171335,16.0,15.075512502348746,0,-1.0
s20,c7,0,0.0,0.404980069768525,0.0,1,1.0
s20,c7,1,0.0,0.404980069768525,0.0,0,1.0
s20,c7,0,0.404980069768525,0.6437698573308309,0.404980069768525,1,1.0
s20,c7,1,0.404980069768525,0.6437698573308309,0.0,0,1.0
s20,c7,0,0.6437698573308309,1.173010844293132,0.6437698573308309,1,1.0
s20,c7,1,0.6437698573308309,1.173010844293132,0.0,0,1.0
s20,c7,0,1.173010844293132,1.9483900407992851,1.173010844293132,0,1.0
s20,c7,1,1.173010844293132,1.9483900407992851,0.0,1,1.0
s20,c7,0,1.9483900407992851,2.4754211621060187,1.173010844293132,1,1.0
s20,c7,1,1.9483900407992851,2.4754211621060187,1.9483900407992851,0,1.0
s20,c7,0,2.4754211621060187,2.5783837293634777,2.4754211621060187,0,1.0
s20,c7,1,2.4754211621060187,2.5783837293634777,1.9483900407992851,1,1.0
s20,c7,0,2.5783837293634777,2.7083497510111827,2.4754211621060187,0,1.0
s20,c7,1,2.5783837293634777,2.7083497510111827,2.5783837293634777,1,1.0
s20,c7,0,2.7083497510111827,3.1412899322868633,2.4754211621060187,0,1.0
s20,c7,1,2.7083497510111827,3.1412899322868633,2.7083497510111827,1,1.0
s20,c7,0,3.1412899322868633,3.771550065987947,2.4754211621060187,0,1.0
s20,c7,1,3.1412899322868633,3.771550065987947,3.1412899322868633,1,1.0
s20,c7,0,3.771550065987947,4.388778617344544,2.4754211621060187,0,1.0
s20,c7,1,3.771550065987947,4.388778617344544,3.771550065987947,1,1.0
s20,c7,0,4.388778617344544,4.531185404079923,2.4754211621060187,0,1.0
s20,c7,1,4.388778617344544,4.531185404079923,4.388778617344544,0,1.0
s20,c7,0,4.531185404079923,4.587638162504036,2.4754211621060187,0,1.0
s20,c7,1,4.531185404079923,4.587638162504036,4.388778617344544,1,1.0
s20,c7,0,4.587638162504036,4.7176692927556125,2.4754211621060187,1,1.0
s20,c7,1,4.587638162504036,4.7176692927556125,4.587638162504036,0,1.0
s20,c7,0,4.7176692927556125,4.764428238049576,4.7176692927556125,1,1.0
s20,c7,1,4.7176692927556125,4.764428238049576,4.587638162504036,0,1.0
s20,c7,0,4.764428238049576,4.7901888640377415,4.764428238049576,0,1.0
s20,c7,1,4.764428238049576,4.7901888640377415,4.587638162504036,1,1.0
s20,c7,0,4.7901888640377415,4.963228443182508,4.764428238049576,0,1.0
s20,c7,1,4.7901888640377415,4.963228443182508,4.7901888640377415,1,1.0
s20,c7,0,4.963228443182508,5.033216445147935,4.764428238049576,0,1.0
s20,c7,1,4.963228443182508,5.033216445147935,4.963228443182508,1,1.0
s20,c7,0,5.033216445147935,5.045630802915962,4.764428238049576,1,1.0
s20,c7,1,5.033216445147935,5.045630802915962,5.033216445147935,0,1.0
s20,c7,0,5.045630802915962,5.0585975500219025,5.045630802915962,1,1.0
s20,c7,1,5.045630802915962,5.0585975500219025,5.033216445147935,0,1.0
s20,c7,0,5.0585975500219025,5.6171991180115155,5.0585975500219025,1,1.0
s20,c7,1,5.0585975500219025,5.6171991180115155,5.033216445147935,0,1.0
s20,c7,0,5.6171991180115155,5.961744036740919,5.6171991180115155,0,1.0
s20,c7,1,5.6171991180115155,5.961744036740919,5.033216445147935,1,1.0
s20,c7,0,5.961744036740919,5.979953650510819,5.6171991180115155,0,1.0
s20,c7,1,5.961744036740919,5.979953650510819,5.961744036740919,0,1.0
s20,c7,0,5.979953650510819,6.104429705871833,5.6171991180115155,0,1.0
s20,c7,1,5.979953650510819,6.104429705871833,5.961744036740919,1,1.0
s20,c7,0,6.104429705871833,6.354075340010286,5.6171991180115155,1,1.0
s20,c7,1,6.104429705871833,6.354075340010286,6.104429705871833,0,1.0
s20,c7,0,6.354075340010286,6.4356992667746775,6.354075340010286,0,1.0
s20,c7,1,6.354075340010286,6.4356992667746775,6.104429705871833,1,1.0
s20,c7,0,6.4356992667746775,7.498110076601519,6.354075340010286,1,1.0
s20,c7,1,6.4356992667746775,7.498110076601519,6.4356992667746775,0,1.0
s20,c7,0,7.498110076601519,7.759171347197347,7.498110076601519,1,1.0
s20,c7,1,7.498110076601519,7.759171347197347,6.4356992667746775,0,1.0
s20,c7,0,7.759171347197347,7.950654335625607,7.759171347197347,0,1.0
s20,c7,1,7.759171347197347,7.950654335625607,6.4356992667746775,1,1.0
s20,c7,0,7.950654335625607,8.755871330651853,7.759171347197347,0,1.0
s20,c7,1,7.950654335625607,8.755871330651853,7.950654335625607,1,1.0
s20,c7,0,8.755871330651853,9.371202940211395,7.759171347197347,1,1.0
s20,c7,1,8.755871330651853,9.371202940211395,8.755871330651853,0,1.0
s20,c7,0,9.371202940211395,9.92772199424693,9.371202940211395,1,1.0
s20,c7,1,9.371202940211395,9.92772199424693,8.755871330651853,0,1.0
s20,c7,0,9.92772199424693,9.965190234079223,9.92772199424693,1,1.0
s20,c7,1,9.92772199424693,9.965190234079223,8.755871330651853,0,1.0
s20,c7,0,9.965190234079223,9.972550007254135,9.965190234079223,0,1.0
s20,c7,1,9.965190234079223,9.972550007254135,8.755871330651853,1,1.0
s20,c7,0,9.972550007254135,10.093097744438657,9.965190234079223,0,1.0
s20,c7,1,9.972550007254135,10.093097744438657,9.972550007254135,1,1.0
s20,c7,0,10.093097744438657,10.469125557402245,9.965190234079223,1,1.0
s20,c7,1,10.093097744438657,10.469125557402245,10.093097744438657,0,1.0
s20,c7,0,10.469125557402245,10.766814716321717,10.469125557402245,0,1.0
s20,c7,1,10.469125557402245,10.766814716321717,10.093097744438657,1,1.0
s20,c7,0,10.766814716321717,10.970118696384672,10.469125557402245,1,1.0
s20,c7,1,10.766814716321717,10.970118696384672,10.766814716321717,0,1.0
s20,c7,0,10.970118696384672,11.05171296889852,10.970118696384672,0,1.0
s20,c7,1,10.970118696384672,11.05171296889852,10.766814716321717,1,1.0
s20,c7,0,11.05171296889852,11.169877333475897,10.970118696384672,1,1.0
s20,c7,1,11.05171296889852,11.169877333475897,11.05171296889852,0,1.0
s20,c7,0,11.169877333475897,11.45724518044295,11.169877333475897,0,1.0
s20,c7,1,11.169877333475897,11.45724518044295,11.05171296889852,1,1.0
s20,c7,0,11.45724518044295,12.12276832576272,11.169877333475897,0,1.0
s20,c7,1,11.45724518044295,12.12276832576272,11.45724518044295,1,1.0
s20,c7,0,12.12276832576272,12.480361516526502,11.169877333475897,0,1.0
s20,c7,1,12.12276832576272,12.480361516526502,12.12276832576272,1,1.0
s20,c7,0,12.480361516526502,13.065398560273549,11.169877333475897,0,1.0
s20,c7,1,12.480361516526502,13.065398560273549,12.480361516526502,1,1.0
s20,c7,0,13.065398560273549,13.42996569211868,11.169877333475897,0,1.0
s20,c7,1,13.065398560273549,13.42996569211868,13.065398560273549,1,1.0
s20,c7,0,13.42996569211868,13.568257770338558,11.169877333475897,1,1.0
s20,c7,1,13.42996569211868,13.568257770338558,13.42996569211868,0,1.0
s20,c7,0,13.568257770338558,13.872770936330042,13.568257770338558,1,1.0
s20,c7,1,13.568257770338558,13.872770936330042,13.42996569211868,0,1.0
s20,c7,0,13.872770936330042,13.949314427630004,13.872770936330042,0,1.0
s20,c7,1,13.872770936330042,13.949314427630004,13.42996569211868,1,1.0
s20,c7,0,13.949314427630004,14.315276410383973,13.872770936330042,0,1.0
s20,c7,1,13.949314427630004,14.315276410383973,13.949314427630004,1,1.0
s20,c7,0,14.315276410383973,14.648074168178114,13.872770936330042,0,1.0
s20,c7,1,14.315276410383973,14.648074168178114,14.315276410383973,1,1.0
s20,c7,0,14.648074168178114,14.674393558989888,13.872770936330042,0,1.0
s20,c7,1,14.648074168178114,14.674393558989888,14.648074168178114,1,1.0
s20,c7,0,14.674393558989888,14.772682471734125,13.872770936330042,1,1.0
s20,c7,1,14.674393558989888,14.772682471734125,14.674393558989888,0,1.0
s20,c7,0,14.772682471734125,14.828315799111111,14.772682471734125,0,1.0
s20,c7,1,14.772682471734125,14.828315799111111,14.674393558989888,1,1.0
s20,c7,0,14.828315799111111,14.988418715704206,14.772682471734125,0,1.0
s20,c7,1,14.828315799111111,14.988418715704206,14.828315799111111,1,1.0
s20,c7,0,14.988418715704206,15.16640115406868,14.772682471734125,1,1.0
s20,c7,1,14.988418715704206,15.16640115406868,14.988418715704206,0,1.0
s20,c7,0,15.16640115406868,15.191523560070584,15.16640115406868,0,1.0
s20,c7,1,15.16640115406868,15.191523560070584,14.988418715704206,1,1.0
s20,c7,0,15.191523560070584,15.594688331358931,15.16640115406868,0,1.0
s20,c7,1,15.191523560070584,15.594688331358931,15.191523560070584,1,1.0
s20,c7,0,15.594688331358931,15.599349953220813,15.16640115406868,0,1.0
s20,c7,1,15.594688331358931,15.599349953220813,15.594688331358931,1,1.0
s20,c7,0,15.599349953220813,15.637672488031512,15.16640115406868,0,1.0
s20,c7,1,15.599349953220813,15.637672488031512,15.599349953220813,1,1.0
s20,c7,0,15.637672488031512,16.0,15.16640115406868,0,1.0
s20,c7,1,15.637672488031512,16.0,15.637672488031512,0,1.0
s21,c7,0,0.0,0.21020799419875008,0.0,0,1.0
s21,c7,1,0.0,0.21020799419875008,0.0,1,1.0
s21,c7,0,0.21020799419875008,0.4722665902255783,0.0,1,1.0
s21,c7,1,0.21020799419875008,0.4722665902255783,0.21020799419875008,0,1.0
s21,c7,0,0.4722665902255783,0.638746354995362,0.4722665902255783,0,1.0
s21,c7,1,0.4722665902255783,0.638746354995362,0.21020799419875008,1,1.0
s21,c7,0,0.638746354995362,0.6672558811497746,0.4722665902255783,1,1.0
s21,c7,1,0.638746354995362,0.6672558811497746,0.638746354995362,0,1.0
s21,c7,0,0.6672558811497746,0.7163849927323476,0.6672558811497746,1,1.0
s21,c7,1,0.6672558811497746,0.7163849927323476,0.638746354995362,0,1.0
s21,c7,0,0.7163849927323476,0.881530953533909,0.7163849927323476,0,1.0
s21,c7,1,0.7163849927323476,0.881530953533909,0.638746354995362,1,1.0
s21,c7,0,0.881530953533909,1.150212622659609,0.7163849927323476,0,1.0
s21,c7,1,0.881530953533909,1.150212622659609,0.881530953533909,1,1.0
s21,c7,0,1.150212622659609,2.152536615761494,0.7163849927323476,0,1.0
s21,c7,1,1.150212622659609,2.152536615761494,1.150212622659609,1,1.0
s21,c7,0,2.152536615761494,2.399974848193673,0.7163849927323476,0,1.0
s21,c7,1,2.152536615761494,2.399974848193673,2.152536615761494,1,1.0
s21,c7,0,2.399974848193673,2.5519003669097735,0.7163849927323476,0,1.0
s21,c7,1,2.399974848193673,2.5519003669097735,2.399974848193673,1,1.0
s21,c7,0,2.5519003669097735,2.8280932671002543,0.7163849927323476,0,1.0
s21,c7,1,2.5519003669097735,2.8280932671002543,2.5519003669097735,1,1.0
s21,c7,0,2.8280932671002543,3.0893611287480804,0.7163849927323476,0,1.0
s21,c7,1,2.8280932671002543,3.0893611287480804,2.8280932671002543,1,1.0
s21,c7,0,3.0893611287480804,3.2870727883709265,0.7163849927323476,0,1.0
s21,c7,1,3.0893611287480804,3.2870727883709265,3.0893611287480804,1,1.0
s21,c7,0,3.2870727883709265,3.322246795155977,0.7163849927323476,0,1.0
s21,c7,1,3.2870727883709265,3.322246795155977,3.2870727883709265,1,1.0
s21,c7,0,3.322246795155977,3.5583757873970607,0.7163849927323476,0,1.0
s21,c7,1,3.322246795155977,3.5583757873970607,3.322246795155977,0,1.0
s21,c7,0,3.5583757873970607,3.7919436166830756,0.7163849927323476,0,1.0
s21,c7,1,3.5583757873970607,3.7919436166830756,3.322246795155977,1,1.0
s21,c7,0,3.7919436166830756,4.459591491042747,0.7163849927323476,0,1.0
s21,c7,1,3.7919436166830756,4.459591491042747,3.7919436166830756,1,1.0
s21,c7,0,4.459591491042747,4.587065005316726,0.7163849927323476,0,1.0
s21,c7,1,4.459591491042747,4.587065005316726,4.459591491042747,0,1.0
s21,c7,0,4.587065005316726,4.6065521353295065,0.7163849927323476,0,1.0
s21,c7,1,4.587065005316726,4.6065521353295065,4.459591491042747,1,1.0
s21,c7,0,4.6065521353295065,4.775889488787801,0.7163849927323476,0,1.0
s21,c7,1,4.6065521353295065,4.775889488787801,4.6065521353295065,1,1.0
s21,c7,0,4.775889488787801,5.699930841587748,0.7163849927323476,0,1.0
s21,c7,1,4.775889488787801,5.699930841587748,4.775889488787801,0,1.0
s21,c7,0,5.699930841587748,6.347299183356433,0.7163849927323476,0,1.0
s21,c7,1,5.699930841587748,6.347299183356433,4.775889488787801,0,1.0
s21,c7,0,6.347299183356433,6.643956702616108,0.7163849927323476,0,1.0
s21,c7,1,6.347299183356433,6.643956702616108,4.775889488787801,1,1.0
s21,c7,0,6.643956702616108,6.712951734531628,0.7163849927323476,0,1.0
s21,c7,1,6.643956702616108,6.712951734531628,6.643956702616108,1,1.0
s21,c7,0,6.712951734531628,7.062988891400772,0.7163849927323476,0,1.0
s21,c7,1,6.712951734531628,7.062988891400772,6.712951734531628,1,1.0
s21,c7,0,7.062988891400772,7.8757729826106795,0.7163849927323476,0,1.0
s21,c7,1,7.062988891400772,7.8757729826106795,7.062988891400772,1,1.0
s21,c7,0,7.8757729826106795,7.942935511775388,0.7163849927323476,1,1.0
s21,c7,1,7.8757729826106795,7.942935511775388,7.8757729826106795,0,1.0
s21,c7,0,7.942935511775388,8.495803673009842,7.942935511775388,0,1.0
s21,c7,1,7.942935511775388,8.495803673009842,7.8757729826106795,1,1.0
s21,c7,0,8.495803673009842,8.62136180387753,7.942935511775388,1,1.0
s21,c7,1,8.495803673009842,8.62136180387753,8.495803673009842,0,1.0
s21,c7,0,8.62136180387753,8.875833139577583,8.62136180387753,1,1.0
s21,c7,1,8.62136180387753,8.875833139577583,8.495803673009842,0,1.0
s21,c7,0,8.875833139577583,9.01492109122432,8.875833139577583,0,1.0
s21,c7,1,8.875833139577583,9.01492109122432,8.495803673009842,1,1.0
s21,c7,0,9.01492109122432,9.26589267238238,8.875833139577583,0,1.0
s21,c7,1,9.01492109122432,9.26589267238238,9.01492109122432,1,1.0
s21,c7,0,9.26589267238238,9.408269690608758,8.875833139577583,1,1.0
s21,c7,1,9.26589267238238,9.408269690608758,9.26589267238238,0,1.0
s21,c7,0,9.408269690608758,10.05808035407836,9.408269690608758,0,1.0
s21,c7,1,9.408269690608758,10.05808035407836,9.26589267238238,1,1.0
s21,c7,0,10.05808035407836,10.092511717490666,9.408269690608758,1,1.0
s21,c7,1,10.05808035407836,10.092511717490666,10.05808035407836,0,1.0
s21,c7,0,10.092511717490666,10.169724415216537,10.092511717490666,0,1.0
s21,c7,1,10.092511717490666,10.169724415216537,10.05808035407836,1,1.0
s21,c7,0,10.169724415216537,10.611403503066722,10.092511717490666,0,1.0
s21,c7,1,10.169724415216537,10.611403503066722,10.169724415216537,1,1.0
s21,c7,0,10.611403503066722,11.485494780827601,10.092511717490666,0,1.0
s21,c7,1,10.611403503066722,11.485494780827601,10.611403503066722,1,1.0
s21,c7,0,11.485494780827601,11.665138782318637,10.092511717490666,0,1.0
s21,c7,1,11.485494780827601,11.665138782318637,11.485494780827601,1,1.0
s21,c7,0,11.665138782318637,11.848873307667093,10.092511717490666,0,1.0
s21,c7,1,11.665138782318637,11.848873307667093,11.665138782318637,1,1.0
s21,c7,0,11.848873307667093,12.142554185152013,10.092511717490666,0,1.0
s21,c7,1,11.848873307667093,12.142554185152013,11.848873307667093,0,1.0
s21,c7,0,12.142554185152013,12.209492883520191,10.092511717490666,0,1.0
s21,c7,1,12.142554185152013,12.209492883520191,11.848873307667093,1,1.0
s21,c7,0,12.209492883520191,13.22880719751003,10.092511717490666,0,1.0
s21,c7,1,12.209492883520191,13.22880719751003,12.209492883520191,0,1.0
s21,c7,0,13.22880719751003,13.464338854230917,10.092511717490666,0,1.0
s21,c7,1,13.22880719751003,13.464338854230917,12.209492883520191,1,1.0
s21,c7,0,13.464338854230917,14.482032006787778,10.092511717490666,0,1.0
s21,c7,1,13.464338854230917,14.482032006787778,13.464338854230917,0,1.0
s21,c7,0,14.482032006787778,14.75398130009731,10.092511717490666,0,1.0
s21,c7,1,14.482032006787778,14.75398130009731,13.464338854230917,1,1.0
s21,c7,0,14.75398130009731,15.028822296231827,10.092511717490666,0,1.0
s21,c7,1,14.75398130009731,15.028822296231827,14.75398130009731,1,1.0
s21,c7,0,15.028822296231827,15.09034548912707,10.092511717490666,1,1.0
s21,c7,1,15.028822296231827,15.09034548912707,15.028822296231827,0,1.0
s21,c7,0,15.09034548912707,15.134815867820123,15.09034548912707,1,1.0
s21,c7,1,15.09034548912707,15.134815867820123,15.028822296231827,0,1.0
s21,c7,0,15.134815867820123,15.39624703355326,15.134815867820123,0,1.0
s21,c7,1,15.134815867820123,15.39624703355326,15.028822296231827,1,1.0
s21,c7,0,15.39624703355326,15.586901892153062,15.134815867820123,0,1.0
s21,c7,1,15.39624703355326,15.586901892153062,15.39624703355326,0,1.0
s21,c7,0,15.586901892153062,16.0,15.134815867820123,0,1.0
s21,c7,1,15.586901892153062,16.0,15.39624703355326,0,1.0
s22,c7,0,0.0,0.34887882151361327,0.0,0,-1.0
s22,c7,1,0.0,0.34887882151361327,0.0,1,-1.0
s22,c7,0,0.34887882151361327,0.5323420851460301,0.0,1,-1.0
s22,c7,1,0.34887882151361327,0.5323420851460301,0.34887882151361327,0,-1.0
s22,c7,0,0.5323420851460301,0.7925427945869802,0.5323420851460301,1,-1.0
s22,c7,1,0.5323420851460301,0.7925427945869802,0.34887882151361327,0,-1.0
s22,c7,0,0.7925427945869802,1.5406762834742045,0.7925427945869802,0,-1.0
s22,c7,1,0.7925427945869802,1.5406762834742045,0.34887882151361327,1,-1.0
s22,c7,0,1.5406762834742045,1.5861245401476545,0.7925427945869802,1,-1.0
s22,c7,1,1.5406762834742045,1.5861245401476545,1.5406762834742045,0,-1.0
s22,c7,0,1.5861245401476545,1.7547434257434764,1.5861245401476545,1,-1.0
s22,c7,1,1.5861245401476545,1.7547434257434764,1.5406762834742045,0,-1.0
s22,c7,0,1.7547434257434764,2.699576037478124,1.7547434257434764,0,-1.0
s22,c7,1,1.7547434257434764,2.699576037478124,1.5406762834742045,1,-1.0
s22,c7,0,2.699576037478124,3.53726907881647,1.7547434257434764,0,-1.0
s22,c7,1,2.699576037478124,3.53726907881647,2.699576037478124,1,-1.0
s22,c7,0,3.53726907881647,4.463684700411176,1.7547434257434764,0,-1.0
s22,c7,1,3.53726907881647,4.463684700411176,3.53726907881647,1,-1.0
s22,c7,0,4.463684700411176,4.725136982074025,1.7547434257434764,1,-1.0
s22,c7,1,4.463684700411176,4.725136982074025,4.463684700411176,0,-1.0
s22,c7,0,4.725136982074025,5.70503329377011,4.725136982074025,0,-1.0
s22,c7,1,4.725136982074025,5.70503329377011,4.463684700411176,0,-1.0
s22,c7,0,5.70503329377011,5.762244975400416,4.725136982074025,0,-1.0
s22,c7,1,5.70503329377011,5.762244975400416,4.463684700411176,1,-1.0
s22,c7,0,5.762244975400416,6.0790347473130755,4.725136982074025,1,-1.0
s22,c7,1,5.762244975400416,6.0790347473130755,5.762244975400416,0,-1.0
s22,c7,0,6.0790347473130755,6.357756428163315,6.0790347473130755,1,-1.0
s22,c7,1,6.0790347473130755,6.357756428163315,5.762244975400416,0,-1.0
s22,c7,0,6.357756428163315,6.419293300999588,6.357756428163315,0,-1.0
s22,c7,1,6.357756428163315,6.419293300999588,5.762244975400416,1,-1.0
s22,c7,0,6.419293300999588,7.28397638803588,6.357756428163315,1,-1.0
s22,c7,1,6.419293300999588,7.28397638803588,6.419293300999588,0,-1.0
s22,c7,0,7.28397638803588,7.804321085820215,7.28397638803588,1,-1.0
s22,c7,1,7.28397638803588,7.804321085820215,6.419293300999588,0,-1.0
s22,c7,0,7.804321085820215,8.032502456028194,7.804321085820215,0,-1.0
s22,c7,1,7.804321085820215,8.032502456028194,6.419293300999588,0,-1.0
s22,c7,0,8.032502456028194,8.115413251507677,7.804321085820215,0,-1.0
s22,c7,1,8.032502456028194,8.115413251507677,6.419293300999588,1,-1.0
s22,c7,0,8.115413251507677,8.284167467975667,7.804321085820215,0,-1.0
s22,c7,1,8.115413251507677,8.284167467975667,8.115413251507677,1,-1.0
s22,c7,0,8.284167467975667,8.324538951437924,7.804321085820215,1,-1.0
s22,c7,1,8.284167467975667,8.324538951437924,8.284167467975667,0,-1.0
s22,c7,0,8.324538951437924,8.707161402989124,8.324538951437924,1,-1.0
s22,c7,1,8.324538951437924,8.707161402989124,8.284167467975667,0,-1.0
s22,c7,0,8.707161402989124,9.158356807733833,8.707161402989124,1,-1.0
s22,c7,1,8.707161402989124,9.158356807733833,8.284167467975667,0,-1.0
s22,c7,0,9.158356807733833,9.880529216367576,9.158356807733833,0,-1.0
s22,c7,1,9.158356807733833,9.880529216367576,8.284167467975667,1,-1.0
s22,c7,0,9.880529216367576,11.077520693272303,9.158356807733833,1,-1.0
s22,c7,1,9.880529216367576,11.077520693272303,9.880529216367576,0,-1.0
s22,c7,0,11.077520693272303,13.051487279068688,11.077520693272303,0,-1.0
s22,c7,1,11.077520693272303,13.051487279068688,9.880529216367576,1,-1.0
s22,c7,0,13.051487279068688,13.503238202774682,11.077520693272303,0,-1.0
s22,c7,1,13.051487279068688,13.503238202774682,13.051487279068688,1,-1.0
s22,c7,0,13.503238202774682,14.139122399144949,11.077520693272303,0,-1.0
s22,c7,1,13.503238202774682,14.139122399144949,13.503238202774682,0,-1.0
s22,c7,0,14.139122399144949,14.544523442151258,11.077520693272303,0,-1.0
s22,c7,1,14.139122399144949,14.544523442151258,13.503238202774682,1,-1.0
s22,c7,0,14.544523442151258,14.703913282472435,11.077520693272303,0,-1.0
s22,c7,1,14.544523442151258,14.703913282472435,14.544523442151258,1,-1.0
s22,c7,0,14.703913282472435,14.740660876477321,11.077520693272303,1,-1.0
s22,c7,1,14.703913282472435,14.740660876477321,14.703913282472435,0,-1.0
s22,c7,0,14.740660876477321,14.834357392720174,14.740660876477321,1,-1.0
s22,c7,1,14.740660876477321,14.834357392720174,14.703913282472435,0,-1.0
s22,c7,0,14.834357392720174,15.33284204873354,14.834357392720174,0,-1.0
s22,c7,1,14.834357392720174,15.33284204873354,14.703913282472435,1,-1.0
s22,c7,0,15.33284204873354,15.827072497059483,14.834357392720174,0,-1.0
s22,c7,1,15.33284204873354,15.827072497059483,15.33284204873354,1,-1.0
s22,c7,0,15.827072497059483,16.0,14.834357392720174,0,-1.0
s22,c7,1,15.827072497059483,16.0,15.827072497059483,0,-1.0
s23,c8,0,0.0,1.0033686873318628,0.0,0,-1.0
s23,c8,1,0.0,1.0033686873318628,0.0,1,-1.0
s23,c8,0,1.0033686873318628,1.3342030207466886,0.0,1,-1.0
s23,c8,1,1.0033686873318628,1.3342030207466886,1.0033686873318628,0,-1.0
s23,c8,0,1.3342030207466886,1.3801970158008912,1.3342030207466886,0,-1.0
s23,c8,1,1.3342030207466886,1.3801970158008912,1.0033686873318628,1,-1.0
s23,c8,0,1.3801970158008912,2.041542624300831,1.3342030207466886,1,-1.0
s23,c8,1,1.3801970158008912,2.041542624300831,1.3801970158008912,0,-1.0
s23,c8,0,2.041542624300831,2.690397228901096,2.041542624300831,0,-1.0
s23,c8,1,2.041542624300831,2.690397228901096,1.3801970158008912,1,-1.0
s23,c8,0,2.690397228901096,2.84171842351781,2.041542624300831,1,-1.0
s23,c8,1,2.690397228901096,2.84171842351781,2.690397228901096,0,-1.0
s23,c8,0,2.84171842351781,3.281724855532948,2.84171842351781,1,-1.0
s23,c8,1,2.84171842351781,3.281724855532948,2.690397228901096,0,-1.0
s23,c8,0,3.281724855532948,3.2996667160926942,3.281724855532948,0,-1.0
s23,c8,1,3.281724855532948,3.2996667160926942,2.690397228901096,0,-1.0
s23,c8,0,3.2996667160926942,3.65605332974079,3.281724855532948,0,-1.0
s23,c8,1,3.2996667160926942,3.65605332974079,2.690397228901096,1,-1.0
s23,c8,0,3.65605332974079,3.7489847575020523,3.281724855532948,1,-1.0
s23,c8,1,3.65605332974079,3.7489847575020523,3.65605332974079,0,-1.0
s23,c8,0,3.7489847575020523,4.156922030770672,3.7489847575020523,0,-1.0
s23,c8,1,3.7489847575020523,4.156922030770672,3.65605332974079,1,-1.0
s23,c8,0,4.156922030770672,4.599602050307685,3.7489847575020523,1,-1.0
s23,c8,1,4.156922030770672,4.599602050307685,4.156922030770672,0,-1.0
s23,c8,0,4.599602050307685,5.699056285203075,4.599602050307685,0,-1.0
s23,c8,1,4.599602050307685,5.699056285203075,4.156922030770672,1,-1.0
s23,c8,0,5.699056285203075,5.734896892932192,4.599602050307685,1,-1.0
s23,c8,1,5.699056285203075,5.734896892932192,5.699056285203075,0,-1.0
s23,c8,0,5.734896892932192,6.8582547070708095,5.734896892932192,0,-1.0
s23,c8,1,5.734896892932192,6.8582547070708095,5.699056285203075,1,-1.0
s23,c8,0,6.8582547070708095,7.211661646233567,5.734896892932192,1,-1.0
s23,c8,1,6.8582547070708095,7.211661646233567,6.8582547070708095,0,-1.0
s23,c8,0,7.211661646233567,8.362502729111418,7.211661646233567,0,-1.0
s23,c8,1,7.211661646233567,8.362502729111418,6.8582547070708095,0,-1.0
s23,c8,0,8.362502729111418,8.883364927657102,7.211661646233567,0,-1.0
s23,c8,1,8.362502729111418,8.883364927657102,6.8582547070708095,1,-1.0
s23,c8,0,8.883364927657102,9.53914785362312,7.211661646233567,0,-1.0
s23,c8,1,8.883364927657102,9.53914785362312,8.883364927657102,1,-1.0
s23,c8,0,9.53914785362312,9.623674802930768,7.211661646233567,0,-1.0
s23,c8,1,9.53914785362312,9.623674802930768,9.53914785362312,0,-1.0
s23,c8,0,9.623674802930768,9.751773010010023,7.211661646233567,1,-1.0
s23,c8,1,9.623674802930768,9.751773010010023,9.53914785362312,0,-1.0
s23,c8,0,9.751773010010023,9.884786316031736,9.751773010010023,0,-1.0
s23,c8,1,9.751773010010023,9.884786316031736,9.53914785362312,1,-1.0
s23,c8,0,9.884786316031736,9.91367371047369,9.751773010010023,0,-1.0
s23,c8,1,9.884786316031736,9.91367371047369,9.884786316031736,1,-1.0
s23,c8,0,9.91367371047369,10.7252173076898,9.751773010010023,0,-1.0
s23,c8,1,9.91367371047369,10.7252173076898,9.91367371047369,1,-1.0
s23,c8,0,10.7252173076898,10.820784892524303,9.751773010010023,0,-1.0
s23,c8,1,10.7252173076898,10.820784892524303,10.7252173076898,1,-1.0
s23,c8,0,10.820784892524303,11.843245025253267,9.751773010010023,0,-1.0
s23,c8,1,10.820784892524303,11.843245025253267,10.820784892524303,1,-1.0
s23,c8,0,11.843245025253267,12.306401188927193,9.751773010010023,0,-1.0
s23,c8,1,11.843245025253267,12.306401188927193,11.843245025253267,1,-1.0
s23,c8,0,12.306401188927193,12.520376671393343,9.751773010010023,0,-1.0
s23,c8,1,12.306401188927193,12.520376671393343,12.306401188927193,1,-1.0
s23,c8,0,12.520376671393343,12.610205066981571,9.751773010010023,0,-1.0
s23,c8,1,12.520376671393343,12.610205066981571,12.520376671393343,1,-1.0
s23,c8,0,12.610205066981571,12.994004301422462,9.751773010010023,0,-1.0
s23,c8,1,12.610205066981571,12.994004301422462,12.610205066981571,1,-1.0
s23,c8,0,12.994004301422462,13.07901136304526,9.751773010010023,1,-1.0
s23,c8,1,12.994004301422462,13.07901136304526,12.994004301422462,0,-1.0
s23,c8,0,13.07901136304526,13.356275310672359,13.07901136304526,0,-1.0
s23,c8,1,13.07901136304526,13.356275310672359,12.994004301422462,1,-1.0
s23,c8,0,13.356275310672359,13.385483784124142,13.07901136304526,1,-1.0
s23,c8,1,13.356275310672359,13.385483784124142,13.356275310672359,0,-1.0
s23,c8,0,13.385483784124142,14.205411809563488,13.385483784124142,0,-1.0
s23,c8,1,13.385483784124142,14.205411809563488,13.356275310672359,1,-1.0
s23,c8,0,14.205411809563488,15.072132536000288,13.385483784124142,1,-1.0
s23,c8,1,14.205411809563488,15.072132536000288,14.205411809563488,0,-1.0
s23,c8,0,15.072132536000288,15.358645056525454,15.072132536000288,1,-1.0
s23,c8,1,15.072132536000288,15.358645056525454,14.205411809563488,0,-1.0
s23,c8,0,15.358645056525454,15.46954298168341,15.358645056525454,1,-1.0
s23,c8,1,15.358645056525454,15.46954298168341,14.205411809563488,0,-1.0
s23,c8,0,15.46954298168341,15.781933706260359,15.46954298168341,1,-1.0
s23,c8,1,15.46954298168341,15.781933706260359,14.205411809563488,0,-1.0
s23,c8,0,15.781933706260359,15.885603810639566,15.781933706260359,0,-1.0
s23,c8,1,15.781933706260359,15.885603810639566,14.205411809563488,1,-1.0
s23,c8,0,15.885603810639566,15.922630459283761,15.781933706260359,1,-1.0
s23,c8,1,15.885603810639566,15.922630459283761,15.885603810639566,0,-1.0
s23,c8,0,15.922630459283761,16.0,15.922630459283761,0,-1.0
s23,c8,1,15.922630459283761,16.0,15.885603810639566,0,-1.0
s24,c8,0,0.0,0.09152344958263085,0.0,0,1.0
s24,c8,1,0.0,0.09152344958263085,0.0,1,1.0
s24,c8,0,0.09152344958263085,0.2455711157286174,0.0,0,1.0
s24,c8,1,0.09152344958263085,0.2455711157286174,0.09152344958263085,1,1.0
s24,c8,0,0.2455711157286174,1.2942763365489631,0.0,1,1.0
s24,c8,1,0.2455711157286174,1.2942763365489631,0.2455711157286174,0,1.0
s24,c8,0,1.2942763365489631,1.7482636424448454,1.2942763365489631,0,1.0
s24,c8,1,1.2942763365489631,1.7482636424448454,0.2455711157286174,1,1.0
s24,c8,0,1.7482636424448454,1.8190024890274439,1.2942763365489631,0,1.0
s24,c8,1,1.7482636424448454,1.8190024890274439,1.7482636424448454,1,1.0
s24,c8,0,1.8190024890274439,2.6835115905318574,1.2942763365489631,0,1.0
s24,c8,1,1.8190024890274439,2.6835115905318574,1.8190024890274439,1,1.0
s24,c8,0,2.6835115905318574,3.6753131764806923,1.2942763365489631,1,1.0
s24,c8,1,2.6835115905318574,3.6753131764806923,2.6835115905318574,0,1.0
s24,c8,0,3.6753131764806923,3.79691627285467,3.6753131764806923,0,1.0
s24,c8,1,3.6753131764806923,3.79691627285467,2.6835115905318574,1,1.0
s24,c8,0,3.79691627285467,4.174889280835715,3.6753131764806923,0,1.0
s24,c8,1,3.79691627285467,4.174889280835715,3.79691627285467,1,1.0
s24,c8,0,4.174889280835715,4.741320367034502,3.6753131764806923,1,1.0
s24,c8,1,4.174889280835715,4.741320367034502,4.174889280835715,0,1.0
s24,c8,0,4.741320367034502,5.993792785164886,4.741320367034502,1,1.0
s24,c8,1,4.741320367034502,5.993792785164886,4.174889280835715,0,1.0
s24,c8,0,5.993792785164886,6.599596061235097,5.993792785164886,1,1.0
s24,c8,1,5.993792785164886,6.599596061235097,4.174889280835715,0,1.0
s24,c8,0,6.599596061235097,7.151277532118131,6.599596061235097,0,1.0
s24,c8,1,6.599596061235097,7.151277532118131,4.174889280835715,1,1.0
s24,c8,0,7.151277532118131,7.763029458681821,6.599596061235097,0,1.0
s24,c8,1,7.151277532118131,7.763029458681821,7.151277532118131,1,1.0
s24,c8,0,7.763029458681821,8.190722536749432,6.599596061235097,1,1.0
s24,c8,1,7.763029458681821,8.190722536749432,7.763029458681821,0,1.0
s24,c8,0,8.190722536749432,8.257871399314991,8.190722536749432,1,1.0
s24,c8,1,8.190722536749432,8.257871399314991,7.763029458681821,0,1.0
s24,c8,0,8.257871399314991,8.560252567299091,8.257871399314991,1,1.0
s24,c8,1,8.257871399314991,8.560252567299091,7.763029458681821,0,1.0
s24,c8,0,8.560252567299091,8.742043620369264,8.560252567299091,0,1.0
s24,c8,1,8.560252567299091,8.742043620369264,7.763029458681821,1,1.0
s24,c8,0,8.742043620369264,8.88480590426442,8.560252567299091,0,1.0
s24,c8,1,8.742043620369264,8.88480590426442,8.742043620369264,1,1.0
s24,c8,0,8.88480590426442,9.874246738640645,8.560252567299091,1,1.0
s24,c8,1,8.88480590426442,9.874246738640645,8.88480590426442,0,1.0
s24,c8,0,9.874246738640645,10.63901737794065,9.874246738640645,0,1.0
s24,c8,1,9.874246738640645,10.63901737794065,8.88480590426442,1,1.0
s24,c8,0,10.63901737794065,12.431632622616522,9.874246738640645,0,1.0
s24,c8,1,10.63901737794065,12.431632622616522,10.63901737794065,0,1.0
s24,c8,0,12.431632622616522,12.525634929060889,9.874246738640645,0,1.0
s24,c8,1,12.431632622616522,12.525634929060889,10.63901737794065,0,1.0
s24,c8,0,12.525634929060889,12.630215113894705,9.874246738640645,0,1.0
s24,c8,1,12.525634929060889,12.630215113894705,10.63901737794065,0,1.0
s24,c8,0,12.630215113894705,13.691347496865278,9.874246738640645,1,1.0
s24,c8,1,12.630215113894705,13.691347496865278,10.63901737794065,0,1.0
s24,c8,0,13.691347496865278,14.246721264363252,13.691347496865278,1,1.0
s24,c8,1,13.691347496865278,14.246721264363252,10.63901737794065,0,1.0
s24,c8,0,14.246721264363252,15.048258700581075,14.246721264363252,1,1.0
s24,c8,1,14.246721264363252,15.048258700581075,10.63901737794065,0,1.0
s24,c8,0,15.048258700581075,15.235288345045237,15.048258700581075,0,1.0
s24,c8,1,15.048258700581075,15.235288345045237,10.63901737794065,0,1.0
s24,c8,0,15.235288345045237,15.288450889865032,15.048258700581075,1,1.0
s24,c8,1,15.235288345045237,15.288450889865032,10.63901737794065,0,1.0
s24,c8,0,15.288450889865032,15.512797053945082,15.288450889865032,1,1.0
s24,c8,1,15.288450889865032,15.512797053945082,10.63901737794065,0,1.0
s24,c8,0,15.512797053945082,15.603666779218539,15.512797053945082,0,1.0
s24,c8,1,15.512797053945082,15.603666779218539,10.63901737794065,0,1.0
s24,c8,0,15.603666779218539,15.817917094485615,15.512797053945082,0,1.0
s24,c8,1,15.603666779218539,15.817917094485615,10.63901737794065,0,1.0
s24,c8,0,15.817917094485615,16.0,15.512797053945082,0,1.0
s24,c8,1,15.817917094485615,16.0,10.63901737794065,0,1.0
s25,c8,0,0.0,1.3208624805878464,0.0,0,1.0
s25,c8,1,0.0,1.3208624805878464,0.0,1,1.0
s25,c8,0,1.3208624805878464,1.333067147637724,0.0,1,1.0
s25,c8,1,1.3208624805878464,1.333067147637724,1.3208624805878464,0,1.0
s25,c8,0,1.333067147637724,1.4352241261884058,1.333067147637724,0,1.0
s25,c8,1,1.333067147637724,1.4352241261884058,1.3208624805878464,1,1.0
s25,c8,0,1.4352241261884058,1.665113472444926,1.333067147637724,1,1.0
s25,c8,1,1.4352241261884058,1.665113472444926,1.4352241261884058,0,1.0
s25,c8,0,1.665113472444926,2.131095805328482,1.665113472444926,0,1.0
s25,c8,1,1.665113472444926,2.131095805328482,1.4352241261884058,1,1.0
s25,c8,0,2.131095805328482,2.278339266483326,1.665113472444926,0,1.0
s25,c8,1,2.131095805328482,2.278339266483326,2.131095805328482,1,1.0
s25,c8,0,2.278339266483326,3.5417416156923087,1.665113472444926,1,1.0
s25,c8,1,2.278339266483326,3.5417416156923087,2.278339266483326,0,1.0
s25,c8,0,3.5417416156923087,4.1081093212814235,3.5417416156923087,1,1.0
s25,c8,1,3.5417416156923087,4.1081093212814235,2.278339266483326,0,1.0
s25,c8,0,4.1081093212814235,4.341754926462972,4.1081093212814235,0,1.0
s25,c8,1,4.1081093212814235,4.341754926462972,2.278339266483326,1,1.0
s25,c8,0,4.341754926462972,4.86203806231941,4.1081093212814235,0,1.0
s25,c8,1,4.341754926462972,4.86203806231941,4.341754926462972,1,1.0
s25,c8,0,4.86203806231941,5.004226329810226,4.1081093212814235,1,1.0
s25,c8,1,4.86203806231941,5.004226329810226,4.86203806231941,0,1.0
s25,c8,0,5.004226329810226,5.0698970270808,5.004226329810226,1,1.0
s25,c8,1,5.004226329810226,5.0698970270808,4.86203806231941,0,1.0
s25,c8,0,5.0698970270808,5.7516592190148526,5.0698970270808,1,1.0
s25,c8,1,5.0698970270808,5.7516592190148526,4.86203806231941,0,1.0
s25,c8,0,5.7516592190148526,6.376178727436576,5.7516592190148526,1,1.0
s25,c8,1,5.7516592190148526,6.376178727436576,4.86203806231941,0,1.0
s25,c8,0,6.376178727436576,6.875978836703377,6.376178727436576,1,1.0
s25,c8,1,6.376178727436576,6.875978836703377,4.86203806231941,0,1.0
s25,c8,0,6.875978836703377,7.473463177453317,6.875978836703377,0,1.0
s25,c8,1,6.875978836703377,7.473463177453317,4.86203806231941,1,1.0
s25,c8,0,7.473463177453317,7.505518043089244,6.875978836703377,1,1.0
s25,c8,1,7.473463177453317,7.505518043089244,7.473463177453317,0,1.0
s25,c8,0,7.505518043089244,8.479329282172351,7.505518043089244,0,1.0
s25,c8,1,7.505518043089244,8.479329282172351,7.473463177453317,1,1.0
s25,c8,0,8.479329282172351,8.857188283814574,7.505518043089244,0,1.0
s25,c8,1,8.479329282172351,8.857188283814574,8.479329282172351,1,1.0
s25,c8,0,8.857188283814574,8.876597364151662,7.505518043089244,1,1.0
s25,c8,1,8.857188283814574,8.876597364151662,8.857188283814574,0,1.0
s25,c8,0,8.876597364151662,8.953765207006018,8.876597364151662,1,1.0
s25,c8,1,8.876597364151662,8.953765207006018,8.857188283814574,0,1.0
s25,c8,0,8.953765207006018,8.96102054111205,8.953765207006018,1,1.0
s25,c8,1,8.953765207006018,8.96102054111205,8.857188283814574,0,1.0
s25,c8,0,8.96102054111205,9.691427920032785,8.96102054111205,0,1.0
s25,c8,1,8.96102054111205,9.691427920032785,8.857188283814574,1,1.0
s25,c8,0,9.691427920032785,10.57788054907558,8.96102054111205,0,1.0
s25,c8,1,9.691427920032785,10.57788054907558,9.691427920032785,1,1.0
s25,c8,0,10.57788054907558,11.030836319925111,8.96102054111205,0,1.0
s25,c8,1,10.57788054907558,11.030836319925111,10.57788054907558,1,1.0
s25,c8,0,11.030836319925111,12.441700872598519,8.96102054111205,0,1.0
s25,c8,1,11.030836319925111,12.441700872598519,11.030836319925111,1,1.0
s25,c8,0,12.441700872598519,13.171937881199927,8.96102054111205,0,1.0
s25,c8,1,12.441700872598519,13.171937881199927,12.441700872598519,1,1.0
s25,c8,0,13.171937881199927,13.253022895861276,8.96102054111205,0,1.0
s25,c8,1,13.171937881199927,13.253022895861276,13.171937881199927,0,1.0
s25,c8,0,13.253022895861276,13.594919879897946,8.96102054111205,1,1.0
s25,c8,1,13.253022895861276,13.594919879897946,13.171937881199927,0,1.0
s25,c8,0,13.594919879897946,13.997568961578299,13.594919879897946,1,1.0
s25,c8,1,13.594919879897946,13.997568961578299,13.171937881199927,0,1.0
s25,c8,0,13.997568961578299,14.083122470973208,13.997568961578299,1,1.0
s25,c8,1,13.997568961578299,14.083122470973208,13.171937881199927,0,1.0
s25,c8,0,14.083122470973208,15.2263645572651,14.083122470973208,1,1.0
s25,c8,1,14.083122470973208,15.2263645572651,13.171937881199927,0,1.0
s25,c8,0,15.2263645572651,16.0,15.2263645572651,0,1.0
s25,c8,1,15.2263645572651,16.0,13.171937881199927,0,1.0
s26,c8,0,0.0,0.012864063851799683,0.0,0,1.0
s26,c8,1,0.0,0.012864063851799683,0.0,0,1.0
s26,c8,0,0.012864063851799683,0.3038675249771658,0.0,1,1.0
s26,c8,1,0.012864063851799683,0.3038675249771658,0.0,0,1.0
s26,c8,0,0.3038675249771658,0.47300962470043206,0.3038675249771658,0,1.0
s26,c8,1,0.3038675249771658,0.47300962470043206,0.0,0,1.0
s26,c8,0,0.47300962470043206,1.4628536103276175,0.3038675249771658,1,1.0
s26,c8,1,0.47300962470043206,1.4628536103276175,0.0,0,1.0
s26,c8,0,1.4628536103276175,2.395968110215905,1.4628536103276175,1,1.0
s26,c8,1,1.4628536103276175,2.395968110215905,0.0,0,1.0
s26,c8,0,2.395968110215905,2.939868833488302,2.395968110215905,1,1.0
s26,c8,1,2.395968110215905,2.939868833488302,0.0,0,1.0
s26,c8,0,2.939868833488302,3.0561503933981404,2.939868833488302,0,1.0
s26,c8,1,2.939868833488302,3.0561503933981404,0.0,1,1.0
s26,c8,0,3.0561503933981404,3.395735245744642,2.939868833488302,0,1.0
s26,c8,1,3.0561503933981404,3.395735245744642,3.0561503933981404,1,1.0
s26,c8,0,3.395735245744642,3.4431015684068034,2.939868833488302,0,1.0
s26,c8,1,3.395735245744642,3.4431015684068034,3.395735245744642,0,1.0
s26,c8,0,3.4431015684068034,4.121203462853196,2.939868833488302,1,1.0
s26,c8,1,3.4431015684068034,4.121203462853196,3.395735245744642,0,1.0
s26,c8,0,4.121203462853196,4.28493359537667,4.121203462853196,0,1.0
s26,c8,1,4.121203462853196,4.28493359537667,3.395735245744642,0,1.0
s26,c8,0,4.28493359537667,4.459466842958603,4.121203462853196,0,1.0
s26,c8,1,4.28493359537667,4.459466842958603,3.395735245744642,1,1.0
s26,c8,0,4.459466842958603,5.6024829288929965,4.121203462853196,0,1.0
s26,c8,1,4.459466842958603,5.6024829288929965,4.459466842958603,0,1.0
s26,c8,0,5.6024829288929965,6.153068964383013,4.121203462853196,1,1.0
s26,c8,1,5.6024829288929965,6.153068964383013,4.459466842958603,0,1.0
s26,c8,0,6.153068964383013,6.409657224991456,6.153068964383013,0,1.0
s26,c8,1,6.153068964383013,6.409657224991456,4.459466842958603,1,1.0
s26,c8,0,6.409657224991456,8.351616194485029,6.153068964383013,0,1.0
s26,c8,1,6.409657224991456,8.351616194485029,6.409657224991456,0,1.0
s26,c8,0,8.351616194485029,8.594977294799298,6.153068964383013,0,1.0
s26,c8,1,8.351616194485029,8.594977294799298,6.409657224991456,0,1.0
s26,c8,0,8.594977294799298,9.20093149099949,6.153068964383013,0,1.0
s26,c8,1,8.594977294799298,9.20093149099949,6.409657224991456,0,1.0
s26,c8,0,9.20093149099949,9.63584929517917,6.153068964383013,0,1.0
s26,c8,1,9.20093149099949,9.63584929517917,6.409657224991456,0,1.0
s26,c8,0,9.63584929517917,10.273873387295446,6.153068964383013,0,1.0
s26,c8,1,9.63584929517917,10.273873387295446,6.409657224991456,0,1.0
s26,c8,0,10.273873387295446,11.051632148236923,6.153068964383013,0,1.0
s26,c8,1,10.273873387295446,11.051632148236923,6.409657224991456,0,1.0
s26,c8,0,11.051632148236923,11.090746917681745,6.153068964383013,1,1.0
s26,c8,1,11.051632148236923,11.090746917681745,6.409657224991456,0,1.0
s26,c8,0,11.090746917681745,11.508939994772478,11.090746917681745,1,1.0
s26,c8,1,11.090746917681745,11.508939994772478,6.409657224991456,0,1.0
s26,c8,0,11.508939994772478,11.537449459733685,11.508939994772478,1,1.0
s26,c8,1,11.508939994772478,11.537449459733685,6.409657224991456,0,1.0
s26,c8,0,11.537449459733685,12.024776005387228,11.537449459733685,1,1.0
s26,c8,1,11.537449459733685,12.024776005387228,6.409657224991456,0,1.0
s26,c8,0,12.024776005387228,12.07204003803654,12.024776005387228,0,1.0
s26,c8,1,12.024776005387228,12.07204003803654,6.409657224991456,1,1.0
s26,c8,0,12.07204003803654,12.4922726511822,12.024776005387228,1,1.0
s26,c8,1,12.07204003803654,12.4922726511822,12.07204003803654,0,1.0
s26,c8,0,12.4922726511822,12.630580796268744,12.4922726511822,1,1.0
s26,c8,1,12.4922726511822,12.630580796268744,12.07204003803654,0,1.0
s26,c8,0,12.630580796268744,12.991425674278304,12.630580796268744,0,1.0
s26,c8,1,12.630580796268744,12.991425674278304,12.07204003803654,1,1.0
s26,c8,0,12.991425674278304,13.360795209423177,12.630580796268744,1,1.0
s26,c8,1,12.991425674278304,13.360795209423177,12.991425674278304,0,1.0
s26,c8,0,13.360795209423177,13.525871406054328,13.360795209423177,0,1.0
s26,c8,1,13.360795209423177,13.525871406054328,12.991425674278304,1,1.0
s26,c8,0,13.525871406054328,13.691898582417089,13.360795209423177,1,1.0
s26,c8,1,13.525871406054328,13.691898582417089,13.525871406054328,0,1.0
s26,c8,0,13.691898582417089,13.696449209899171,13.691898582417089,1,1.0
s26,c8,1,13.691898582417089,13.696449209899171,13.525871406054328,0,1.0
s26,c8,0,13.696449209899171,15.219543082559756,13.696449209899171,0,1.0
s26,c8,1,13.696449209899171,15.219543082559756,13.525871406054328,1,1.0
s26,c8,0,15.219543082559756,16.0,13.696449209899171,0,1.0
s26,c8,1,15.219543082559756,16.0,15.219543082559756,0,1.0
s27,c9,0,0.0,0.10535806252863376,0.0,1,-1.0
s27,c9,1,0.0,0.10535806252863376,0.0,0,-1.0
s27,c9,0,0.10535806252863376,0.7909344545426192,0.10535806252863376,1,-1.0
s27,c9,1,0.10535806252863376,0.7909344545426192,0.0,0,-1.0
s27,c9,0,0.7909344545426192,1.3970407607489759,0.7909344545426192,0,-1.0
s27,c9,1,0.7909344545426192,1.3970407607489759,0.0,1,-1.0
s27,c9,0,1.3970407607489759,1.3982503292563953,0.7909344545426192,0,-1.0
s27,c9,1,1.3970407607489759,1.3982503292563953,1.3970407607489759,1,-1.0
s27,c9,0,1.3982503292563953,1.6830548588271852,0.7909344545426192,0,-1.0
s27,c9,1,1.3982503292563953,1.6830548588271852,1.3982503292563953,1,-1.0
s27,c9,0,1.6830548588271852,1.908975555958546,0.7909344545426192,1,-1.0
s27,c9,1,1.6830548588271852,1.908975555958546,1.6830548588271852,0,-1.0
s27,c9,0,1.908975555958546,2.3442955907450305,1.908975555958546,0,-1.0
s27,c9,1,1.908975555958546,2.3442955907450305,1.6830548588271852,1,-1.0
s27,c9,0,2.3442955907450305,2.385681380177755,1.908975555958546,0,-1.0
s27,c9,1,2.3442955907450305,2.385681380177755,2.3442955907450305,0,-1.0
s27,c9,0,2.385681380177755,2.4451946202468493,1.908975555958546,1,-1.0
s27,c9,1,2.385681380177755,2.4451946202468493,2.3442955907450305,0,-1.0
s27,c9,0,2.4451946202468493,2.68830207804744,2.4451946202468493,0,-1.0
s27,c9,1,2.4451946202468493,2.68830207804744,2.3442955907450305,1,-1.0
s27,c9,0,2.68830207804744,2.771080173738086,2.4451946202468493,0,-1.0
s27,c9,1,2.68830207804744,2.771080173738086,2.68830207804744,1,-1.0
s27,c9,0,2.771080173738086,2.8892885144553118,2.4451946202468493,0,-1.0
s27,c9,1,2.771080173738086,2.8892885144553118,2.771080173738086,1,-1.0
s27,c9,0,2.8892885144553118,2.981994725228738,2.4451946202468493,0,-1.0
s27,c9,1,2.8892885144553118,2.981994725228738,2.8892885144553118,1,-1.0
s27,c9,0,2.981994725228738,3.8085720771167644,2.4451946202468493,1,-1.0
s27,c9,1,2.981994725228738,3.8085720771167644,2.981994725228738,0,-1.0
s27,c9,0,3.8085720771167644,3.913417271476641,3.8085720771167644,1,-1.0
s27,c9,1,3.8085720771167644,3.913417271476641,2.981994725228738,0,-1.0
s27,c9,0,3.913417271476641,4.264821297288887,3.913417271476641,0,-1.0
s27,c9,1,3.913417271476641,4.264821297288887,2.981994725228738,1,-1.0
s27,c9,0,4.264821297288887,4.4838789417353935,3.913417271476641,1,-1.0
s27,c9,1,4.264821297288887,4.4838789417353935,4.264821297288887,0,-1.0
s27,c9,0,4.4838789417353935,5.183000951468758,4.4838789417353935,0,-1.0
s27,c9,1,4.4838789417353935,5.183000951468758,4.264821297288887,1,-1.0
s27,c9,0,5.183000951468758,5.227045705535456,4.4838789417353935,0,-1.0
s27,c9,1,5.183000951468758,5.227045705535456,5.183000951468758,1,-1.0
s27,c9,0,5.227045705535456,5.50291830560875,4.4838789417353935,0,-1.0
s27,c9,1,5.227045705535456,5.50291830560875,5.227045705535456,1,-1.0
s27,c9,0,5.50291830560875,5.94663970893939,4.4838789417353935,0,-1.0
s27,c9,1,5.50291830560875,5.94663970893939,5.50291830560875,1,-1.0
s27,c9,0,5.94663970893939,6.318764769244627,4.4838789417353935,0,-1.0
s27,c9,1,5.94663970893939,6.318764769244627,5.94663970893939,1,-1.0
s27,c9,0,6.318764769244627,6.351489015824838,4.4838789417353935,0,-1.0
s27,c9,1,6.318764769244627,6.351489015824838,6.318764769244627,1,-1.0
s27,c9,0,6.351489015824838,6.930961078972057,4.4838789417353935,1,-1.0
s27,c9,1,6.351489015824838,6.930961078972057,6.351489015824838,0,-1.0
s27,c9,0,6.930961078972057,7.569170975083786,6.930961078972057,1,-1.0
s27,c9,1,6.930961078972057,7.569170975083786,6.351489015824838,0,-1.0
s27,c9,0,7.569170975083786,7.654430934971601,7.569170975083786,0,-1.0
s27,c9,1,7.569170975083786,7.654430934971601,6.351489015824838,1,-1.0
s27,c9,0,7.654430934971601,7.685529909100394,7.569170975083786,0,-1.0
s27,c9,1,7.654430934971601,7.685529909100394,7.654430934971601,1,-1.0
s27,c9,0,7.685529909100394,8.113362300330643,7.569170975083786,0,-1.0
s27,c9,1,7.685529909100394,8.113362300330643,7.685529909100394,1,-1.0
s27,c9,0,8.113362300330643,8.24505145476909,7.569170975083786,0,-1.0
s27,c9,1,8.113362300330643,8.24505145476909,8.113362300330643,1,-1.0
s27,c9,0,8.24505145476909,8.470154770219773,7.569170975083786,1,-1.0
s27,c9,1,8.24505145476909,8.470154770219773,8.24505145476909,0,-1.0
s27,c9,0,8.470154770219773,8.83044611404418,8.470154770219773,0,-1.0
s27,c9,1,8.470154770219773,8.83044611404418,8.24505145476909,1,-1.0
s27,c9,0,8.83044611404418,9.34646446909589,8.470154770219773,1,-1.0
s27,c9,1,8.83044611404418,9.34646446909589,8.83044611404418,0,-1.0
s27,c9,0,9.34646446909589,10.020529239278469,9.34646446909589,0,-1.0
s27,c9,1,9.34646446909589,10.020529239278469,8.83044611404418,0,-1.0
s27,c9,0,10.020529239278469,10.422536573615151,9.34646446909589,1,-1.0
s27,c9,1,10.020529239278469,10.422536573615151,8.83044611404418,0,-1.0
s27,c9,0,10.422536573615151,10.595032451775145,10.422536573615151,1,-1.0
s27,c9,1,10.422536573615151,10.595032451775145,8.83044611404418,0,-1.0
s27,c9,0,10.595032451775145,11.360699667091733,10.595032451775145,1,-1.0
s27,c9,1,10.595032451775145,11.360699667091733,8.83044611404418,0,-1.0
s27,c9,0,11.360699667091733,11.39161111321727,11.360699667091733,1,-1.0
s27,c9,1,11.360699667091733,11.39161111321727,8.83044611404418,0,-1.0
s27,c9,0,11.39161111321727,11.553846308067786,11.39161111321727,1,-1.0
s27,c9,1,11.39161111321727,11.553846308067786,8.83044611404418,0,-1.0
s27,c9,0,11.553846308067786,11.565640286501319,11.553846308067786,0,-1.0
s27,c9,1,11.553846308067786,11.565640286501319,8.83044611404418,1,-1.0
s27,c9,0,11.565640286501319,11.794592197007404,11.553846308067786,0,-1.0
s27,c9,1,11.565640286501319,11.794592197007404,11.565640286501319,1,-1.0
s27,c9,0,11.794592197007404,12.48406675397924,11.553846308067786,0,-1.0
s27,c9,1,11.794592197007404,12.48406675397924,11.794592197007404,1,-1.0
s27,c9,0,12.48406675397924,12.952645618402254,11.553846308067786,0,-1.0
s27,c9,1,12.48406675397924,12.952645618402254,12.48406675397924,1,-1.0
s27,c9,0,12.952645618402254,13.055232342281442,11.553846308067786,0,-1.0
s27,c9,1,12.952645618402254,13.055232342281442,12.952645618402254,1,-1.0
s27,c9,0,13.055232342281442,13.220210556525444,11.553846308067786,0,-1.0
s27,c9,1,13.055232342281442,13.220210556525444,13.055232342281442,1,-1.0
s27,c9,0,13.220210556525444,13.412996396234048,11.553846308067786,1,-1.0
s27,c9,1,13.220210556525444,13.412996396234048,13.220210556525444,0,-1.0
s27,c9,0,13.412996396234048,13.515590797308963,13.412996396234048,1,-1.0
s27,c9,1,13.412996396234048,13.515590797308963,13.220210556525444,0,-1.0
s27,c9,0,13.515590797308963,13.628978896544682,13.515590797308963,0,-1.0
s27,c9,1,13.515590797308963,13.628978896544682,13.220210556525444,1,-1.0
s27,c9,0,13.628978896544682,13.643289273052483,13.515590797308963,0,-1.0
s27,c9,1,13.628978896544682,13.643289273052483,13.628978896544682,1,-1.0
s27,c9,0,13.643289273052483,15.918738468804289,13.515590797308963,0,-1.0
s27,c9,1,13.643289273052483,15.918738468804289,13.643289273052483,0,-1.0
s27,c9,0,15.918738468804289,16.0,13.515590797308963,0,-1.0
s27,c9,1,15.918738468804289,16.0,13.643289273052483,0,-1.0
s28,c9,0,0.0,0.2952238181157911,0.0,0,1.0
s28,c9,1,0.0,0.2952238181157911,0.0,1,1.0
s28,c9,0,0.2952238181157911,0.3552391055234074,0.0,1,1.0
s28,c9,1,0.2952238181157911,0.3552391055234074,0.2952238181157911,0,1.0
s28,c9,0,0.3552391055234074,0.5089901680439675,0.3552391055234074,1,1.0
s28,c9,1,0.3552391055234074,0.5089901680439675,0.2952238181157911,0,1.0
s28,c9,0,0.5089901680439675,1.3448764704112557,0.5089901680439675,1,1.0
s28,c9,1,0.5089901680439675,1.3448764704112557,0.2952238181157911,0,1.0
s28,c9,0,1.3448764704112557,1.8914372294523276,1.3448764704112557,1,1.0
s28,c9,1,1.3448764704112557,1.8914372294523276,0.2952238181157911,0,1.0
s28,c9,0,1.8914372294523276,3.0816252295420385,1.8914372294523276,1,1.0
s28,c9,1,1.8914372294523276,3.0816252295420385,0.2952238181157911,0,1.0
s28,c9,0,3.0816252295420385,4.022580043878414,3.0816252295420385,0,1.0
s28,c9,1,3.0816252295420385,4.022580043878414,0.2952238181157911,1,1.0
s28,c9,0,4.022580043878414,4.093318862541989,3.0816252295420385,1,1.0
s28,c9,1,4.022580043878414,4.093318862541989,4.022580043878414,0,1.0
s28,c9,0,4.093318862541989,4.593814918003564,4.093318862541989,0,1.0
s28,c9,1,4.093318862541989,4.593814918003564,4.022580043878414,0,1.0
s28,c9,0,4.593814918003564,4.701495911014192,4.093318862541989,1,1.0
s28,c9,1,4.593814918003564,4.701495911014192,4.022580043878414,0,1.0
s28,c9,0,4.701495911014192,5.0260029668394335,4.701495911014192,1,1.0
s28,c9,1,4.701495911014192,5.0260029668394335,4.022580043878414,0,1.0
s28,c9,0,5.0260029668394335,5.168774417622405,5.0260029668394335,1,1.0
s28,c9,1,5.0260029668394335,5.168774417622405,4.022580043878414,0,1.0
s28,c9,0,5.168774417622405,6.229044152650628,5.168774417622405,0,1.0
s28,c9,1,5.168774417622405,6.229044152650628,4.022580043878414,0,1.0
s28,c9,0,6.229044152650628,6.407961512381098,5.168774417622405,1,1.0
s28,c9,1,6.229044152650628,6.407961512381098,4.022580043878414,0,1.0
s28,c9,0,6.407961512381098,7.996014242641203,6.407961512381098,0,1.0
s28,c9,1,6.407961512381098,7.996014242641203,4.022580043878414,0,1.0
s28,c9,0,7.996014242641203,8.292812720227845,6.407961512381098,0,1.0
s28,c9,1,7.996014242641203,8.292812720227845,4.022580043878414,0,1.0
s28,c9,0,8.292812720227845,9.1076064649874,6.407961512381098,0,1.0
s28,c9,1,8.292812720227845,9.1076064649874,4.022580043878414,0,1.0
s28,c9,0,9.1076064649874,9.573194534787312,6.407961512381098,1,1.0
s28,c9,1,9.1076064649874,9.573194534787312,4.022580043878414,0,1.0
s28,c9,0,9.573194534787312,10.15758667845205,9.573194534787312,1,1.0
s28,c9,1,9.573194534787312,10.15758667845205,4.022580043878414,0,1.0
s28,c9,0,10.15758667845205,10.619120151402873,10.15758667845205,0,1.0
s28,c9,1,10.15758667845205,10.619120151402873,4.022580043878414,1,1.0
s28,c9,0,10.619120151402873,10.729304730581442,10.15758667845205,1,1.0
s28,c9,1,10.619120151402873,10.729304730581442,10.619120151402873,0,1.0
s28,c9,0,10.729304730581442,10.912155346832218,10.729304730581442,1,1.0
s28,c9,1,10.729304730581442,10.912155346832218,10.619120151402873,0,1.0
s28,c9,0,10.912155346832218,11.177908994697434,10.912155346832218,0,1.0
s28,c9,1,10.912155346832218,11.177908994697434,10.619120151402873,1,1.0
s28,c9,0,11.177908994697434,11.666857669861576,10.912155346832218,1,1.0
s28,c9,1,11.177908994697434,11.666857669861576,11.177908994697434,0,1.0
s28,c9,0,11.666857669861576,11.979325948397507,11.666857669861576,1,1.0
s28,c9,1,11.666857669861576,11.979325948397507,11.177908994697434,0,1.0
s28,c9,0,11.979325948397507,13.16123581538726,11.979325948397507,1,1.0
s28,c9,1,11.979325948397507,13.16123581538726,11.177908994697434,0,1.0
s28,c9,0,13.16123581538726,13.3261874068301,13.16123581538726,1,1.0
s28,c9,1,13.16123581538726,13.3261874068301,11.177908994697434,0,1.0
s28,c9,0,13.3261874068301,14.362380680884964,13.3261874068301,1,1.0
s28,c9,1,13.3261874068301,14.362380680884964,11.177908994697434,0,1.0
s28,c9,0,14.362380680884964,15.176997054712524,14.362380680884964,0,1.0
s28,c9,1,14.362380680884964,15.176997054712524,11.177908994697434,0,1.0
s28,c9,0,15.176997054712524,15.937114598145975,14.362380680884964,1,1.0
s28,c9,1,15.176997054712524,15.937114598145975,11.177908994697434,0,1.0
s28,c9,0,15.937114598145975,16.0,15.937114598145975,0,1.0
s28,c9,1,15.937114598145975,16.0,11.177908994697434,0,1.0
s29,c10,0,0.0,0.0416979231819737,0.0,1,1.0
s29,c10,1,0.0,0.0416979231819737,0.0,0,1.0
s29,c10,0,0.0416979231819737,0.23539756146557167,0.0416979231819737,1,1.0
s29,c10,1,0.0416979231819737,0.23539756146557167,0.0,0,1.0
s29,c10,0,0.23539756146557167,0.34384627104982063,0.23539756146557167,0,1.0
s29,c10,1,0.23539756146557167,0.34384627104982063,0.0,1,1.0
s29,c10,0,0.34384627104982063,0.39272007836900147,0.23539756146557167,0,1.0
s29,c10,1,0.34384627104982063,0.39272007836900147,0.34384627104982063,1,1.0
s29,c10,0,0.39272007836900147,1.3391651352863216,0.23539756146557167,0,1.0
s29,c10,1,0.39272007836900147,1.3391651352863216,0.39272007836900147,1,1.0
s29,c10,0,1.3391651352863216,2.19619979022558,0.23539756146557167,1,1.0
s29,c10,1,1.3391651352863216,2.19619979022558,1.3391651352863216,0,1.0
s29,c10,0,2.19619979022558,2.355436324424008,2.19619979022558,0,1.0
s29,c10,1,2.19619979022558,2.355436324424008,1.3391651352863216,0,1.0
s29,c10,0,2.355436324424008,2.4691278373478136,2.19619979022558,0,1.0
s29,c10,1,2.355436324424008,2.4691278373478136,1.3391651352863216,1,1.0
s29,c10,0,2.4691278373478136,3.048653591283448,2.19619979022558,1,1.0
s29,c10,1,2.4691278373478136,3.048653591283448,2.4691278373478136,0,1.0
s29,c10,0,3.048653591283448,3.5354441213878203,3.048653591283448,0,1.0
s29,c10,1,3.048653591283448,3.5354441213878203,2.4691278373478136,1,1.0
s29,c10,0,3.5354441213878203,3.9193952853387772,3.048653591283448,1,1.0
s29,c10,1,3.5354441213878203,3.9193952853387772,3.5354441213878203,0,1.0
s29,c10,0,3.9193952853387772,3.9245067534796148,3.9193952853387772,1,1.0
s29,c10,1,3.9193952853387772,3.9245067534796148,3.5354441213878203,0,1.0
s29,c10,0,3.9245067534796148,4.157403902811598,3.9245067534796148,0,1.0
s29,c10,1,3.9245067534796148,4.157403902811598,3.5354441213878203,0,1.0
s29,c10,0,4.157403902811598,4.21750314197674,3.9245067534796148,1,1.0
s29,c10,1,4.157403902811598,4.21750314197674,3.5354441213878203,0,1.0
s29,c10,0,4.21750314197674,4.472378346634949,4.21750314197674,0,1.0
s29,c10,1,4.21750314197674,4.472378346634949,3.5354441213878203,0,1.0
s29,c10,0,4.472378346634949,5.056449494424064,4.21750314197674,1,1.0
s29,c10,1,4.472378346634949,5.056449494424064,3.5354441213878203,0,1.0
s29,c10,0,5.056449494424064,5.0813791382917115,5.056449494424064,1,1.0
s29,c10,1,5.056449494424064,5.0813791382917115,3.5354441213878203,0,1.0
s29,c10,0,5.0813791382917115,6.665819923414374,5.0813791382917115,1,1.0
s29,c10,1,5.0813791382917115,6.665819923414374,3.5354441213878203,0,1.0
s29,c10,0,6.665819923414374,6.941586900191339,6.665819923414374,0,1.0
s29,c10,1,6.665819923414374,6.941586900191339,3.5354441213878203,0,1.0
s29,c10,0,6.941586900191339,6.960717457769335,6.665819923414374,1,1.0
s29,c10,1,6.941586900191339,6.960717457769335,3.5354441213878203,0,1.0
s29,c10,0,6.960717457769335,7.124836831973135,6.960717457769335,0,1.0
s29,c10,1,6.960717457769335,7.124836831973135,3.5354441213878203,0,1.0
s29,c10,0,7.124836831973135,7.379736171816915,6.960717457769335,0,1.0
s29,c10,1,7.124836831973135,7.379736171816915,3.5354441213878203,1,1.0
s29,c10,0,7.379736171816915,7.471125827561685,6.960717457769335,0,1.0
s29,c10,1,7.379736171816915,7.471125827561685,7.379736171816915,1,1.0
s29,c10,0,7.471125827561685,8.046805727799752,6.960717457769335,1,1.0
s29,c10,1,7.471125827561685,8.046805727799752,7.471125827561685,0,1.0
s29,c10,0,8.046805727799752,8.472612407976808,8.046805727799752,1,1.0
s29,c10,1,8.046805727799752,8.472612407976808,7.471125827561685,0,1.0
s29,c10,0,8.472612407976808,8.691867165068242,8.472612407976808,1,1.0
s29,c10,1,8.472612407976808,8.691867165068242,7.471125827561685,0,1.0
s29,c10,0,8.691867165068242,10.126055160341359,8.691867165068242,1,1.0
s29,c10,1,8.691867165068242,10.126055160341359,7.471125827561685,0,1.0
s29,c10,0,10.126055160341359,10.267457836849573,10.126055160341359,1,1.0
s29,c10,1,10.126055160341359,10.267457836849573,7.471125827561685,0,1.0
s29,c10,0,10.267457836849573,10.99207106472833,10.267457836849573,1,1.0
s29,c10,1,10.267457836849573,10.99207106472833,7.471125827561685,0,1.0
s29,c10,0,10.99207106472833,11.813062914291327,10.99207106472833,1,1.0
s29,c10,1,10.99207106472833,11.813062914291327,7.471125827561685,0,1.0
s29,c10,0,11.813062914291327,12.038700492800738,11.813062914291327,0,1.0
s29,c10,1,11.813062914291327,12.038700492800738,7.471125827561685,0,1.0
s29,c10,0,12.038700492800738,12.051823801388224,11.813062914291327,1,1.0
s29,c10,1,12.038700492800738,12.051823801388224,7.471125827561685,0,1.0
s29,c10,0,12.051823801388224,12.122239419129073,12.051823801388224,0,1.0
s29,c10,1,12.051823801388224,12.122239419129073,7.471125827561685,1,1.0
s29,c10,0,12.122239419129073,12.966352572493127,12.051823801388224,0,1.0
s29,c10,1,12.122239419129073,12.966352572493127,12.122239419129073,1,1.0
s29,c10,0,12.966352572493127,13.011311391156461,12.051823801388224,1,1.0
s29,c10,1,12.966352572493127,13.011311391156461,12.966352572493127,0,1.0
s29,c10,0,13.011311391156461,13.090812881130057,13.011311391156461,1,1.0
s29,c10,1,13.011311391156461,13.090812881130057,12.966352572493127,0,1.0
s29,c10,0,13.090812881130057,13.214642111074905,13.090812881130057,1,1.0
s29,c10,1,13.090812881130057,13.214642111074905,12.966352572493127,0,1.0
s29,c10,0,13.214642111074905,13.51487158127695,13.214642111074905,0,1.0
s29,c10,1,13.214642111074905,13.51487158127695,12.966352572493127,0,1.0
s29,c10,0,13.51487158127695,13.711265479115145,13.214642111074905,1,1.0
s29,c10,1,13.51487158127695,13.711265479115145,12.966352572493127,0,1.0
s29,c10,0,13.711265479115145,14.157508316585671,13.711265479115145,1,1.0
s29,c10,1,13.711265479115145,14.157508316585671,12.966352572493127,0,1.0
s29,c10,0,14.157508316585671,14.187151898772221,14.157508316585671,0,1.0
s29,c10,1,14.157508316585671,14.187151898772221,12.966352572493127,1,1.0
s29,c10,0,14.187151898772221,16.0,14.157508316585671,0,1.0
s29,c10,1,14.187151898772221,16.0,14.187151898772221,0,1.0
s30,c10,0,0.0,0.4022409001893525,0.0,0,-1.0
s30,c10,1,0.0,0.4022409001893525,0.0,1,-1.0
s30,c10,0,0.4022409001893525,0.569294622214636,0.0,1,-1.0
s30,c10,1,0.4022409001893525,0.569294622214636,0.4022409001893525,0,-1.0
s30,c10,0,0.569294622214636,0.5795271402038146,0.569294622214636,0,-1.0
s30,c10,1,0.569294622214636,0.5795271402038146,0.4022409001893525,1,-1.0
s30,c10,0,0.5795271402038146,0.6737130589802561,0.569294622214636,0,-1.0
s30,c10,1,0.5795271402038146,0.6737130589802561,0.5795271402038146,1,-1.0
s30,c10,0,0.6737130589802561,0.6876349109262576,0.569294622214636,0,-1.0
s30,c10,1,0.6737130589802561,0.6876349109262576,0.6737130589802561,1,-1.0
s30,c10,0,0.6876349109262576,1.0749940555436381,0.569294622214636,0,-1.0
s30,c10,1,0.6876349109262576,1.0749940555436381,0.6876349109262576,1,-1.0
s30,c10,0,1.0749940555436381,1.2927419282426122,0.569294622214636,0,-1.0
s30,c10,1,1.0749940555436381,1.2927419282426122,1.0749940555436381,1,-1.0
s30,c10,0,1.2927419282426122,1.4989306064455163,0.569294622214636,0,-1.0
s30,c10,1,1.2927419282426122,1.4989306064455163,1.2927419282426122,1,-1.0
s30,c10,0,1.4989306064455163,1.5101030179092403,0.569294622214636,1,-1.0
s30,c10,1,1.4989306064455163,1.5101030179092403,1.4989306064455163,0,-1.0
s30,c10,0,1.5101030179092403,1.8539639469507123,1.5101030179092403,1,-1.0
s30,c10,1,1.5101030179092403,1.8539639469507123,1.4989306064455163,0,-1.0
s30,c10,0,1.8539639469507123,2.029939385509637,1.8539639469507123,0,-1.0
s30,c10,1,1.8539639469507123,2.029939385509637,1.4989306064455163,1,-1.0
s30,c10,0,2.029939385509637,2.549476982632145,1.8539639469507123,0,-1.0
s30,c10,1,2.029939385509637,2.549476982632145,2.029939385509637,1,-1.0
s30,c10,0,2.549476982632145,2.680750271530992,1.8539639469507123,0,-1.0
s30,c10,1,2.549476982632145,2.680750271530992,2.549476982632145,1,-1.0
s30,c10,0,2.680750271530992,3.0910678170227066,1.8539639469507123,0,-1.0
s30,c10,1,2.680750271530992,3.0910678170227066,2.680750271530992,1,-1.0
s30,c10,0,3.0910678170227066,3.4219480475048147,1.8539639469507123,0,-1.0
s30,c10,1,3.0910678170227066,3.4219480475048147,3.0910678170227066,1,-1.0
s30,c10,0,3.4219480475048147,3.9278627777681097,1.8539639469507123,0,-1.0
s30,c10,1,3.4219480475048147,3.9278627777681097,3.4219480475048147,1,-1.0
s30,c10,0,3.9278627777681097,3.9777995896728076,1.8539639469507123,1,-1.0
s30,c10,1,3.9278627777681097,3.9777995896728076,3.9278627777681097,0,-1.0
s30,c10,0,3.9777995896728076,4.13963215700782,3.9777995896728076,0,-1.0
s30,c10,1,3.9777995896728076,4.13963215700782,3.9278627777681097,1,-1.0
s30,c10,0,4.13963215700782,4.475433543130915,3.9777995896728076,0,-1.0
s30,c10,1,4.13963215700782,4.475433543130915,4.13963215700782,1,-1.0
s30,c10,0,4.475433543130915,4.487028279176895,3.9777995896728076,1,-1.0
s30,c10,1,4.475433543130915,4.487028279176895,4.475433543130915,0,-1.0
s30,c10,0,4.487028279176895,4.529341865244869,4.487028279176895,0,-1.0
s30,c10,1,4.487028279176895,4.529341865244869,4.475433543130915,1,-1.0
s30,c10,0,4.529341865244869,4.608043889985529,4.487028279176895,0,-1.0
s30,c10,1,4.529341865244869,4.608043889985529,4.529341865244869,1,-1.0
s30,c10,0,4.608043889985529,4.76201894451206,4.487028279176895,0,-1.0
s30,c10,1,4.608043889985529,4.76201894451206,4.608043889985529,1,-1.0
s30,c10,0,4.76201894451206,4.802580287817533,4.487028279176895,1,-1.0
s30,c10,1,4.76201894451206,4.802580287817533,4.76201894451206,0,-1.0
s30,c10,0,4.802580287817533,5.166847386420713,4.802580287817533,0,-1.0
s30,c10,1,4.802580287817533,5.166847386420713,4.76201894451206,1,-1.0
s30,c10,0,5.166847386420713,5.474213554602725,4.802580287817533,0,-1.0
s30,c10,1,5.166847386420713,5.474213554602725,5.166847386420713,1,-1.0
s30,c10,0,5.474213554602725,5.993687706023309,4.802580287817533,1,-1.0
s30,c10,1,5.474213554602725,5.993687706023309,5.474213554602725,0,-1.0
s30,c10,0,5.993687706023309,6.223734331883952,5.993687706023309,1,-1.0
s30,c10,1,5.993687706023309,6.223734331883952,5.474213554602725,0,-1.0
s30,c10,0,6.223734331883952,6.25431656200736,6.223734331883952,0,-1.0
s30,c10,1,6.223734331883952,6.25431656200736,5.474213554602725,1,-1.0
s30,c10,0,6.25431656200736,6.3845405373516435,6.223734331883952,0,-1.0
s30,c10,1,6.25431656200736,6.3845405373516435,6.25431656200736,1,-1.0
s30,c10,0,6.3845405373516435,6.5580092750328065,6.223734331883952,0,-1.0
s30,c10,1,6.3845405373516435,6.5580092750328065,6.3845405373516435,1,-1.0
s30,c10,0,6.5580092750328065,6.828574284383059,6.223734331883952,1,-1.0
s30,c10,1,6.5580092750328065,6.828574284383059,6.5580092750328065,0,-1.0
s30,c10,0,6.828574284383059,7.455657608815891,6.828574284383059,0,-1.0
s30,c10,1,6.828574284383059,7.455657608815891,6.5580092750328065,1,-1.0
s30,c10,0,7.455657608815891,7.618973167046813,6.828574284383059,1,-1.0
s30,c10,1,7.455657608815891,7.618973167046813,7.455657608815891,0,-1.0
s30,c10,0,7.618973167046813,7.816735821921115,7.618973167046813,1,-1.0
s30,c10,1,7.618973167046813,7.816735821921115,7.455657608815891,0,-1.0
s30,c10,0,7.816735821921115,7.897285857164447,7.816735821921115,0,-1.0
s30,c10,1,7.816735821921115,7.897285857164447,7.455657608815891,1,-1.0
s30,c10,0,7.897285857164447,8.027902111027846,7.816735821921115,0,-1.0
s30,c10,1,7.897285857164447,8.027902111027846,7.897285857164447,1,-1.0
s30,c10,0,8.027902111027846,8.080551120179043,7.816735821921115,0,-1.0
s30,c10,1,8.027902111027846,8.080551120179043,8.027902111027846,1,-1.0
s30,c10,0,8.080551120179043,8.484560692289087,7.816735821921115,0,-1.0
s30,c10,1,8.080551120179043,8.484560692289087,8.080551120179043,1,-1.0
s30,c10,0,8.484560692289087,8.739874542906398,7.816735821921115,0,-1.0
s30,c10,1,8.484560692289087,8.739874542906398,8.484560692289087,1,-1.0
s30,c10,0,8.739874542906398,9.000948425071314,7.816735821921115,0,-1.0
s30,c10,1,8.739874542906398,9.000948425071314,8.739874542906398,1,-1.0
s30,c10,0,9.000948425071314,9.195040661722583,7.816735821921115,0,-1.0
s30,c10,1,9.000948425071314,9.195040661722583,9.000948425071314,1,-1.0
s30,c10,0,9.195040661722583,9.944154920920855,7.816735821921115,0,-1.0
s30,c10,1,9.195040661722583,9.944154920920855,9.195040661722583,0,-1.0
s30,c10,0,9.944154920920855,9.99105578556582,7.816735821921115,0,-1.0
s30,c10,1,9.944154920920855,9.99105578556582,9.195040661722583,1,-1.0
s30,c10,0,9.99105578556582,10.069843074671402,7.816735821921115,0,-1.0
s30,c10,1,9.99105578556582,10.069843074671402,9.99105578556582,1,-1.0
s30,c10,0,10.069843074671402,10.268842271230893,7.816735821921115,0,-1.0
s30,c10,1,10.069843074671402,10.268842271230893,10.069843074671402,1,-1.0
s30,c10,0,10.268842271230893,10.657546536327212,7.816735821921115,1,-1.0
s30,c10,1,10.268842271230893,10.657546536327212,10.268842271230893,0,-1.0
s30,c10,0,10.657546536327212,11.37418464028443,10.657546536327212,0,-1.0
s30,c10,1,10.657546536327212,11.37418464028443,10.268842271230893,1,-1.0
s30,c10,0,11.37418464028443,11.49212329139697,10.657546536327212,0,-1.0
s30,c10,1,11.37418464028443,11.49212329139697,11.37418464028443,1,-1.0
s30,c10,0,11.49212329139697,11.514184266353652,10.657546536327212,1,-1.0
s30,c10,1,11.49212329139697,11.514184266353652,11.49212329139697,0,-1.0
s30,c10,0,11.514184266353652,11.815132219323727,11.514184266353652,0,-1.0
s30,c10,1,11.514184266353652,11.815132219323727,11.49212329139697,1,-1.0
s30,c10,0,11.815132219323727,12.412508663051455,11.514184266353652,0,-1.0
s30,c10,1,11.815132219323727,12.412508663051455,11.815132219323727,1,-1.0
s30,c10,0,12.412508663051455,12.414541392769953,11.514184266353652,0,-1.0
s30,c10,1,12.412508663051455,12.414541392769953,12.412508663051455,1,-1.0
s30,c10,0,12.414541392769953,12.692270366711526,11.514184266353652,0,-1.0
s30,c10,1,12.414541392769953,12.692270366711526,12.414541392769953,1,-1.0
s30,c10,0,12.692270366711526,12.74981633803116,11.514184266353652,1,-1.0
s30,c10,1,12.692270366711526,12.74981633803116,12.692270366711526,0,-1.0
s30,c10,0,12.74981633803116,12.969425211912801,12.74981633803116,0,-1.0
s30,c10,1,12.74981633803116,12.969425211912801,12.692270366711526,1,-1.0
s30,c10,0,12.969425211912801,13.397317775330322,12.74981633803116,0,-1.0
s30,c10,1,12.969425211912801,13.397317775330322,12.969425211912801,1,-1.0
s30,c10,0,13.397317775330322,14.010873000885198,12.74981633803116,0,-1.0
s30,c10,1,13.397317775330322,14.010873000885198,13.397317775330322,1,-1.0
s30,c10,0,14.010873000885198,14.018739127449187,12.74981633803116,0,-1.0
s30,c10,1,14.010873000885198,14.018739127449187,14.010873000885198,1,-1.0
s30,c10,0,14.018739127449187,14.147163237142871,12.74981633803116,0,-1.0
s30,c10,1,14.018739127449187,14.147163237142871,14.018739127449187,1,-1.0
s30,c10,0,14.147163237142871,14.239476166958132,12.74981633803116,0,-1.0
s30,c10,1,14.147163237142871,14.239476166958132,14.147163237142871,1,-1.0
s30,c10,0,14.239476166958132,15.241230459787278,12.74981633803116,0,-1.0
s30,c10,1,14.239476166958132,15.241230459787278,14.239476166958132,1,-1.0
s30,c10,0,15.241230459787278,15.560804902926668,12.74981633803116,0,-1.0
s30,c10,1,15.241230459787278,15.560804902926668,15.241230459787278,1,-1.0
s30,c10,0,15.560804902926668,15.746874280080725,12.74981633803116,0,-1.0
s30,c10,1,15.560804902926668,15.746874280080725,15.560804902926668,1,-1.0
s30,c10,0,15.746874280080725,15.754399503339048,12.74981633803116,0,-1.0
s30,c10,1,15.746874280080725,15.754399503339048,15.746874280080725,1,-1.0
s30,c10,0,15.754399503339048,15.844291690118514,12.74981633803116,0,-1.0
s30,c10,1,15.754399503339048,15.844291690118514,15.754399503339048,1,-1.0
s30,c10,0,15.844291690118514,16.0,12.74981633803116,0,-1.0
s30,c10,1,15.844291690118514,16.0,15.844291690118514,0,-1.0
s31,c10,0,0.0,0.07398102928996889,0.0,1,1.0
s31,c10,1,0.0,0.07398102928996889,0.0,0,1.0
s31,c10,0,0.07398102928996889,0.1489355252724423,0.07398102928996889,0,1.0
s31,c10,1,0.07398102928996889,0.1489355252724423,0.0,0,1.0
s31,c10,0,0.1489355252724423,0.2866188536542369,0.07398102928996889,1,1.0
s31,c10,1,0.1489355252724423,0.2866188536542369,0.0,0,1.0
s31,c10,0,0.2866188536542369,0.3095503830349468,0.2866188536542369,0,1.0
s31,c10,1,0.2866188536542369,0.3095503830349468,0.0,1,1.0
s31,c10,0,0.3095503830349468,0.5674509697235512,0.2866188536542369,1,1.0
s31,c10,1,0.3095503830349468,0.5674509697235512,0.3095503830349468,0,1.0
s31,c10,0,0.5674509697235512,0.9991860851547238,0.5674509697235512,0,1.0
s31,c10,1,0.5674509697235512,0.9991860851547238,0.3095503830349468,1,1.0
s31,c10,0,0.9991860851547238,1.1785080583272562,0.5674509697235512,0,1.0
s31,c10,1,0.9991860851547238,1.1785080583272562,0.9991860851547238,1,1.0
s31,c10,0,1.1785080583272562,2.572204343646963,0.5674509697235512,0,1.0
s31,c10,1,1.1785080583272562,2.572204343646963,1.1785080583272562,0,1.0
s31,c10,0,2.572204343646963,2.972459436399365,0.5674509697235512,0,1.0
s31,c10,1,2.572204343646963,2.972459436399365,1.1785080583272562,1,1.0
s31,c10,0,2.972459436399365,3.178574485564601,0.5674509697235512,0,1.0
s31,c10,1,2.972459436399365,3.178574485564601,2.972459436399365,1,1.0
s31,c10,0,3.178574485564601,3.605018654422148,0.5674509697235512,0,1.0
s31,c10,1,3.178574485564601,3.605018654422148,3.178574485564601,0,1.0
s31,c10,0,3.605018654422148,3.920540061660412,0.5674509697235512,0,1.0
s31,c10,1,3.605018654422148,3.920540061660412,3.178574485564601,1,1.0
s31,c10,0,3.920540061660412,4.672250715689906,0.5674509697235512,1,1.0
s31,c10,1,3.920540061660412,4.672250715689906,3.920540061660412,0,1.0
s31,c10,0,4.672250715689906,4.758524626145371,4.672250715689906,1,1.0
s31,c10,1,4.672250715689906,4.758524626145371,3.920540061660412,0,1.0
s31,c10,0,4.758524626145371,5.186441775173886,4.758524626145371,0,1.0
s31,c10,1,4.758524626145371,5.186441775173886,3.920540061660412,0,1.0
s31,c10,0,5.186441775173886,5.264043243848853,4.758524626145371,1,1.0
s31,c10,1,5.186441775173886,5.264043243848853,3.920540061660412,0,1.0
s31,c10,0,5.264043243848853,5.2794002788130205,5.264043243848853,0,1.0
s31,c10,1,5.264043243848853,5.2794002788130205,3.920540061660412,1,1.0
s31,c10,0,5.2794002788130205,5.563445986689531,5.264043243848853,1,1.0
s31,c10,1,5.2794002788130205,5.563445986689531,5.2794002788130205,0,1.0
s31,c10,0,5.563445986689531,6.028475938069581,5.563445986689531,0,1.0
s31,c10,1,5.563445986689531,6.028475938069581,5.2794002788130205,1,1.0
s31,c10,0,6.028475938069581,6.187236241086801,5.563445986689531,0,1.0
s31,c10,1,6.028475938069581,6.187236241086801,6.028475938069581,1,1.0
s31,c10,0,6.187236241086801,6.795795439911884,5.563445986689531,0,1.0
s31,c10,1,6.187236241086801,6.795795439911884,6.187236241086801,1,1.0
s31,c10,0,6.795795439911884,6.874795287781692,5.563445986689531,0,1.0
s31,c10,1,6.795795439911884,6.874795287781692,6.795795439911884,1,1.0
s31,c10,0,6.874795287781692,6.928226193572248,5.563445986689531,0,1.0
s31,c10,1,6.874795287781692,6.928226193572248,6.874795287781692,1,1.0
s31,c10,0,6.928226193572248,7.123395423858852,5.563445986689531,0,1.0
s31,c10,1,6.928226193572248,7.123395423858852,6.928226193572248,1,1.0
s31,c10,0,7.123395423858852,7.1398427726393,5.563445986689531,0,1.0
s31,c10,1,7.123395423858852,7.1398427726393,7.123395423858852,1,1.0
s31,c10,0,7.1398427726393,8.431696930719754,5.563445986689531,0,1.0
s31,c10,1,7.1398427726393,8.431696930719754,7.1398427726393,1,1.0
s31,c10,0,8.431696930719754,8.892117346681006,5.563445986689531,0,1.0
s31,c10,1,8.431696930719754,8.892117346681006,8.431696930719754,0,1.0
s31,c10,0,8.892117346681006,9.423599071544746,5.563445986689531,0,1.0
s31,c10,1,8.892117346681006,9.423599071544746,8.431696930719754,0,1.0
s31,c10,0,9.423599071544746,9.512348956249198,5.563445986689531,1,1.0
s31,c10,1,9.423599071544746,9.512348956249198,8.431696930719754,0,1.0
s31,c10,0,9.512348956249198,10.127684986519153,9.512348956249198,0,1.0
s31,c10,1,9.512348956249198,10.127684986519153,8.431696930719754,0,1.0
s31,c10,0,10.127684986519153,10.176885388237263,9.512348956249198,1,1.0
s31,c10,1,10.127684986519153,10.176885388237263,8.431696930719754,0,1.0
s31,c10,0,10.176885388237263,10.41970797034785,10.176885388237263,0,1.0
s31,c10,1,10.176885388237263,10.41970797034785,8.431696930719754,1,1.0
s31,c10,0,10.41970797034785,10.602177410897832,10.176885388237263,1,1.0
s31,c10,1,10.41970797034785,10.602177410897832,10.41970797034785,0,1.0
s31,c10,0,10.602177410897832,10.778781283144042,10.602177410897832,0,1.0
s31,c10,1,10.602177410897832,10.778781283144042,10.41970797034785,0,1.0
s31,c10,0,10.778781283144042,10.867119850415664,10.602177410897832,1,1.0
s31,c10,1,10.778781283144042,10.867119850415664,10.41970797034785,0,1.0
s31,c10,0,10.867119850415664,10.964530532761245,10.867119850415664,0,1.0
s31,c10,1,10.867119850415664,10.964530532761245,10.41970797034785,1,1.0
s31,c10,0,10.964530532761245,11.419468705192495,10.867119850415664,1,1.0
s31,c10,1,10.964530532761245,11.419468705192495,10.964530532761245,0,1.0
s31,c10,0,11.419468705192495,11.755403174691802,11.419468705192495,0,1.0
s31,c10,1,11.419468705192495,11.755403174691802,10.964530532761245,1,1.0
s31,c10,0,11.755403174691802,11.789726309323818,11.419468705192495,0,1.0
s31,c10,1,11.755403174691802,11.789726309323818,11.755403174691802,1,1.0
s31,c10,0,11.789726309323818,11.798407553373083,11.419468705192495,1,1.0
s31,c10,1,11.789726309323818,11.798407553373083,11.789726309323818,0,1.0
s31,c10,0,11.798407553373083,12.856684976675597,11.798407553373083,0,1.0
s31,c10,1,11.798407553373083,12.856684976675597,11.789726309323818,1,1.0
s31,c10,0,12.856684976675597,13.242286120074427,11.798407553373083,1,1.0
s31,c10,1,12.856684976675597,13.242286120074427,12.856684976675597,0,1.0
s31,c10,0,13.242286120074427,13.291035247919345,13.242286120074427,1,1.0
s31,c10,1,13.242286120074427,13.291035247919345,12.856684976675597,0,1.0
s31,c10,0,13.291035247919345,13.64012619742907,13.291035247919345,0,1.0
s31,c10,1,13.291035247919345,13.64012619742907,12.856684976675597,1,1.0
s31,c10,0,13.64012619742907,14.27540286156715,13.291035247919345,1,1.0
s31,c10,1,13.64012619742907,14.27540286156715,13.64012619742907,0,1.0
s31,c10,0,14.27540286156715,14.33527258075601,14.27540286156715,0,1.0
s31,c10,1,14.27540286156715,14.33527258075601,13.64012619742907,1,1.0
s31,c10,0,14.33527258075601,14.774361550167256,14.27540286156715,1,1.0
s31,c10,1,14.33527258075601,14.774361550167256,14.33527258075601,0,1.0
s31,c10,0,14.774361550167256,14.933407126593407,14.774361550167256,0,1.0
s31,c10,1,14.774361550167256,14.933407126593407,14.33527258075601,1,1.0
s31,c10,0,14.933407126593407,15.089080136369832,14.774361550167256,1,1.0
s31,c10,1,14.933407126593407,15.089080136369832,14.933407126593407,0,1.0
s31,c10,0,15.089080136369832,15.108767762067012,15.089080136369832,0,1.0
s31,c10,1,15.089080136369832,15.108767762067012,14.933407126593407,1,1.0
s31,c10,0,15.108767762067012,15.349491219908302,15.089080136369832,0,1.0
s31,c10,1,15.108767762067012,15.349491219908302,15.108767762067012,1,1.0
s31,c10,0,15.349491219908302,15.430626797969028,15.089080136369832,1,1.0
s31,c10,1,15.349491219908302,15.430626797969028,15.349491219908302,0,1.0
s31,c10,0,15.430626797969028,15.492127153950742,15.430626797969028,0,1.0
s31,c10,1,15.430626797969028,15.492127153950742,15.349491219908302,0,1.0
s31,c10,0,15.492127153950742,15.583526561590892,15.430626797969028,0,1.0
s31,c10,1,15.492127153950742,15.583526561590892,15.349491219908302,1,1.0
s31,c10,0,15.583526561590892,15.714213472899237,15.430626797969028,1,1.0
s31,c10,1,15.583526561590892,15.714213472899237,15.583526561590892,0,1.0
s31,c10,0,15.714213472899237,15.840137142429622,15.714213472899237,0,1.0
s31,c10,1,15.714213472899237,15.840137142429622,15.583526561590892,1,1.0
s31,c10,0,15.840137142429622,16.0,15.714213472899237,0,1.0
s31,c10,1,15.840137142429622,16.0,15.840137142429622,0,1.0
s32,c11,0,0.0,0.18380627786931664,0.0,0,-1.0
s32,c11,1,0.0,0.18380627786931664,0.0,1,-1.0
s32,c11,0,0.18380627786931664,0.7145318960169873,0.0,0,-1.0
s32,c11,1,0.18380627786931664,0.7145318960169873,0.18380627786931664,1,-1.0
s32,c11,0,0.7145318960169873,0.7516497870464388,0.0,0,-1.0
s32,c11,1,0.7145318960169873,0.7516497870464388,0.7145318960169873,1,-1.0
s32,c11,0,0.7516497870464388,0.8285720611803358,0.0,0,-1.0
s32,c11,1,0.7516497870464388,0.8285720611803358,0.7516497870464388,1,-1.0
s32,c11,0,0.8285720611803358,1.0026058965874758,0.0,0,-1.0
s32,c11,1,0.8285720611803358,1.0026058965874758,0.8285720611803358,1,-1.0
s32,c11,0,1.0026058965874758,1.0368790900118618,0.0,0,-1.0
s32,c11,1,1.0026058965874758,1.0368790900118618,1.0026058965874758,1,-1.0
s32,c11,0,1.0368790900118618,1.0769044991474734,0.0,0,-1.0
s32,c11,1,1.0368790900118618,1.0769044991474734,1.0368790900118618,1,-1.0
s32,c11,0,1.0769044991474734,1.3289901610579882,0.0,1,-1.0
s32,c11,1,1.0769044991474734,1.3289901610579882,1.0769044991474734,0,-1.0
s32,c11,0,1.3289901610579882,1.351370137662048,1.3289901610579882,0,-1.0
s32,c11,1,1.3289901610579882,1.351370137662048,1.0769044991474734,1,-1.0
s32,c11,0,1.351370137662048,1.6737356346043806,1.3289901610579882,0,-1.0
s32,c11,1,1.351370137662048,1.6737356346043806,1.351370137662048,1,-1.0
s32,c11,0,1.6737356346043806,1.8392152969705682,1.3289901610579882,1,-1.0
s32,c11,1,1.6737356346043806,1.8392152969705682,1.6737356346043806,0,-1.0
s32,c11,0,1.8392152969705682,1.9483085786053493,1.8392152969705682,0,-1.0
s32,c11,1,1.8392152969705682,1.9483085786053493,1.6737356346043806,1,-1.0
s32,c11,0,1.9483085786053493,2.213419635642634,1.8392152969705682,0,-1.0
s32,c11,1,1.9483085786053493,2.213419635642634,1.9483085786053493,1,-1.0
s32,c11,0,2.213419635642634,2.5813385388163015,1.8392152969705682,0,-1.0
s32,c11,1,2.213419635642634,2.5813385388163015,2.213419635642634,1,-1.0
s32,c11,0,2.5813385388163015,2.6100490846202073,1.8392152969705682,0,-1.0
s32,c11,1,2.5813385388163015,2.6100490846202073,2.5813385388163015,1,-1.0
s32,c11,0,2.6100490846202073,2.7223989247691134,1.8392152969705682,0,-1.0
s32,c11,1,2.6100490846202073,2.7223989247691134,2.6100490846202073,1,-1.0
s32,c11,0,2.7223989247691134,2.75903201947337,1.8392152969705682,0,-1.0
s32,c11,1,2.7223989247691134,2.75903201947337,2.7223989247691134,1,-1.0
s32,c11,0,2.75903201947337,3.22509004419234,1.8392152969705682,0,-1.0
s32,c11,1,2.75903201947337,3.22509004419234,2.75903201947337,1,-1.0
s32,c11,0,3.22509004419234,3.687033394596241,1.8392152969705682,0,-1.0
s32,c11,1,3.22509004419234,3.687033394596241,3.22509004419234,1,-1.0
s32,c11,0,3.687033394596241,3.986392080071769,1.8392152969705682,0,-1.0
s32,c11,1,3.687033394596241,3.986392080071769,3.687033394596241,1,-1.0
s32,c11,0,3.986392080071769,4.01352527743995,1.8392152969705682,0,-1.0
s32,c11,1,3.986392080071769,4.01352527743995,3.986392080071769,1,-1.0
s32,c11,0,4.01352527743995,4.026147562989824,1.8392152969705682,0,-1.0
s32,c11,1,4.01352527743995,4.026147562989824,4.01352527743995,1,-1.0
s32,c11,0,4.026147562989824,4.1445082672618305,1.8392152969705682,0,-1.0
s32,c11,1,4.026147562989824,4.1445082672618305,4.026147562989824,1,-1.0
s32,c11,0,4.1445082672618305,4.204205693688478,1.8392152969705682,1,-1.0
s32,c11,1,4.1445082672618305,4.204205693688478,4.1445082672618305,0,-1.0
s32,c11,0,4.204205693688478,4.57901294075305,4.204205693688478,1,-1.0
s32,c11,1,4.204205693688478,4.57901294075305,4.1445082672618305,0,-1.0
s32,c11,0,4.57901294075305,4.607490063959605,4.57901294075305,0,-1.0
s32,c11,1,4.57901294075305,4.607490063959605,4.1445082672618305,1,-1.0
s32,c11,0,4.607490063959605,4.691382797528734,4.57901294075305,1,-1.0
s32,c11,1,4.607490063959605,4.691382797528734,4.607490063959605,0,-1.0
s32,c11,0,4.691382797528734,4.713593376825562,4.691382797528734,0,-1.0
s32,c11,1,4.691382797528734,4.713593376825562,4.607490063959605,1,-1.0
s32,c11,0,4.713593376825562,4.7872732595911405,4.691382797528734,0,-1.0
s32,c11,1,4.713593376825562,4.7872732595911405,4.713593376825562,1,-1.0
s32,c11,0,4.7872732595911405,4.877678853984261,4.691382797528734,0,-1.0
s32,c11,1,4.7872732595911405,4.877678853984261,4.7872732595911405,1,-1.0
s32,c11,0,4.877678853984261,4.994923007836772,4.691382797528734,0,-1.0
s32,c11,1,4.877678853984261,4.994923007836772,4.877678853984261,1,-1.0
s32,c11,0,4.994923007836772,5.049880467791214,4.691382797528734,0,-1.0
s32,c11,1,4.994923007836772,5.049880467791214,4.994923007836772,1,-1.0
s32,c11,0,5.049880467791214,5.2470471821804425,4.691382797528734,1,-1.0
s32,c11,1,5.049880467791214,5.2470471821804425,5.049880467791214,0,-1.0
s32,c11,0,5.2470471821804425,5.275416730807237,5.2470471821804425,1,-1.0
s32,c11,1,5.2470471821804425,5.275416730807237,5.049880467791214,0,-1.0
s32,c11,0,5.275416730807237,5.841266701075084,5.275416730807237,1,-1.0
s32,c11,1,5.275416730807237,5.841266701075084,5.049880467791214,0,-1.0
s32,c11,0,5.841266701075084,5.979313527882652,5.841266701075084,0,-1.0
s32,c11,1,5.841266701075084,5.979313527882652,5.049880467791214,1,-1.0
s32,c11,0,5.979313527882652,6.173593135175827,5.841266701075084,0,-1.0
s32,c11,1,5.979313527882652,6.173593135175827,5.979313527882652,1,-1.0
s32,c11,0,6.173593135175827,6.240756011829957,5.841266701075084,0,-1.0
s32,c11,1,6.173593135175827,6.240756011829957,6.173593135175827,1,-1.0
s32,c11,0,6.240756011829957,6.293915522898555,5.841266701075084,0,-1.0
s32,c11,1,6.240756011829957,6.293915522898555,6.240756011829957,1,-1.0
s32,c11,0,6.293915522898555,6.301650184271929,5.841266701075084,0,-1.0
s32,c11,1,6.293915522898555,6.301650184271929,6.293915522898555,1,-1.0
s32,c11,0,6.301650184271929,6.431978355620847,5.841266701075084,1,-1.0
s32,c11,1,6.301650184271929,6.431978355620847,6.301650184271929,0,-1.0
s32,c11,0,6.431978355620847,6.647176489202616,6.431978355620847,0,-1.0
s32,c11,1,6.431978355620847,6.647176489202616,6.301650184271929,1,-1.0
s32,c11,0,6.647176489202616,7.278798283488725,6.431978355620847,0,-1.0
s32,c11,1,6.647176489202616,7.278798283488725,6.647176489202616,1,-1.0
s32,c11,0,7.278798283488725,7.728946035690301,6.431978355620847,0,-1.0
s32,c11,1,7.278798283488725,7.728946035690301,7.278798283488725,1,-1.0
s32,c11,0,7.728946035690301,8.07933997970931,6.431978355620847,0,-1.0
s32,c11,1,7.728946035690301,8.07933997970931,7.728946035690301,1,-1.0
s32,c11,0,8.07933997970931,8.153168761953633,6.431978355620847,0,-1.0
s32,c11,1,8.07933997970931,8.153168761953633,8.07933997970931,1,-1.0
s32,c11,0,8.153168761953633,8.211929935047836,6.431978355620847,0,-1.0
s32,c11,1,8.153168761953633,8.211929935047836,8.153168761953633,1,-1.0
s32,c11,0,8.211929935047836,8.330589855438683,6.431978355620847,0,-1.0
s32,c11,1,8.211929935047836,8.330589855438683,8.211929935047836,1,-1.0
s32,c11,0,8.330589855438683,8.361673130342052,6.431978355620847,0,-1.0
s32,c11,1,8.330589855438683,8.361673130342052,8.330589855438683,1,-1.0
s32,c11,0,8.361673130342052,8.392115410711927,6.431978355620847,0,-1.0
s32,c11,1,8.361673130342052,8.392115410711927,8.361673130342052,1,-1.0
s32,c11,0,8.392115410711927,8.680916348425752,6.431978355620847,1,-1.0
s32,c11,1,8.392115410711927,8.680916348425752,8.392115410711927,0,-1.0
s32,c11,0,8.680916348425752,8.701290595554365,8.680916348425752,0,-1.0
s32,c11,1,8.680916348425752,8.701290595554365,8.392115410711927,1,-1.0
s32,c11,0,8.701290595554365,8.765507935859528,8.680916348425752,0,-1.0
s32,c11,1,8.701290595554365,8.765507935859528,8.701290595554365,1,-1.0
s32,c11,0,8.765507935859528,8.862654125026152,8.680916348425752,0,-1.0
s32,c11,1,8.765507935859528,8.862654125026152,8.765507935859528,1,-1.0
s32,c11,0,8.862654125026152,8.914568377276828,8.680916348425752,0,-1.0
s32,c11,1,8.862654125026152,8.914568377276828,8.862654125026152,1,-1.0
s32,c11,0,8.914568377276828,9.138013919746964,8.680916348425752,0,-1.0
s32,c11,1,8.914568377276828,9.138013919746964,8.914568377276828,1,-1.0
s32,c11,0,9.138013919746964,9.207444942091744,8.680916348425752,0,-1.0
s32,c11,1,9.138013919746964,9.207444942091744,9.138013919746964,1,-1.0
s32,c11,0,9.207444942091744,9.299637330756475,8.680916348425752,0,-1.0
s32,c11,1,9.207444942091744,9.299637330756475,9.207444942091744,1,-1.0
s32,c11,0,9.299637330756475,9.34237075727276,8.680916348425752,0,-1.0
s32,c11,1,9.299637330756475,9.34237075727276,9.299637330756475,1,-1.0
s32,c11,0,9.34237075727276,9.344676529188698,8.680916348425752,0,-1.0
s32,c11,1,9.34237075727276,9.344676529188698,9.34237075727276,1,-1.0
s32,c11,0,9.344676529188698,9.462974786927198,8.680916348425752,0,-1.0
s32,c11,1,9.344676529188698,9.462974786927198,9.344676529188698,1,-1.0
s32,c11,0,9.462974786927198,9.902877638141224,8.680916348425752,1,-1.0
s32,c11,1,9.462974786927198,9.902877638141224,9.462974786927198,0,-1.0
s32,c11,0,9.902877638141224,10.095378017803629,9.902877638141224,1,-1.0
s32,c11,1,9.902877638141224,10.095378017803629,9.462974786927198,0,-1.0
s32,c11,0,10.095378017803629,10.548166333511267,10.095378017803629,0,-1.0
s32,c11,1,10.095378017803629,10.548166333511267,9.462974786927198,1,-1.0
s32,c11,0,10.548166333511267,10.663350339647762,10.095378017803629,0,-1.0
s32,c11,1,10.548166333511267,10.663350339647762,10.548166333511267,1,-1.0
s32,c11,0,10.663350339647762,11.360557119867504,10.095378017803629,0,-1.0
s32,c11,1,10.663350339647762,11.360557119867504,10.663350339647762,1,-1.0
s32,c11,0,11.360557119867504,11.647834700210895,10.095378017803629,0,-1.0
s32,c11,1,11.360557119867504,11.647834700210895,11.360557119867504,1,-1.0
s32,c11,0,11.647834700210895,11.780535494108731,10.095378017803629,0,-1.0
s32,c11,1,11.647834700210895,11.780535494108731,11.647834700210895,1,-1.0
s32,c11,0,11.780535494108731,11.823389424475808,10.095378017803629,0,-1.0
s32,c11,1,11.780535494108731,11.823389424475808,11.780535494108731,1,-1.0
s32,c11,0,11.823389424475808,11.923859611606241,10.095378017803629,0,-1.0
s32,c11,1,11.823389424475808,11.923859611606241,11.823389424475808,1,-1.0
s32,c11,0,11.923859611606241,12.07149471939834,10.095378017803629,0,-1.0
s32,c11,1,11.923859611606241,12.07149471939834,11.923859611606241,1,-1.0
s32,c11,0,12.07149471939834,12.607548140619771,10.095378017803629,0,-1.0
s32,c11,1,12.07149471939834,12.607548140619771,12.07149471939834,1,-1.0
s32,c11,0,12.607548140619771,12.937582546406249,10.095378017803629,0,-1.0
s32,c11,1,12.607548140619771,12.937582546406249,12.607548140619771,1,-1.0
s32,c11,0,12.937582546406249,13.316010888734475,10.095378017803629,0,-1.0
s32,c11,1,12.937582546406249,13.316010888734475,12.937582546406249,0,-1.0
s32,c11,0,13.316010888734475,13.343693243740812,10.095378017803629,0,-1.0
s32,c11,1,13.316010888734475,13.343693243740812,12.937582546406249,1,-1.0
s32,c11,0,13.343693243740812,13.388262356865585,10.095378017803629,0,-1.0
s32,c11,1,13.343693243740812,13.388262356865585,13.343693243740812,1,-1.0
s32,c11,0,13.388262356865585,13.401377699206277,10.095378017803629,0,-1.0
s32,c11,1,13.388262356865585,13.401377699206277,13.388262356865585,1,-1.0
s32,c11,0,13.401377699206277,13.475872375372859,10.095378017803629,0,-1.0
s32,c11,1,13.401377699206277,13.475872375372859,13.401377699206277,1,-1.0
s32,c11,0,13.475872375372859,13.873462519718888,10.095378017803629,0,-1.0
s32,c11,1,13.475872375372859,13.873462519718888,13.475872375372859,1,-1.0
s32,c11,0,13.873462519718888,13.97750419446447,10.095378017803629,0,-1.0
s32,c11,1,13.873462519718888,13.97750419446447,13.873462519718888,1,-1.0
s32,c11,0,13.97750419446447,14.03359805154983,10.095378017803629,0,-1.0
s32,c11,1,13.97750419446447,14.03359805154983,13.97750419446447,1,-1.0
s32,c11,0,14.03359805154983,14.055742121239598,10.095378017803629,1,-1.0
s32,c11,1,14.03359805154983,14.055742121239598,14.03359805154983,0,-1.0
s32,c11,0,14.055742121239598,14.367067939994511,14.055742121239598,0,-1.0
s32,c11,1,14.055742121239598,14.367067939994511,14.03359805154983,1,-1.0
s32,c11,0,14.367067939994511,14.480475440207044,14.055742121239598,0,-1.0
s32,c11,1,14.367067939994511,14.480475440207044,14.367067939994511,0,-1.0
s32,c11,0,14.480475440207044,14.590050617342776,14.055742121239598,0,-1.0
s32,c11,1,14.480475440207044,14.590050617342776,14.367067939994511,1,-1.0
s32,c11,0,14.590050617342776,14.624948799227669,14.055742121239598,0,-1.0
s32,c11,1,14.590050617342776,14.624948799227669,14.590050617342776,1,-1.0
s32,c11,0,14.624948799227669,14.917761848539444,14.055742121239598,0,-1.0
s32,c11,1,14.624948799227669,14.917761848539444,14.624948799227669,1,-1.0
s32,c11,0,14.917761848539444,15.115408856067004,14.055742121239598,0,-1.0
s32,c11,1,14.917761848539444,15.115408856067004,14.917761848539444,1,-1.0
s32,c11,0,15.115408856067004,15.526099280394094,14.055742121239598,0,-1.0
s32,c11,1,15.115408856067004,15.526099280394094,15.115408856067004,1,-1.0
s32,c11,0,15.526099280394094,15.666754342638542,14.055742121239598,0,-1.0
s32,c11,1,15.526099280394094,15.666754342638542,15.526099280394094,1,-1.0
s32,c11,0,15.666754342638542,15.782491200750735,14.055742121239598,0,-1.0
s32,c11,1,15.666754342638542,15.782491200750735,15.666754342638542,1,-1.0
s32,c11,0,15.782491200750735,15.802448229170533,14.055742121239598,0,-1.0
s32,c11,1,15.782491200750735,15.802448229170533,15.782491200750735,1,-1.0
s32,c11,0,15.802448229170533,15.925569938643761,14.055742121239598,0,-1.0
s32,c11,1,15.802448229170533,15.925569938643761,15.802448229170533,1,-1.0
s32,c11,0,15.925569938643761,16.0,14.055742121239598,0,-1.0
s32,c11,1,15.925569938643761,16.0,15.925569938643761,0,-1.0
s33,c11,0,0.0,0.7847458409115124,0.0,0,1.0
s33,c11,1,0.0,0.7847458409115124,0.0,1,1.0
s33,c11,0,0.7847458409115124,0.9193165540952557,0.0,0,1.0
s33,c11,1,0.7847458409115124,0.9193165540952557,0.7847458409115124,0,1.0
s33,c11,0,0.9193165540952557,0.9851110489141751,0.0,0,1.0
s33,c11,1,0.9193165540952557,0.9851110489141751,0.7847458409115124,1,1.0
s33,c11,0,0.9851110489141751,1.8629488488406774,0.0,0,1.0
s33,c11,1,0.9851110489141751,1.8629488488406774,0.9851110489141751,1,1.0
s33,c11,0,1.8629488488406774,1.9193567615409515,0.0,0,1.0
s33,c11,1,1.8629488488406774,1.9193567615409515,1.8629488488406774,1,1.0
s33,c11,0,1.9193567615409515,2.096984513821883,0.0,0,1.0
s33,c11,1,1.9193567615409515,2.096984513821883,1.9193567615409515,1,1.0
s33,c11,0,2.096984513821883,2.1446644988279875,0.0,1,1.0
s33,c11,1,2.096984513821883,2.1446644988279875,2.096984513821883,0,1.0
s33,c11,0,2.1446644988279875,2.164489833382278,2.1446644988279875,0,1.0
s33,c11,1,2.1446644988279875,2.164489833382278,2.096984513821883,0,1.0
s33,c11,0,2.164489833382278,2.220568909011555,2.1446644988279875,0,1.0
s33,c11,1,2.164489833382278,2.220568909011555,2.096984513821883,1,1.0
s33,c11,0,2.220568909011555,2.3953484950749693,2.1446644988279875,0,1.0
s33,c11,1,2.220568909011555,2.3953484950749693,2.220568909011555,1,1.0
s33,c11,0,2.3953484950749693,2.5557220674989214,2.1446644988279875,0,1.0
s33,c11,1,2.3953484950749693,2.5557220674989214,2.3953484950749693,1,1.0
s33,c11,0,2.5557220674989214,2.8742732969980174,2.1446644988279875,0,1.0
s33,c11,1,2.5557220674989214,2.8742732969980174,2.5557220674989214,1,1.0
s33,c11,0,2.8742732969980174,3.1855228013870054,2.1446644988279875,1,1.0
s33,c11,1,2.8742732969980174,3.1855228013870054,2.8742732969980174,0,1.0
s33,c11,0,3.1855228013870054,3.574783833198343,3.1855228013870054,0,1.0
s33,c11,1,3.1855228013870054,3.574783833198343,2.8742732969980174,1,1.0
s33,c11,0,3.574783833198343,3.6042382572649276,3.1855228013870054,1,1.0
s33,c11,1,3.574783833198343,3.6042382572649276,3.574783833198343,0,1.0
s33,c11,0,3.6042382572649276,3.7317175385318984,3.6042382572649276,0,1.0
s33,c11,1,3.6042382572649276,3.7317175385318984,3.574783833198343,0,1.0
s33,c11,0,3.7317175385318984,4.241693104046902,3.6042382572649276,0,1.0
s33,c11,1,3.7317175385318984,4.241693104046902,3.574783833198343,1,1.0
s33,c11,0,4.241693104046902,4.545588584517985,3.6042382572649276,0,1.0
s33,c11,1,4.241693104046902,4.545588584517985,4.241693104046902,1,1.0
s33,c11,0,4.545588584517985,4.80945921541112,3.6042382572649276,0,1.0
s33,c11,1,4.545588584517985,4.80945921541112,4.545588584517985,1,1.0
s33,c11,0,4.80945921541112,4.8766763975907255,3.6042382572649276,1,1.0
s33,c11,1,4.80945921541112,4.8766763975907255,4.80945921541112,0,1.0
s33,c11,0,4.8766763975907255,5.299178770514436,4.8766763975907255,0,1.0
s33,c11,1,4.8766763975907255,5.299178770514436,4.80945921541112,1,1.0
s33,c11,0,5.299178770514436,5.309654284518049,4.8766763975907255,0,1.0
s33,c11,1,5.299178770514436,5.309654284518049,5.299178770514436,1,1.0
s33,c11,0,5.309654284518049,5.62415518945276,4.8766763975907255,0,1.0
s33,c11,1,5.309654284518049,5.62415518945276,5.309654284518049,1,1.0
s33,c11,0,5.62415518945276,5.971194780381241,4.8766763975907255,0,1.0
s33,c11,1,5.62415518945276,5.971194780381241,5.62415518945276,1,1.0
s33,c11,0,5.971194780381241,6.493072542093083,4.8766763975907255,0,1.0
s33,c11,1,5.971194780381241,6.493072542093083,5.971194780381241,1,1.0
s33,c11,0,6.493072542093083,6.837494664830768,4.8766763975907255,1,1.0
s33,c11,1,6.493072542093083,6.837494664830768,6.493072542093083,0,1.0
s33,c11,0,6.837494664830768,7.0333559408036725,6.837494664830768,0,1.0
s33,c11,1,6.837494664830768,7.0333559408036725,6.493072542093083,1,1.0
s33,c11,0,7.0333559408036725,8.365136311981743,6.837494664830768,0,1.0
s33,c11,1,7.0333559408036725,8.365136311981743,7.0333559408036725,1,1.0
s33,c11,0,8.365136311981743,8.484836364370402,6.837494664830768,0,1.0
s33,c11,1,8.365136311981743,8.484836364370402,8.365136311981743,1,1.0
s33,c11,0,8.484836364370402,8.875177023006371,6.837494664830768,0,1.0
s33,c11,1,8.484836364370402,8.875177023006371,8.484836364370402,1,1.0
s33,c11,0,8.875177023006371,9.092814739987631,6.837494664830768,0,1.0
s33,c11,1,8.875177023006371,9.092814739987631,8.875177023006371,1,1.0
s33,c11,0,9.092814739987631,9.673062074608811,6.837494664830768,0,1.0
s33,c11,1,9.092814739987631,9.673062074608811,9.092814739987631,1,1.0
s33,c11,0,9.673062074608811,10.169322314835156,6.837494664830768,0,1.0
s33,c11,1,9.673062074608811,10.169322314835156,9.673062074608811,0,1.0
s33,c11,0,10.169322314835156,11.209785461749085,6.837494664830768,0,1.0
s33,c11,1,10.169322314835156,11.209785461749085,9.673062074608811,1,1.0
s33,c11,0,11.209785461749085,11.341666498040487,6.837494664830768,1,1.0
s33,c11,1,11.209785461749085,11.341666498040487,11.209785461749085,0,1.0
s33,c11,0,11.341666498040487,11.489836950272863,11.341666498040487,0,1.0
s33,c11,1,11.341666498040487,11.489836950272863,11.209785461749085,1,1.0
s33,c11,0,11.489836950272863,11.508284064837586,11.341666498040487,0,1.0
s33,c11,1,11.489836950272863,11.508284064837586,11.489836950272863,1,1.0
s33,c11,0,11.508284064837586,12.068072962463253,11.341666498040487,0,1.0
s33,c11,1,11.508284064837586,12.068072962463253,11.508284064837586,1,1.0
s33,c11,0,12.068072962463253,12.293463778055424,11.341666498040487,0,1.0
s33,c11,1,12.068072962463253,12.293463778055424,12.068072962463253,1,1.0
s33,c11,0,12.293463778055424,12.921913526307325,11.341666498040487,0,1.0
s33,c11,1,12.293463778055424,12.921913526307325,12.293463778055424,1,1.0
s33,c11,0,12.921913526307325,13.33516337789507,11.341666498040487,0,1.0
s33,c11,1,12.921913526307325,13.33516337789507,12.921913526307325,1,1.0
s33,c11,0,13.33516337789507,13.497437052361642,11.341666498040487,0,1.0
s33,c11,1,13.33516337789507,13.497437052361642,13.33516337789507,1,1.0
s33,c11,0,13.497437052361642,13.857664552386343,11.341666498040487,1,1.0
s33,c11,1,13.497437052361642,13.857664552386343,13.497437052361642,0,1.0
s33,c11,0,13.857664552386343,14.432982960063834,13.857664552386343,0,1.0
s33,c11,1,13.857664552386343,14.432982960063834,13.497437052361642,1,1.0
s33,c11,0,14.432982960063834,14.661492172546524,13.857664552386343,0,1.0
s33,c11,1,14.432982960063834,14.661492172546524,14.432982960063834,1,1.0
s33,c11,0,14.661492172546524,14.730034252904334,13.857664552386343,1,1.0
s33,c11,1,14.661492172546524,14.730034252904334,14.661492172546524,0,1.0
s33,c11,0,14.730034252904334,14.764112548498735,14.730034252904334,0,1.0
s33,c11,1,14.730034252904334,14.764112548498735,14.661492172546524,1,1.0
s33,c11,0,14.764112548498735,15.068574710354099,14.730034252904334,0,1.0
s33,c11,1,14.764112548498735,15.068574710354099,14.764112548498735,1,1.0
s33,c11,0,15.068574710354099,15.65376782346671,14.730034252904334,0,1.0
s33,c11,1,15.068574710354099,15.65376782346671,15.068574710354099,1,1.0
s33,c11,0,15.65376782346671,16.0,14.730034252904334,0,1.0
s33,c11,1,15.65376782346671,16.0,15.65376782346671,0,1.0
s34,c11,0,0.0,0.15319609995704692,0.0,1,1.0
s34,c11,1,0.0,0.15319609995704692,0.0,0,1.0
s34,c11,0,0.15319609995704692,0.1626834962676173,0.15319609995704692,0,1.0
s34,c11,1,0.15319609995704692,0.1626834962676173,0.0,1,1.0
s34,c11,0,0.1626834962676173,1.4074379618978268,0.15319609995704692,0,1.0
s34,c11,1,0.1626834962676173,1.4074379618978268,0.1626834962676173,1,1.0
s34,c11,0,1.4074379618978268,1.512932450348184,0.15319609995704692,0,1.0
s34,c11,1,1.4074379618978268,1.512932450348184,1.4074379618978268,1,1.0
s34,c11,0,1.512932450348184,2.0332349685656137,0.15319609995704692,0,1.0
s34,c11,1,1.512932450348184,2.0332349685656137,1.512932450348184,1,1.0
s34,c11,0,2.0332349685656137,2.2366216937662893,0.15319609995704692,1,1.0
s34,c11,1,2.0332349685656137,2.2366216937662893,2.0332349685656137,0,1.0
s34,c11,0,2.2366216937662893,3.311403530718734,2.2366216937662893,0,1.0
s34,c11,1,2.2366216937662893,3.311403530718734,2.0332349685656137,1,1.0
s34,c11,0,3.311403530718734,3.401295054529918,2.2366216937662893,0,1.0
s34,c11,1,3.311403530718734,3.401295054529918,3.311403530718734,1,1.0
s34,c11,0,3.401295054529918,4.463570042891699,2.2366216937662893,1,1.0
s34,c11,1,3.401295054529918,4.463570042891699,3.401295054529918,0,1.0
s34,c11,0,4.463570042891699,4.536264798580877,4.463570042891699,1,1.0
s34,c11,1,4.463570042891699,4.536264798580877,3.401295054529918,0,1.0
s34,c11,0,4.536264798580877,5.31143360494056,4.536264798580877,0,1.0
s34,c11,1,4.536264798580877,5.31143360494056,3.401295054529918,0,1.0
s34,c11,0,5.31143360494056,5.578422227573938,4.536264798580877,0,1.0
s34,c11,1,5.31143360494056,5.578422227573938,3.401295054529918,1,1.0
s34,c11,0,5.578422227573938,7.936729843966155,4.536264798580877,1,1.0
s34,c11,1,5.578422227573938,7.936729843966155,5.578422227573938,0,1.0
s34,c11,0,7.936729843966155,8.121212973281835,7.936729843966155,0,1.0
s34,c11,1,7.936729843966155,8.121212973281835,5.578422227573938,0,1.0
s34,c11,0,8.121212973281835,8.503030084314595,7.936729843966155,1,1.0
s34,c11,1,8.121212973281835,8.503030084314595,5.578422227573938,0,1.0
s34,c11,0,8.503030084314595,8.829713934629224,8.503030084314595,1,1.0
s34,c11,1,8.503030084314595,8.829713934629224,5.578422227573938,0,1.0
s34,c11,0,8.829713934629224,9.087553796622231,8.829713934629224,0,1.0
s34,c11,1,8.829713934629224,9.087553796622231,5.578422227573938,1,1.0
s34,c11,0,9.087553796622231,9.20209456973666,8.829713934629224,1,1.0
s34,c11,1,9.087553796622231,9.20209456973666,9.087553796622231,0,1.0
s34,c11,0,9.20209456973666,9.667615792495477,9.20209456973666,1,1.0
s34,c11,1,9.20209456973666,9.667615792495477,9.087553796622231,0,1.0
s34,c11,0,9.667615792495477,11.633093342449026,9.667615792495477,1,1.0
s34,c11,1,9.667615792495477,11.633093342449026,9.087553796622231,0,1.0
s34,c11,0,11.633093342449026,12.350020634945764,11.633093342449026,0,1.0
s34,c11,1,11.633093342449026,12.350020634945764,9.087553796622231,1,1.0
s34,c11,0,12.350020634945764,13.622159118618525,11.633093342449026,0,1.0
s34,c11,1,12.350020634945764,13.622159118618525,12.350020634945764,1,1.0
s34,c11,0,13.622159118618525,14.150341134544579,11.633093342449026,0,1.0
s34,c11,1,13.622159118618525,14.150341134544579,13.622159118618525,0,1.0
s34,c11,0,14.150341134544579,14.84692775463711,11.633093342449026,0,1.0
s34,c11,1,14.150341134544579,14.84692775463711,13.622159118618525,1,1.0
s34,c11,0,14.84692775463711,15.202700186123199,11.633093342449026,0,1.0
s34,c11,1,14.84692775463711,15.202700186123199,14.84692775463711,1,1.0
s34,c11,0,15.202700186123199,15.526103598942003,11.633093342449026,0,1.0
s34,c11,1,15.202700186123199,15.526103598942003,15.202700186123199,1,1.0
s34,c11,0,15.526103598942003,15.768927213217005,11.633093342449026,1,1.0
s34,c11,1,15.526103598942003,15.768927213217005,15.526103598942003,0,1.0
s34,c11,0,15.768927213217005,15.978332069794355,15.768927213217005,0,1.0
s34,c11,1,15.768927213217005,15.978332069794355,15.526103598942003,0,1.0
s34,c11,0,15.978332069794355,16.0,15.768927213217005,0,1.0
s34,c11,1,15.978332069794355,16.0,15.526103598942003,0,1.0
s35,c11,0,0.0,0.16104264409073196,0.0,0,1.0
s35,c11,1,0.0,0.16104264409073196,0.0,0,1.0
s35,c11,0,0.16104264409073196,0.4132563534330974,0.0,0,1.0
s35,c11,1,0.16104264409073196,0.4132563534330974,0.0,1,1.0
s35,c11,0,0.4132563534330974,0.5361268986788663,0.0,1,1.0
s35,c11,1,0.4132563534330974,0.5361268986788663,0.4132563534330974,0,1.0
s35,c11,0,0.5361268986788663,0.7144551487473408,0.5361268986788663,0,1.0
s35,c11,1,0.5361268986788663,0.7144551487473408,0.4132563534330974,0,1.0
s35,c11,0,0.7144551487473408,1.0616697011706195,0.5361268986788663,1,1.0
s35,c11,1,0.7144551487473408,1.0616697011706195,0.4132563534330974,0,1.0
s35,c11,0,1.0616697011706195,1.667398535985407,1.0616697011706195,0,1.0
s35,c11,1,1.0616697011706195,1.667398535985407,0.4132563534330974,1,1.0
s35,c11,0,1.667398535985407,1.6761985127554953,1.0616697011706195,1,1.0
s35,c11,1,1.667398535985407,1.6761985127554953,1.667398535985407,0,1.0
s35,c11,0,1.6761985127554953,1.9632406588589388,1.6761985127554953,0,1.0
s35,c11,1,1.6761985127554953,1.9632406588589388,1.667398535985407,1,1.0
s35,c11,0,1.9632406588589388,2.7522001219768453,1.6761985127554953,0,1.0
s35,c11,1,1.9632406588589388,2.7522001219768453,1.9632406588589388,1,1.0
s35,c11,0,2.7522001219768453,2.8420625448223436,1.6761985127554953,1,1.0
s35,c11,1,2.7522001219768453,2.8420625448223436,2.7522001219768453,0,1.0
s35,c11,0,2.8420625448223436,2.9367543773679485,2.8420625448223436,0,1.0
s35,c11,1,2.8420625448223436,2.9367543773679485,2.7522001219768453,1,1.0
s35,c11,0,2.9367543773679485,3.047161285791903,2.8420625448223436,0,1.0
s35,c11,1,2.9367543773679485,3.047161285791903,2.9367543773679485,1,1.0
s35,c11,0,3.047161285791903,3.1538571921886827,2.8420625448223436,0,1.0
s35,c11,1,3.047161285791903,3.1538571921886827,3.047161285791903,1,1.0
s35,c11,0,3.1538571921886827,4.63733830720089,2.8420625448223436,0,1.0
s35,c11,1,3.1538571921886827,4.63733830720089,3.1538571921886827,1,1.0
s35,c11,0,4.63733830720089,5.140628167783631,2.8420625448223436,0,1.0
s35,c11,1,4.63733830720089,5.140628167783631,4.63733830720089,1,1.0
s35,c11,0,5.140628167783631,5.218646371202681,2.8420625448223436,0,1.0
s35,c11,1,5.140628167783631,5.218646371202681,5.140628167783631,1,1.0
s35,c11,0,5.218646371202681,5.616551190252911,2.8420625448223436,1,1.0
s35,c11,1,5.218646371202681,5.616551190252911,5.218646371202681,0,1.0
s35,c11,0,5.616551190252911,6.36632638047307,5.616551190252911,0,1.0
s35,c11,1,5.616551190252911,6.36632638047307,5.218646371202681,1,1.0
s35,c11,0,6.36632638047307,6.511456860438554,5.616551190252911,1,1.0
s35,c11,1,6.36632638047307,6.511456860438554,6.36632638047307,0,1.0
s35,c11,0,6.511456860438554,6.663842516282003,6.511456860438554,1,1.0
s35,c11,1,6.511456860438554,6.663842516282003,6.36632638047307,0,1.0
s35,c11,0,6.663842516282003,6.9774872876482075,6.663842516282003,0,1.0
s35,c11,1,6.663842516282003,6.9774872876482075,6.36632638047307,1,1.0
s35,c11,0,6.9774872876482075,7.119123626028112,6.663842516282003,0,1.0
s35,c11,1,6.9774872876482075,7.119123626028112,6.9774872876482075,1,1.0
s35,c11,0,7.119123626028112,7.289106435369783,6.663842516282003,0,1.0
s35,c11,1,7.119123626028112,7.289106435369783,7.119123626028112,1,1.0
s35,c11,0,7.289106435369783,7.628275319639638,6.663842516282003,0,1.0
s35,c11,1,7.289106435369783,7.628275319639638,7.289106435369783,1,1.0
s35,c11,0,7.628275319639638,7.9156134065078305,6.663842516282003,1,1.0
s35,c11,1,7.628275319639638,7.9156134065078305,7.628275319639638,0,1.0
s35,c11,0,7.9156134065078305,8.214020058226223,7.9156134065078305,0,1.0
s35,c11,1,7.9156134065078305,8.214020058226223,7.628275319639638,1,1.0
s35,c11,0,8.214020058226223,8.666790244633567,7.9156134065078305,0,1.0
s35,c11,1,8.214020058226223,8.666790244633567,8.214020058226223,1,1.0
s35,c11,0,8.666790244633567,9.137682354121244,7.9156134065078305,0,1.0
s35,c11,1,8.666790244633567,9.137682354121244,8.666790244633567,1,1.0
s35,c11,0,9.137682354121244,9.149919538437342,7.9156134065078305,1,1.0
s35,c11,1,9.137682354121244,9.149919538437342,9.137682354121244,0,1.0
s35,c11,0,9.149919538437342,9.276074615564813,9.149919538437342,0,1.0
s35,c11,1,9.149919538437342,9.276074615564813,9.137682354121244,1,1.0
s35,c11,0,9.276074615564813,9.46432730788114,9.149919538437342,0,1.0
s35,c11,1,9.276074615564813,9.46432730788114,9.276074615564813,1,1.0
s35,c11,0,9.46432730788114,9.56083604273098,9.149919538437342,1,1.0
s35,c11,1,9.46432730788114,9.56083604273098,9.46432730788114,0,1.0
s35,c11,0,9.56083604273098,9.986567122968852,9.56083604273098,0,1.0
s35,c11,1,9.56083604273098,9.986567122968852,9.46432730788114,0,1.0
s35,c11,0,9.986567122968852,10.193385418513348,9.56083604273098,1,1.0
s35,c11,1,9.986567122968852,10.193385418513348,9.46432730788114,0,1.0
s35,c11,0,10.193385418513348,10.368016766685876,10.193385418513348,0,1.0
s35,c11,1,10.193385418513348,10.368016766685876,9.46432730788114,1,1.0
s35,c11,0,10.368016766685876,11.25351980244587,10.193385418513348,1,1.0
s35,c11,1,10.368016766685876,11.25351980244587,10.368016766685876,0,1.0
s35,c11,0,11.25351980244587,11.726691352669846,11.25351980244587,0,1.0
s35,c11,1,11.25351980244587,11.726691352669846,10.368016766685876,1,1.0
s35,c11,0,11.726691352669846,12.068319837868476,11.25351980244587,1,1.0
s35,c11,1,11.726691352669846,12.068319837868476,11.726691352669846,0,1.0
s35,c11,0,12.068319837868476,12.389128742024656,12.068319837868476,1,1.0
s35,c11,1,12.068319837868476,12.389128742024656,11.726691352669846,0,1.0
s35,c11,0,12.389128742024656,12.411847019130724,12.389128742024656,1,1.0
s35,c11,1,12.389128742024656,12.411847019130724,11.726691352669846,0,1.0
s35,c11,0,12.411847019130724,12.434064516066126,12.411847019130724,0,1.0
s35,c11,1,12.411847019130724,12.434064516066126,11.726691352669846,1,1.0
s35,c11,0,12.434064516066126,12.604681194769432,12.411847019130724,1,1.0
s35,c11,1,12.434064516066126,12.604681194769432,12.434064516066126,0,1.0
s35,c11,0,12.604681194769432,13.122520498594106,12.604681194769432,1,1.0
s35,c11,1,12.604681194769432,13.122520498594106,12.434064516066126,0,1.0
s35,c11,0,13.122520498594106,13.36939800361653,13.122520498594106,0,1.0
s35,c11,1,13.122520498594106,13.36939800361653,12.434064516066126,1,1.0
s35,c11,0,13.36939800361653,13.900664952494763,13.122520498594106,1,1.0
s35,c11,1,13.36939800361653,13.900664952494763,13.36939800361653,0,1.0
s35,c11,0,13.900664952494763,14.668823170068535,13.900664952494763,1,1.0
s35,c11,1,13.900664952494763,14.668823170068535,13.36939800361653,0,1.0
s35,c11,0,14.668823170068535,14.6912272496362,14.668823170068535,1,1.0
s35,c11,1,14.668823170068535,14.6912272496362,13.36939800361653,0,1.0
s35,c11,0,14.6912272496362,14.988530927641438,14.6912272496362,0,1.0
s35,c11,1,14.6912272496362,14.988530927641438,13.36939800361653,1,1.0
s35,c11,0,14.988530927641438,15.315058098633058,14.6912272496362,0,1.0
s35,c11,1,14.988530927641438,15.315058098633058,14.988530927641438,1,1.0
s35,c11,0,15.315058098633058,16.0,14.6912272496362,0,1.0
s35,c11,1,15.315058098633058,16.0,15.315058098633058,0,1.0
