case,method,denominator,parameter,n,mean,mean_MCSE,truth,bias,bias_MCSE,RMSE,RMSE_MCSE,MSE,MSE_MCSE
cf_reference,initial,certified_initial,treatment_0,200,-0.3828676196240589,0.008800945601408162,-0.35,-0.03286761962405896,0.008800945601408162,0.12842956229802396,0.005638613632163181,0.016494152472062016,0.0014483293614927768
cf_reference,initial,certified_initial,FEV10_0,200,-0.1924529662676847,0.0021694199983785245,-0.18,-0.01245296626768471,0.0021694199983785245,0.0330400758414333,0.0018950212019044849,0.0010916466116076642,0.00012522328846409654
cf_reference,initial,certified_initial,treatment_1,200,0.08969002079847535,0.01124416751378474,0.05,0.039690020798475334,0.01124416751378474,0.16350879812265692,0.008135850472352053,0.026735127063515777,0.00266056626487987
cf_reference,initial,certified_initial,FEV10_1,200,0.1037873477396276,0.002242488318857579,0.08,0.02378734773962762,0.0022424883188575783,0.03957979194826942,0.0018002986709773215,0.0015665599306682924,0.00014251089368405665
cf_reference,initial,certified_initial,nu0,200,0.28738646703467263,0.0012235777917500377,0.4,-0.11261353296532739,0.0012235777917500377,0.11392865832095626,0.0012242276807574587,0.012979739186813196,0.00027894923429614646
cf_reference,initial,certified_initial,nu1,200,0.110469860320661,0.0006895070066851252,0.06,0.050469860320660996,0.0006895070066851252,0.051398593009228756,0.0006885894186692596,0.0026418153633283393,7.07850545612854e-05
cf_reference,initial,certified_initial,theta,200,-0.014042722598189788,0.0004232164257754181,-0.03,0.01595727740181021,0.0004232164257754181,0.017037547315987146,0.00042121942594049237,0.0002902780185445008,1.4353091799748165e-05
cf_reference,initial,certified_initial,cumulative_relative_0,200,1.088119258805258,0.007596568713839181,1.0,0.08811925880525795,0.007596568713839181,0.138740286726603,0.0073380658140732085,0.019248867160980006,0.0020361707101264007
cf_reference,initial,certified_initial,baseline_relative_ISE_0,200,0.04944468299415495,0.0028963974434860654,,,,,,,
cf_reference,initial,certified_initial,cumulative_relative_1,200,3.3316014088024195,0.059298762801758984,1.0,2.3316014088024195,0.059298762801758984,2.477118777980471,0.06640429816139358,6.1361174402234635,0.32898266782840424
cf_reference,initial,certified_initial,baseline_relative_ISE_1,200,8.958280642652257,0.5518207187076684,,,,,,,
cf_reference,initial,certified_initial,prediction_mse,200,0.27188697157172553,0.0009097238606163872,,,,,,,
cf_reference,initial,certified_initial,negative_prediction_fraction,200,0.0,0.0,,,,,,,
cf_reference,projected_initial,certified_initial,treatment_0,200,-0.3828676196240589,0.008800945601408162,-0.35,-0.03286761962405896,0.008800945601408162,0.12842956229802396,0.005638613632163181,0.016494152472062016,0.0014483293614927768
cf_reference,projected_initial,certified_initial,FEV10_0,200,-0.1924529662676847,0.0021694199983785245,-0.18,-0.01245296626768471,0.0021694199983785245,0.0330400758414333,0.0018950212019044849,0.0010916466116076642,0.00012522328846409654
cf_reference,projected_initial,certified_initial,treatment_1,200,0.08969002079847535,0.01124416751378474,0.05,0.039690020798475334,0.01124416751378474,0.16350879812265692,0.008135850472352053,0.026735127063515777,0.00266056626487987
cf_reference,projected_initial,certified_initial,FEV10_1,200,0.1037873477396276,0.002242488318857579,0.08,0.02378734773962762,0.0022424883188575783,0.03957979194826942,0.0018002986709773215,0.0015665599306682924,0.00014251089368405665
cf_reference,projected_initial,certified_initial,nu0,200,0.28738646703467263,0.001223577791750038,0.4,-0.11261353296532739,0.001223577791750038,0.11392865832095626,0.0012242276807574591,0.012979739186813196,0.00027894923429614657
cf_reference,projected_initial,certified_initial,nu1,200,0.11046986032066097,0.0006895070066851251,0.06,0.050469860320660996,0.0006895070066851251,0.051398593009228756,0.0006885894186692595,0.0026418153633283393,7.078505456128539e-05
cf_reference,projected_initial,certified_initial,theta,200,-0.014042722598189785,0.00042321642577541804,-0.03,0.015957277401810212,0.00042321642577541804,0.017037547315987146,0.00042121942594049237,0.0002902780185445008,1.4353091799748165e-05
cf_reference,projected_initial,certified_initial,cumulative_relative_0,200,1.088119258805258,0.007596568713839181,1.0,0.08811925880525795,0.007596568713839181,0.138740286726603,0.0073380658140732085,0.019248867160980006,0.0020361707101264007
cf_reference,projected_initial,certified_initial,baseline_relative_ISE_0,200,0.04944468299415495,0.0028963974434860654,,,,,,,
cf_reference,projected_initial,certified_initial,cumulative_relative_1,200,3.3316014088024195,0.059298762801758984,1.0,2.3316014088024195,0.059298762801758984,2.477118777980471,0.06640429816139358,6.1361174402234635,0.32898266782840424
cf_reference,projected_initial,certified_initial,baseline_relative_ISE_1,200,8.958280642652257,0.5518207187076684,,,,,,,
cf_reference,projected_initial,certified_initial,prediction_mse,200,0.27188697157172553,0.0009097238606163872,,,,,,,
cf_reference,projected_initial,certified_initial,negative_prediction_fraction,200,0.0,0.0,,,,,,,
cf_reference,fallback,certified_initial,treatment_0,200,-0.36039723592768896,0.008288570402644534,-0.35,-0.010397235927688977,0.008288570402644534,0.11738603826492924,0.005172513903856792,0.013779481979535433,0.0012143618300880237
cf_reference,fallback,certified_initial,FEV10_0,200,-0.18059478111493577,0.0020416754113429525,-0.18,-0.000594781114935771,0.0020416754113429525,0.028807516782011683,0.0015807662404284544,0.0008298730231458848,9.107589999916043e-05
cf_reference,fallback,certified_initial,treatment_1,200,0.044848508067383504,0.008604872704648403,0.05,-0.0051514919326164895,0.008604872704648403,0.1214959295100426,0.005896935972716765,0.014761260887509238,0.001432907434532861
cf_reference,fallback,certified_initial,FEV10_1,200,0.07826219773087029,0.001711533919114063,0.08,-0.0017378022691297195,0.001711533919114063,0.02420661644315255,0.001154366999144789,0.0005859602796259033,5.5886638365861826e-05
cf_reference,fallback,certified_initial,nu0,200,0.34516365957693373,0.009296782836534076,0.4,-0.054836340423066246,0.009296782836534076,0.1421500203370357,0.006346705160402379,0.02020662828181966,0.001804368535248735
cf_reference,fallback,certified_initial,nu1,200,0.03903770804680154,0.003558401173661192,0.06,-0.02096229195319846,0.0035584011736611914,0.0543985224759008,0.0028888202260192873,0.002959199247561085,0.00031429510398789406
cf_reference,fallback,certified_initial,theta,200,-0.0008989561134322199,0.004438866145407828,-0.03,0.029101043886567785,0.004438866145407828,0.06904979184617899,0.004119670783087189,0.0047678737540006455,0.0005689248200939111
cf_reference,fallback,certified_initial,cumulative_relative_0,200,0.9962905794934304,0.006486914825040476,1.0,-0.003709420506569709,0.006486914825040476,0.09158434651190787,0.0047634233360758765,0.008387692526013213,0.0008725100267881625
cf_reference,fallback,certified_initial,baseline_relative_ISE_0,200,0.02278617067183043,0.0011571002073391666,,,,,,,
cf_reference,fallback,certified_initial,cumulative_relative_1,200,0.9640448510641271,0.0087501589604538,1.0,-0.035955148935872844,0.0087501589604538,0.12856618458914298,0.006012424579496205,0.016529263819809584,0.001545988976631619
cf_reference,fallback,certified_initial,baseline_relative_ISE_1,200,0.04647924944158818,0.002702814020072114,,,,,,,
cf_reference,fallback,certified_initial,prediction_mse,200,0.1985921194886914,0.0006131518455226411,,,,,,,
cf_reference,fallback,certified_initial,negative_prediction_fraction,200,0.0,0.0,,,,,,,
cf_reference,initial,coupled_accepted,treatment_0,200,-0.3828676196240589,0.008800945601408162,-0.35,-0.03286761962405896,0.008800945601408162,0.12842956229802396,0.005638613632163181,0.016494152472062016,0.0014483293614927768
cf_reference,initial,coupled_accepted,FEV10_0,200,-0.1924529662676847,0.0021694199983785245,-0.18,-0.01245296626768471,0.0021694199983785245,0.0330400758414333,0.0018950212019044849,0.0010916466116076642,0.00012522328846409654
cf_reference,initial,coupled_accepted,treatment_1,200,0.08969002079847535,0.01124416751378474,0.05,0.039690020798475334,0.01124416751378474,0.16350879812265692,0.008135850472352053,0.026735127063515777,0.00266056626487987
cf_reference,initial,coupled_accepted,FEV10_1,200,0.1037873477396276,0.002242488318857579,0.08,0.02378734773962762,0.0022424883188575783,0.03957979194826942,0.0018002986709773215,0.0015665599306682924,0.00014251089368405665
cf_reference,initial,coupled_accepted,nu0,200,0.28738646703467263,0.0012235777917500377,0.4,-0.11261353296532739,0.0012235777917500377,0.11392865832095626,0.0012242276807574587,0.012979739186813196,0.00027894923429614646
cf_reference,initial,coupled_accepted,nu1,200,0.110469860320661,0.0006895070066851252,0.06,0.050469860320660996,0.0006895070066851252,0.051398593009228756,0.0006885894186692596,0.0026418153633283393,7.07850545612854e-05
cf_reference,initial,coupled_accepted,theta,200,-0.014042722598189788,0.0004232164257754181,-0.03,0.01595727740181021,0.0004232164257754181,0.017037547315987146,0.00042121942594049237,0.0002902780185445008,1.4353091799748165e-05
cf_reference,initial,coupled_accepted,cumulative_relative_0,200,1.088119258805258,0.007596568713839181,1.0,0.08811925880525795,0.007596568713839181,0.138740286726603,0.0073380658140732085,0.019248867160980006,0.0020361707101264007
cf_reference,initial,coupled_accepted,baseline_relative_ISE_0,200,0.04944468299415495,0.0028963974434860654,,,,,,,
cf_reference,initial,coupled_accepted,cumulative_relative_1,200,3.3316014088024195,0.059298762801758984,1.0,2.3316014088024195,0.059298762801758984,2.477118777980471,0.06640429816139358,6.1361174402234635,0.32898266782840424
cf_reference,initial,coupled_accepted,baseline_relative_ISE_1,200,8.958280642652257,0.5518207187076684,,,,,,,
cf_reference,initial,coupled_accepted,prediction_mse,200,0.27188697157172553,0.0009097238606163872,,,,,,,
cf_reference,initial,coupled_accepted,negative_prediction_fraction,200,0.0,0.0,,,,,,,
cf_reference,projected_initial,coupled_accepted,treatment_0,200,-0.3828676196240589,0.008800945601408162,-0.35,-0.03286761962405896,0.008800945601408162,0.12842956229802396,0.005638613632163181,0.016494152472062016,0.0014483293614927768
cf_reference,projected_initial,coupled_accepted,FEV10_0,200,-0.1924529662676847,0.0021694199983785245,-0.18,-0.01245296626768471,0.0021694199983785245,0.0330400758414333,0.0018950212019044849,0.0010916466116076642,0.00012522328846409654
cf_reference,projected_initial,coupled_accepted,treatment_1,200,0.08969002079847535,0.01124416751378474,0.05,0.039690020798475334,0.01124416751378474,0.16350879812265692,0.008135850472352053,0.026735127063515777,0.00266056626487987
cf_reference,projected_initial,coupled_accepted,FEV10_1,200,0.1037873477396276,0.002242488318857579,0.08,0.02378734773962762,0.0022424883188575783,0.03957979194826942,0.0018002986709773215,0.0015665599306682924,0.00014251089368405665
cf_reference,projected_initial,coupled_accepted,nu0,200,0.28738646703467263,0.001223577791750038,0.4,-0.11261353296532739,0.001223577791750038,0.11392865832095626,0.0012242276807574591,0.012979739186813196,0.00027894923429614657
cf_reference,projected_initial,coupled_accepted,nu1,200,0.11046986032066097,0.0006895070066851251,0.06,0.050469860320660996,0.0006895070066851251,0.051398593009228756,0.0006885894186692595,0.0026418153633283393,7.078505456128539e-05
cf_reference,projected_initial,coupled_accepted,theta,200,-0.014042722598189785,0.00042321642577541804,-0.03,0.015957277401810212,0.00042321642577541804,0.017037547315987146,0.00042121942594049237,0.0002902780185445008,1.4353091799748165e-05
cf_reference,projected_initial,coupled_accepted,cumulative_relative_0,200,1.088119258805258,0.007596568713839181,1.0,0.08811925880525795,0.007596568713839181,0.138740286726603,0.0073380658140732085,0.019248867160980006,0.0020361707101264007
cf_reference,projected_initial,coupled_accepted,baseline_relative_ISE_0,200,0.04944468299415495,0.0028963974434860654,,,,,,,
cf_reference,projected_initial,coupled_accepted,cumulative_relative_1,200,3.3316014088024195,0.059298762801758984,1.0,2.3316014088024195,0.059298762801758984,2.477118777980471,0.06640429816139358,6.1361174402234635,0.32898266782840424
cf_reference,projected_initial,coupled_accepted,baseline_relative_ISE_1,200,8.958280642652257,0.5518207187076684,,,,,,,
cf_reference,projected_initial,coupled_accepted,prediction_mse,200,0.27188697157172553,0.0009097238606163872,,,,,,,
cf_reference,projected_initial,coupled_accepted,negative_prediction_fraction,200,0.0,0.0,,,,,,,
cf_reference,coupled,coupled_accepted,treatment_0,200,-0.36039723592768896,0.008288570402644534,-0.35,-0.010397235927688977,0.008288570402644534,0.11738603826492924,0.005172513903856792,0.013779481979535433,0.0012143618300880237
cf_reference,coupled,coupled_accepted,FEV10_0,200,-0.18059478111493577,0.0020416754113429525,-0.18,-0.000594781114935771,0.0020416754113429525,0.028807516782011683,0.0015807662404284544,0.0008298730231458848,9.107589999916043e-05
cf_reference,coupled,coupled_accepted,treatment_1,200,0.044848508067383504,0.008604872704648403,0.05,-0.0051514919326164895,0.008604872704648403,0.1214959295100426,0.005896935972716765,0.014761260887509238,0.001432907434532861
cf_reference,coupled,coupled_accepted,FEV10_1,200,0.07826219773087029,0.001711533919114063,0.08,-0.0017378022691297195,0.001711533919114063,0.02420661644315255,0.001154366999144789,0.0005859602796259033,5.5886638365861826e-05
cf_reference,coupled,coupled_accepted,nu0,200,0.34516365957693373,0.009296782836534076,0.4,-0.054836340423066246,0.009296782836534076,0.1421500203370357,0.006346705160402379,0.02020662828181966,0.001804368535248735
cf_reference,coupled,coupled_accepted,nu1,200,0.03903770804680154,0.003558401173661192,0.06,-0.02096229195319846,0.0035584011736611914,0.0543985224759008,0.0028888202260192873,0.002959199247561085,0.00031429510398789406
cf_reference,coupled,coupled_accepted,theta,200,-0.0008989561134322199,0.004438866145407828,-0.03,0.029101043886567785,0.004438866145407828,0.06904979184617899,0.004119670783087189,0.0047678737540006455,0.0005689248200939111
cf_reference,coupled,coupled_accepted,cumulative_relative_0,200,0.9962905794934304,0.006486914825040476,1.0,-0.003709420506569709,0.006486914825040476,0.09158434651190787,0.0047634233360758765,0.008387692526013213,0.0008725100267881625
cf_reference,coupled,coupled_accepted,baseline_relative_ISE_0,200,0.02278617067183043,0.0011571002073391666,,,,,,,
cf_reference,coupled,coupled_accepted,cumulative_relative_1,200,0.9640448510641271,0.0087501589604538,1.0,-0.035955148935872844,0.0087501589604538,0.12856618458914298,0.006012424579496205,0.016529263819809584,0.001545988976631619
cf_reference,coupled,coupled_accepted,baseline_relative_ISE_1,200,0.04647924944158818,0.002702814020072114,,,,,,,
cf_reference,coupled,coupled_accepted,prediction_mse,200,0.1985921194886914,0.0006131518455226411,,,,,,,
cf_reference,coupled,coupled_accepted,negative_prediction_fraction,200,0.0,0.0,,,,,,,
cf_n160,initial,certified_initial,treatment_0,100,-0.37783144687099807,0.024991764901410987,-0.35,-0.027831446870998124,0.024991764901410984,0.25021757014803253,0.013624017059326499,0.06260883241078559,0.0068179368884800405
cf_n160,initial,certified_initial,FEV10_0,100,-0.1873235281350889,0.005405231961348646,-0.18,-0.007323528135088901,0.005405231961348646,0.05427771906950353,0.0034344892404090622,0.002946070787387947,0.0003728324842763113
cf_n160,initial,certified_initial,treatment_1,100,0.14110119655190287,0.03328951951598309,0.05,0.0911011965519029,0.03328951951598309,0.34352648640837774,0.024674367300715146,0.11801044686408535,0.016952597406328884
cf_n160,initial,certified_initial,FEV10_1,100,0.10339392785417206,0.0069235940994065975,0.08,0.023393927854172065,0.0069235940994065975,0.07275269912880658,0.00431426055361217,0.005292955230526654,0.0006277482000404495
cf_n160,initial,certified_initial,nu0,100,0.28478622453519375,0.0037327387434567217,0.4,-0.11521377546480625,0.0037327387434567213,0.12105211510344698,0.0036337446105631633,0.014653614571018174,0.0008797449417088443
cf_n160,initial,certified_initial,nu1,100,0.10809114184719436,0.00179462184976555,0.06,0.04809114184719436,0.00179462184976555,0.05129916193222757,0.0017279467045471747,0.0026316040149489063,0.000177284435613649
cf_n160,initial,certified_initial,theta,100,-0.014023738609646374,0.0012297125647699023,-0.03,0.015976261390353626,0.0012297125647699023,0.020123320655802513,0.0010850959525977998,0.0004049480342162481,4.367146759287802e-05
cf_n160,initial,certified_initial,cumulative_relative_0,100,1.096250381929028,0.02276972683706181,1.0,0.0962503819290279,0.02276972683706181,0.2461538575458256,0.01793975844764414,0.06059172158469061,0.008831881490655835
cf_n160,initial,certified_initial,baseline_relative_ISE_0,100,0.13970195088925733,0.014510870169401105,,,,,,,
cf_n160,initial,certified_initial,cumulative_relative_1,100,4.034148158667339,0.3063195748800439,1.0,3.0341481586673393,0.3063195748800439,4.300626880148846,0.5651529220079088,18.495391562258796,4.861023695563754
cf_n160,initial,certified_initial,baseline_relative_ISE_1,100,44.66355338604188,15.266169642891223,,,,,,,
cf_n160,initial,certified_initial,prediction_mse,100,0.27023898896973847,0.0023605183065700404,,,,,,,
cf_n160,initial,certified_initial,negative_prediction_fraction,100,0.0,0.0,,,,,,,
cf_n160,projected_initial,certified_initial,treatment_0,100,-0.37783144687099807,0.024991764901410987,-0.35,-0.027831446870998124,0.024991764901410984,0.25021757014803253,0.013624017059326499,0.06260883241078559,0.0068179368884800405
cf_n160,projected_initial,certified_initial,FEV10_0,100,-0.1873235281350889,0.005405231961348646,-0.18,-0.007323528135088901,0.005405231961348646,0.05427771906950353,0.0034344892404090622,0.002946070787387947,0.0003728324842763113
cf_n160,projected_initial,certified_initial,treatment_1,100,0.14110119655190287,0.03328951951598309,0.05,0.0911011965519029,0.03328951951598309,0.34352648640837774,0.024674367300715146,0.11801044686408535,0.016952597406328884
cf_n160,projected_initial,certified_initial,FEV10_1,100,0.10339392785417206,0.0069235940994065975,0.08,0.023393927854172065,0.0069235940994065975,0.07275269912880658,0.00431426055361217,0.005292955230526654,0.0006277482000404495
cf_n160,projected_initial,certified_initial,nu0,100,0.28478622453519375,0.0037327387434567217,0.4,-0.11521377546480625,0.0037327387434567217,0.12105211510344696,0.0036337446105631638,0.014653614571018173,0.0008797449417088443
cf_n160,projected_initial,certified_initial,nu1,100,0.10809114184719436,0.00179462184976555,0.06,0.04809114184719436,0.00179462184976555,0.05129916193222756,0.0017279467045471751,0.0026316040149489055,0.000177284435613649
cf_n160,projected_initial,certified_initial,theta,100,-0.014023738609646374,0.0012297125647699023,-0.03,0.015976261390353626,0.0012297125647699023,0.020123320655802513,0.0010850959525977998,0.0004049480342162481,4.3671467592878014e-05
cf_n160,projected_initial,certified_initial,cumulative_relative_0,100,1.096250381929028,0.02276972683706181,1.0,0.0962503819290279,0.02276972683706181,0.2461538575458256,0.01793975844764414,0.06059172158469061,0.008831881490655835
cf_n160,projected_initial,certified_initial,baseline_relative_ISE_0,100,0.13970195088925733,0.014510870169401105,,,,,,,
cf_n160,projected_initial,certified_initial,cumulative_relative_1,100,4.034148158667339,0.3063195748800439,1.0,3.0341481586673393,0.3063195748800439,4.300626880148846,0.5651529220079088,18.495391562258796,4.861023695563754
cf_n160,projected_initial,certified_initial,baseline_relative_ISE_1,100,44.66355338604188,15.266169642891223,,,,,,,
cf_n160,projected_initial,certified_initial,prediction_mse,100,0.27023898896973847,0.0023605183065700404,,,,,,,
cf_n160,projected_initial,certified_initial,negative_prediction_fraction,100,0.0,0.0,,,,,,,
cf_n160,fallback,certified_initial,treatment_0,100,-0.35564869961602386,0.02330149962636321,-0.35,-0.005648699616023863,0.02330149962636321,0.23191579593950726,0.013276647863351726,0.05378493640625517,0.006158128713275548
cf_n160,fallback,certified_initial,FEV10_0,100,-0.1760294663283919,0.0051159882622409435,-0.18,0.003970533671608093,0.0051159882622409435,0.051058059027705875,0.0031248280851141545,0.0026069253916766975,0.00031909531364238326
cf_n160,fallback,certified_initial,treatment_1,100,0.10394181655183299,0.027261573352423907,0.05,0.053941816551832986,0.027261573352423907,0.27656077877425234,0.018628382983674197,0.07648586435622094,0.010303760210539931
cf_n160,fallback,certified_initial,FEV10_1,100,0.08453907774134578,0.005727107264174859,0.08,0.0045390777413457754,0.005727107264174859,0.05716449274386207,0.004614456616026587,0.00326777923066306,0.0005275661434874363
cf_n160,fallback,certified_initial,nu0,100,0.35705734466421574,0.024930938519255506,0.4,-0.042942655335784334,0.024930938519255503,0.25174925917850655,0.02237762196402638,0.06337768949692686,0.011267099503240636
cf_n160,fallback,certified_initial,nu1,100,0.09247160367960575,0.016237436141970454,0.06,0.03247160367960573,0.016237436141970454,0.16479133460081466,0.04109543979179818,0.027156183959517657,0.013544344738595695
cf_n160,fallback,certified_initial,theta,100,0.018676521909305563,0.013202740825329082,-0.03,0.04867652190930556,0.013202740825329082,0.1400939968377211,0.01567213051656721,0.019626327949967416,0.004391142806056638
cf_n160,fallback,certified_initial,cumulative_relative_0,100,1.0050084151725636,0.019316265692976852,1.0,0.005008415172563472,0.019316265692976852,0.19225966330561006,0.012913022917490916,0.036963778134386546,0.00496530687674886
cf_n160,fallback,certified_initial,baseline_relative_ISE_0,100,0.08674670573167628,0.007266707245259558,,,,,,,
cf_n160,fallback,certified_initial,cumulative_relative_1,100,1.1230409369391532,0.04337481881497351,1.0,0.1230409369391533,0.04337481881497351,0.4487707521427961,0.07563893465915175,0.20139518797881095,0.06788908319653468
cf_n160,fallback,certified_initial,baseline_relative_ISE_1,100,0.618690256420143,0.2453059920200606,,,,,,,
cf_n160,fallback,certified_initial,prediction_mse,100,0.2112079725829517,0.002757023369933125,,,,,,,
cf_n160,fallback,certified_initial,negative_prediction_fraction,100,0.0,0.0,,,,,,,
cf_n160,initial,coupled_accepted,treatment_0,100,-0.37783144687099807,0.024991764901410987,-0.35,-0.027831446870998124,0.024991764901410984,0.25021757014803253,0.013624017059326499,0.06260883241078559,0.0068179368884800405
cf_n160,initial,coupled_accepted,FEV10_0,100,-0.1873235281350889,0.005405231961348646,-0.18,-0.007323528135088901,0.005405231961348646,0.05427771906950353,0.0034344892404090622,0.002946070787387947,0.0003728324842763113
cf_n160,initial,coupled_accepted,treatment_1,100,0.14110119655190287,0.03328951951598309,0.05,0.0911011965519029,0.03328951951598309,0.34352648640837774,0.024674367300715146,0.11801044686408535,0.016952597406328884
cf_n160,initial,coupled_accepted,FEV10_1,100,0.10339392785417206,0.0069235940994065975,0.08,0.023393927854172065,0.0069235940994065975,0.07275269912880658,0.00431426055361217,0.005292955230526654,0.0006277482000404495
cf_n160,initial,coupled_accepted,nu0,100,0.28478622453519375,0.0037327387434567217,0.4,-0.11521377546480625,0.0037327387434567213,0.12105211510344698,0.0036337446105631633,0.014653614571018174,0.0008797449417088443
cf_n160,initial,coupled_accepted,nu1,100,0.10809114184719436,0.00179462184976555,0.06,0.04809114184719436,0.00179462184976555,0.05129916193222757,0.0017279467045471747,0.0026316040149489063,0.000177284435613649
cf_n160,initial,coupled_accepted,theta,100,-0.014023738609646374,0.0012297125647699023,-0.03,0.015976261390353626,0.0012297125647699023,0.020123320655802513,0.0010850959525977998,0.0004049480342162481,4.367146759287802e-05
cf_n160,initial,coupled_accepted,cumulative_relative_0,100,1.096250381929028,0.02276972683706181,1.0,0.0962503819290279,0.02276972683706181,0.2461538575458256,0.01793975844764414,0.06059172158469061,0.008831881490655835
cf_n160,initial,coupled_accepted,baseline_relative_ISE_0,100,0.13970195088925733,0.014510870169401105,,,,,,,
cf_n160,initial,coupled_accepted,cumulative_relative_1,100,4.034148158667339,0.3063195748800439,1.0,3.0341481586673393,0.3063195748800439,4.300626880148846,0.5651529220079088,18.495391562258796,4.861023695563754
cf_n160,initial,coupled_accepted,baseline_relative_ISE_1,100,44.66355338604188,15.266169642891223,,,,,,,
cf_n160,initial,coupled_accepted,prediction_mse,100,0.27023898896973847,0.0023605183065700404,,,,,,,
cf_n160,initial,coupled_accepted,negative_prediction_fraction,100,0.0,0.0,,,,,,,
cf_n160,projected_initial,coupled_accepted,treatment_0,100,-0.37783144687099807,0.024991764901410987,-0.35,-0.027831446870998124,0.024991764901410984,0.25021757014803253,0.013624017059326499,0.06260883241078559,0.0068179368884800405
cf_n160,projected_initial,coupled_accepted,FEV10_0,100,-0.1873235281350889,0.005405231961348646,-0.18,-0.007323528135088901,0.005405231961348646,0.05427771906950353,0.0034344892404090622,0.002946070787387947,0.0003728324842763113
cf_n160,projected_initial,coupled_accepted,treatment_1,100,0.14110119655190287,0.03328951951598309,0.05,0.0911011965519029,0.03328951951598309,0.34352648640837774,0.024674367300715146,0.11801044686408535,0.016952597406328884
cf_n160,projected_initial,coupled_accepted,FEV10_1,100,0.10339392785417206,0.0069235940994065975,0.08,0.023393927854172065,0.0069235940994065975,0.07275269912880658,0.00431426055361217,0.005292955230526654,0.0006277482000404495
cf_n160,projected_initial,coupled_accepted,nu0,100,0.28478622453519375,0.0037327387434567217,0.4,-0.11521377546480625,0.0037327387434567217,0.12105211510344696,0.0036337446105631638,0.014653614571018173,0.0008797449417088443
cf_n160,projected_initial,coupled_accepted,nu1,100,0.10809114184719436,0.00179462184976555,0.06,0.04809114184719436,0.00179462184976555,0.05129916193222756,0.0017279467045471751,0.0026316040149489055,0.000177284435613649
cf_n160,projected_initial,coupled_accepted,theta,100,-0.014023738609646374,0.0012297125647699023,-0.03,0.015976261390353626,0.0012297125647699023,0.020123320655802513,0.0010850959525977998,0.0004049480342162481,4.3671467592878014e-05
cf_n160,projected_initial,coupled_accepted,cumulative_relative_0,100,1.096250381929028,0.02276972683706181,1.0,0.0962503819290279,0.02276972683706181,0.2461538575458256,0.01793975844764414,0.06059172158469061,0.008831881490655835
cf_n160,projected_initial,coupled_accepted,baseline_relative_ISE_0,100,0.13970195088925733,0.014510870169401105,,,,,,,
cf_n160,projected_initial,coupled_accepted,cumulative_relative_1,100,4.034148158667339,0.3063195748800439,1.0,3.0341481586673393,0.3063195748800439,4.300626880148846,0.5651529220079088,18.495391562258796,4.861023695563754
cf_n160,projected_initial,coupled_accepted,baseline_relative_ISE_1,100,44.66355338604188,15.266169642891223,,,,,,,
cf_n160,projected_initial,coupled_accepted,prediction_mse,100,0.27023898896973847,0.0023605183065700404,,,,,,,
cf_n160,projected_initial,coupled_accepted,negative_prediction_fraction,100,0.0,0.0,,,,,,,
cf_n160,coupled,coupled_accepted,treatment_0,100,-0.35564869961602386,0.02330149962636321,-0.35,-0.005648699616023863,0.02330149962636321,0.23191579593950726,0.013276647863351726,0.05378493640625517,0.006158128713275548
cf_n160,coupled,coupled_accepted,FEV10_0,100,-0.1760294663283919,0.0051159882622409435,-0.18,0.003970533671608093,0.0051159882622409435,0.051058059027705875,0.0031248280851141545,0.0026069253916766975,0.00031909531364238326
cf_n160,coupled,coupled_accepted,treatment_1,100,0.10394181655183299,0.027261573352423907,0.05,0.053941816551832986,0.027261573352423907,0.27656077877425234,0.018628382983674197,0.07648586435622094,0.010303760210539931
cf_n160,coupled,coupled_accepted,FEV10_1,100,0.08453907774134578,0.005727107264174859,0.08,0.0045390777413457754,0.005727107264174859,0.05716449274386207,0.004614456616026587,0.00326777923066306,0.0005275661434874363
cf_n160,coupled,coupled_accepted,nu0,100,0.35705734466421574,0.024930938519255506,0.4,-0.042942655335784334,0.024930938519255503,0.25174925917850655,0.02237762196402638,0.06337768949692686,0.011267099503240636
cf_n160,coupled,coupled_accepted,nu1,100,0.09247160367960575,0.016237436141970454,0.06,0.03247160367960573,0.016237436141970454,0.16479133460081466,0.04109543979179818,0.027156183959517657,0.013544344738595695
cf_n160,coupled,coupled_accepted,theta,100,0.018676521909305563,0.013202740825329082,-0.03,0.04867652190930556,0.013202740825329082,0.1400939968377211,0.01567213051656721,0.019626327949967416,0.004391142806056638
cf_n160,coupled,coupled_accepted,cumulative_relative_0,100,1.0050084151725636,0.019316265692976852,1.0,0.005008415172563472,0.019316265692976852,0.19225966330561006,0.012913022917490916,0.036963778134386546,0.00496530687674886
cf_n160,coupled,coupled_accepted,baseline_relative_ISE_0,100,0.08674670573167628,0.007266707245259558,,,,,,,
cf_n160,coupled,coupled_accepted,cumulative_relative_1,100,1.1230409369391532,0.04337481881497351,1.0,0.1230409369391533,0.04337481881497351,0.4487707521427961,0.07563893465915175,0.20139518797881095,0.06788908319653468
cf_n160,coupled,coupled_accepted,baseline_relative_ISE_1,100,0.618690256420143,0.2453059920200606,,,,,,,
cf_n160,coupled,coupled_accepted,prediction_mse,100,0.2112079725829517,0.002757023369933125,,,,,,,
cf_n160,coupled,coupled_accepted,negative_prediction_fraction,100,0.0,0.0,,,,,,,
cf_n2564,initial,certified_initial,treatment_0,100,-0.37836844653500507,0.006731379131960857,-0.35,-0.02836844653500514,0.006731379131960857,0.07273653686842024,0.004441324693391319,0.0052906037956110576,0.0006460931546109659
cf_n2564,initial,certified_initial,FEV10_0,100,-0.18615262708199512,0.0012402958190174836,-0.18,-0.006152627081995114,0.0012402958190174836,0.013789483607396343,0.0008899654781851174,0.00019014985815865245,2.454432874516465e-05
cf_n2564,initial,certified_initial,treatment_1,100,0.07402113889964274,0.007911838598562707,0.05,0.024021138899642733,0.007911838598562707,0.08230514519151821,0.005143468315606956,0.006774136924996894,0.0008466678130080084
cf_n2564,initial,certified_initial,FEV10_1,100,0.10557488510472726,0.0017872350134941664,0.08,0.025574885104727264,0.0017872350134941664,0.031149661931913326,0.0015565390350131161,0.0009703014384724902,9.697132944897033e-05
cf_n2564,initial,certified_initial,nu0,100,0.28989303251096404,0.0009255701622813779,0.4,-0.11010696748903596,0.0009255701622813781,0.11049142782151417,0.000923444947190236,0.012208355622036876,0.00020406550145922385
cf_n2564,initial,certified_initial,nu1,100,0.11058791573300265,0.00048587734777762295,0.06,0.050587915733002635,0.00048587734777762285,0.05081839057979537,0.0004823971332855479,0.002582508821120635,4.902929186775716e-05
cf_n2564,initial,certified_initial,theta,100,-0.013911026300775852,0.00029927908624964334,-0.03,0.016088973699224143,0.00029927908624964334,0.01636222185002703,0.0002945951677825428,0.000267722303869502,9.6404629824078e-06
cf_n2564,initial,certified_initial,cumulative_relative_0,100,1.0789115102243414,0.005248052102149961,1.0,0.07891151022434144,0.005248052102149961,0.09462393714968492,0.004688239356102265,0.008953689481707524,0.0008872393323490002
cf_n2564,initial,certified_initial,baseline_relative_ISE_0,100,0.02848320761283603,0.001215418813390869,,,,,,,
cf_n2564,initial,certified_initial,cumulative_relative_1,100,3.1298873160830856,0.03965766472125114,1.0,2.129887316083085,0.03965766472125114,2.1661302559991125,0.04238367725127815,4.692120285954781,0.18361713130898982
cf_n2564,initial,certified_initial,baseline_relative_ISE_1,100,6.197049924920058,0.2760170924619417,,,,,,,
cf_n2564,initial,certified_initial,prediction_mse,100,0.2717754793196666,0.0005900751406081003,,,,,,,
cf_n2564,initial,certified_initial,negative_prediction_fraction,100,0.0,0.0,,,,,,,
cf_n2564,projected_initial,certified_initial,treatment_0,100,-0.37836844653500507,0.006731379131960857,-0.35,-0.02836844653500514,0.006731379131960857,0.07273653686842024,0.004441324693391319,0.0052906037956110576,0.0006460931546109659
cf_n2564,projected_initial,certified_initial,FEV10_0,100,-0.18615262708199512,0.0012402958190174836,-0.18,-0.006152627081995114,0.0012402958190174836,0.013789483607396343,0.0008899654781851174,0.00019014985815865245,2.454432874516465e-05
cf_n2564,projected_initial,certified_initial,treatment_1,100,0.07402113889964274,0.007911838598562707,0.05,0.024021138899642733,0.007911838598562707,0.08230514519151821,0.005143468315606956,0.006774136924996894,0.0008466678130080084
cf_n2564,projected_initial,certified_initial,FEV10_1,100,0.10557488510472726,0.0017872350134941664,0.08,0.025574885104727264,0.0017872350134941664,0.031149661931913326,0.0015565390350131161,0.0009703014384724902,9.697132944897033e-05
cf_n2564,projected_initial,certified_initial,nu0,100,0.28989303251096404,0.0009255701622813787,0.4,-0.11010696748903598,0.0009255701622813787,0.11049142782151417,0.0009234449471902367,0.012208355622036876,0.000204065501459224
cf_n2564,projected_initial,certified_initial,nu1,100,0.11058791573300265,0.00048587734777762285,0.06,0.050587915733002635,0.00048587734777762285,0.05081839057979537,0.0004823971332855479,0.002582508821120635,4.902929186775716e-05
cf_n2564,projected_initial,certified_initial,theta,100,-0.013911026300775852,0.00029927908624964334,-0.03,0.016088973699224143,0.00029927908624964334,0.01636222185002703,0.0002945951677825428,0.000267722303869502,9.6404629824078e-06
cf_n2564,projected_initial,certified_initial,cumulative_relative_0,100,1.0789115102243414,0.005248052102149961,1.0,0.07891151022434144,0.005248052102149961,0.09462393714968492,0.004688239356102265,0.008953689481707524,0.0008872393323490002
cf_n2564,projected_initial,certified_initial,baseline_relative_ISE_0,100,0.02848320761283603,0.001215418813390869,,,,,,,
cf_n2564,projected_initial,certified_initial,cumulative_relative_1,100,3.1298873160830856,0.03965766472125114,1.0,2.129887316083085,0.03965766472125114,2.1661302559991125,0.04238367725127815,4.692120285954781,0.18361713130898982
cf_n2564,projected_initial,certified_initial,baseline_relative_ISE_1,100,6.197049924920058,0.2760170924619417,,,,,,,
cf_n2564,projected_initial,certified_initial,prediction_mse,100,0.2717754793196666,0.0005900751406081003,,,,,,,
cf_n2564,projected_initial,certified_initial,negative_prediction_fraction,100,0.0,0.0,,,,,,,
cf_n2564,fallback,certified_initial,treatment_0,100,-0.3568391047312133,0.00645045984189455,-0.35,-0.006839104731213344,0.00645045984189455,0.06454462129830833,0.00412748359586511,0.004166008138542037,0.0005328137312201869
cf_n2564,fallback,certified_initial,FEV10_0,100,-0.1751428580842893,0.0011553544277283297,-0.18,0.004857141915710683,0.0011553544277283297,0.012479638179964506,0.0007173590971150952,0.0001557413691028278,1.7904763954204818e-05
cf_n2564,fallback,certified_initial,treatment_1,100,0.0414587019544557,0.005974467033728253,0.05,-0.008541298045544298,0.005974467033728252,0.060055683741643294,0.0041850250951342175,0.0036066851496762784,0.0005026690871284424
cf_n2564,fallback,certified_initial,FEV10_1,100,0.07764196530395565,0.0013090345632104919,0.08,-0.0023580346960443655,0.001309034563210492,0.01323646119278252,0.0009383398076304332,0.00017520390490803766,2.484059689868649e-05
cf_n2564,fallback,certified_initial,nu0,100,0.3609793126264549,0.00730922808592855,0.4,-0.03902068737354524,0.007309228085928552,0.0825328464861385,0.006257164581321527,0.006811670749104503,0.0010328432076574254
cf_n2564,fallback,certified_initial,nu1,100,0.025771315513774488,0.0026756543318993244,0.06,-0.034228684486225514,0.002675654331899324,0.043363075605115056,0.0014616412984054868,0.0018803563259349248,0.00012676252426063132
cf_n2564,fallback,certified_initial,theta,100,-0.008168403801041528,0.003397157665515587,-0.03,0.021831596198958473,0.003397157665515587,0.04023861246150441,0.002856297331147411,0.0016191459328271382,0.00022986688276574
cf_n2564,fallback,certified_initial,cumulative_relative_0,100,0.9909819924204614,0.004622691025065061,1.0,-0.009018007579538544,0.004622691025065061,0.04687091229870722,0.0027318901636912184,0.0021968824197131035,0.000256092368544144
cf_n2564,fallback,certified_initial,baseline_relative_ISE_0,100,0.008695015107609536,0.0003015172134552268,,,,,,,
cf_n2564,fallback,certified_initial,cumulative_relative_1,100,0.9163070504016139,0.006203414138828916,1.0,-0.08369294959838598,0.006203414138828916,0.10399164468014921,0.004434192614281758,0.010814262163282405,0.000922237965575461
cf_n2564,fallback,certified_initial,baseline_relative_ISE_1,100,0.019575122466641823,0.001011848303770829,,,,,,,
cf_n2564,fallback,certified_initial,prediction_mse,100,0.19458084359414293,0.00036112322053891306,,,,,,,
cf_n2564,fallback,certified_initial,negative_prediction_fraction,100,0.0,0.0,,,,,,,
cf_n2564,initial,coupled_accepted,treatment_0,100,-0.37836844653500507,0.006731379131960857,-0.35,-0.02836844653500514,0.006731379131960857,0.07273653686842024,0.004441324693391319,0.0052906037956110576,0.0006460931546109659
cf_n2564,initial,coupled_accepted,FEV10_0,100,-0.18615262708199512,0.0012402958190174836,-0.18,-0.006152627081995114,0.0012402958190174836,0.013789483607396343,0.0008899654781851174,0.00019014985815865245,2.454432874516465e-05
cf_n2564,initial,coupled_accepted,treatment_1,100,0.07402113889964274,0.007911838598562707,0.05,0.024021138899642733,0.007911838598562707,0.08230514519151821,0.005143468315606956,0.006774136924996894,0.0008466678130080084
cf_n2564,initial,coupled_accepted,FEV10_1,100,0.10557488510472726,0.0017872350134941664,0.08,0.025574885104727264,0.0017872350134941664,0.031149661931913326,0.0015565390350131161,0.0009703014384724902,9.697132944897033e-05
cf_n2564,initial,coupled_accepted,nu0,100,0.28989303251096404,0.0009255701622813779,0.4,-0.11010696748903596,0.0009255701622813781,0.11049142782151417,0.000923444947190236,0.012208355622036876,0.00020406550145922385
cf_n2564,initial,coupled_accepted,nu1,100,0.11058791573300265,0.00048587734777762295,0.06,0.050587915733002635,0.00048587734777762285,0.05081839057979537,0.0004823971332855479,0.002582508821120635,4.902929186775716e-05
cf_n2564,initial,coupled_accepted,theta,100,-0.013911026300775852,0.00029927908624964334,-0.03,0.016088973699224143,0.00029927908624964334,0.01636222185002703,0.0002945951677825428,0.000267722303869502,9.6404629824078e-06
cf_n2564,initial,coupled_accepted,cumulative_relative_0,100,1.0789115102243414,0.005248052102149961,1.0,0.07891151022434144,0.005248052102149961,0.09462393714968492,0.004688239356102265,0.008953689481707524,0.0008872393323490002
cf_n2564,initial,coupled_accepted,baseline_relative_ISE_0,100,0.02848320761283603,0.001215418813390869,,,,,,,
cf_n2564,initial,coupled_accepted,cumulative_relative_1,100,3.1298873160830856,0.03965766472125114,1.0,2.129887316083085,0.03965766472125114,2.1661302559991125,0.04238367725127815,4.692120285954781,0.18361713130898982
cf_n2564,initial,coupled_accepted,baseline_relative_ISE_1,100,6.197049924920058,0.2760170924619417,,,,,,,
cf_n2564,initial,coupled_accepted,prediction_mse,100,0.2717754793196666,0.0005900751406081003,,,,,,,
cf_n2564,initial,coupled_accepted,negative_prediction_fraction,100,0.0,0.0,,,,,,,
cf_n2564,projected_initial,coupled_accepted,treatment_0,100,-0.37836844653500507,0.006731379131960857,-0.35,-0.02836844653500514,0.006731379131960857,0.07273653686842024,0.004441324693391319,0.0052906037956110576,0.0006460931546109659
cf_n2564,projected_initial,coupled_accepted,FEV10_0,100,-0.18615262708199512,0.0012402958190174836,-0.18,-0.006152627081995114,0.0012402958190174836,0.013789483607396343,0.0008899654781851174,0.00019014985815865245,2.454432874516465e-05
cf_n2564,projected_initial,coupled_accepted,treatment_1,100,0.07402113889964274,0.007911838598562707,0.05,0.024021138899642733,0.007911838598562707,0.08230514519151821,0.005143468315606956,0.006774136924996894,0.0008466678130080084
cf_n2564,projected_initial,coupled_accepted,FEV10_1,100,0.10557488510472726,0.0017872350134941664,0.08,0.025574885104727264,0.0017872350134941664,0.031149661931913326,0.0015565390350131161,0.0009703014384724902,9.697132944897033e-05
cf_n2564,projected_initial,coupled_accepted,nu0,100,0.28989303251096404,0.0009255701622813787,0.4,-0.11010696748903598,0.0009255701622813787,0.11049142782151417,0.0009234449471902367,0.012208355622036876,0.000204065501459224
cf_n2564,projected_initial,coupled_accepted,nu1,100,0.11058791573300265,0.00048587734777762285,0.06,0.050587915733002635,0.00048587734777762285,0.05081839057979537,0.0004823971332855479,0.002582508821120635,4.902929186775716e-05
cf_n2564,projected_initial,coupled_accepted,theta,100,-0.013911026300775852,0.00029927908624964334,-0.03,0.016088973699224143,0.00029927908624964334,0.01636222185002703,0.0002945951677825428,0.000267722303869502,9.6404629824078e-06
cf_n2564,projected_initial,coupled_accepted,cumulative_relative_0,100,1.0789115102243414,0.005248052102149961,1.0,0.07891151022434144,0.005248052102149961,0.09462393714968492,0.004688239356102265,0.008953689481707524,0.0008872393323490002
cf_n2564,projected_initial,coupled_accepted,baseline_relative_ISE_0,100,0.02848320761283603,0.001215418813390869,,,,,,,
cf_n2564,projected_initial,coupled_accepted,cumulative_relative_1,100,3.1298873160830856,0.03965766472125114,1.0,2.129887316083085,0.03965766472125114,2.1661302559991125,0.04238367725127815,4.692120285954781,0.18361713130898982
cf_n2564,projected_initial,coupled_accepted,baseline_relative_ISE_1,100,6.197049924920058,0.2760170924619417,,,,,,,
cf_n2564,projected_initial,coupled_accepted,prediction_mse,100,0.2717754793196666,0.0005900751406081003,,,,,,,
cf_n2564,projected_initial,coupled_accepted,negative_prediction_fraction,100,0.0,0.0,,,,,,,
cf_n2564,coupled,coupled_accepted,treatment_0,100,-0.3568391047312133,0.00645045984189455,-0.35,-0.006839104731213344,0.00645045984189455,0.06454462129830833,0.00412748359586511,0.004166008138542037,0.0005328137312201869
cf_n2564,coupled,coupled_accepted,FEV10_0,100,-0.1751428580842893,0.0011553544277283297,-0.18,0.004857141915710683,0.0011553544277283297,0.012479638179964506,0.0007173590971150952,0.0001557413691028278,1.7904763954204818e-05
cf_n2564,coupled,coupled_accepted,treatment_1,100,0.0414587019544557,0.005974467033728253,0.05,-0.008541298045544298,0.005974467033728252,0.060055683741643294,0.0041850250951342175,0.0036066851496762784,0.0005026690871284424
cf_n2564,coupled,coupled_accepted,FEV10_1,100,0.07764196530395565,0.0013090345632104919,0.08,-0.0023580346960443655,0.001309034563210492,0.01323646119278252,0.0009383398076304332,0.00017520390490803766,2.484059689868649e-05
cf_n2564,coupled,coupled_accepted,nu0,100,0.3609793126264549,0.00730922808592855,0.4,-0.03902068737354524,0.007309228085928552,0.0825328464861385,0.006257164581321527,0.006811670749104503,0.0010328432076574254
cf_n2564,coupled,coupled_accepted,nu1,100,0.025771315513774488,0.0026756543318993244,0.06,-0.034228684486225514,0.002675654331899324,0.043363075605115056,0.0014616412984054868,0.0018803563259349248,0.00012676252426063132
cf_n2564,coupled,coupled_accepted,theta,100,-0.008168403801041528,0.003397157665515587,-0.03,0.021831596198958473,0.003397157665515587,0.04023861246150441,0.002856297331147411,0.0016191459328271382,0.00022986688276574
cf_n2564,coupled,coupled_accepted,cumulative_relative_0,100,0.9909819924204614,0.004622691025065061,1.0,-0.009018007579538544,0.004622691025065061,0.04687091229870722,0.0027318901636912184,0.0021968824197131035,0.000256092368544144
cf_n2564,coupled,coupled_accepted,baseline_relative_ISE_0,100,0.008695015107609536,0.0003015172134552268,,,,,,,
cf_n2564,coupled,coupled_accepted,cumulative_relative_1,100,0.9163070504016139,0.006203414138828916,1.0,-0.08369294959838598,0.006203414138828916,0.10399164468014921,0.004434192614281758,0.010814262163282405,0.000922237965575461
cf_n2564,coupled,coupled_accepted,baseline_relative_ISE_1,100,0.019575122466641823,0.001011848303770829,,,,,,,
cf_n2564,coupled,coupled_accepted,prediction_mse,100,0.19458084359414293,0.00036112322053891306,,,,,,,
cf_n2564,coupled,coupled_accepted,negative_prediction_fraction,100,0.0,0.0,,,,,,,
cf_long4,initial,certified_initial,treatment_0,100,-0.3645242782203495,0.009212942609385546,-0.35,-0.014524278220349502,0.009212942609385546,0.09281113887180492,0.006142988831309416,0.00861390749868146,0.0011402755790212095
cf_long4,initial,certified_initial,FEV10_0,100,-0.18216412576419308,0.00189915437785457,-0.18,-0.002164125764193104,0.00189915437785457,0.01901986824519923,0.001618159061921541,0.00036175538806473807,6.155434431504578e-05
cf_long4,initial,certified_initial,treatment_1,100,0.09560482806831541,0.0074379827931454045,0.05,0.04560482806831541,0.0074379827931454045,0.08693006130345356,0.006013138058808282,0.007556835558222194,0.0010454449201566674
cf_long4,initial,certified_initial,FEV10_1,100,0.10539908313355978,0.0018931670516062996,0.08,0.025399083133559784,0.0018931670516062996,0.03162178823325718,0.0018949999882769011,0.0009999374910689624,0.00011984657666263402
cf_long4,initial,certified_initial,nu0,100,0.31224259365746593,0.0017745962802226405,0.4,-0.08775740634253411,0.0017745962802226405,0.08951610118737786,0.0017100667859343464,0.008013132371788871,0.00030615702289374597
cf_long4,initial,certified_initial,nu1,100,0.1778151060227083,0.0011903596391006463,0.06,0.11781510602270828,0.0011903596391006463,0.11840894331979987,0.0011891131358580864,0.014020677858111579,0.00028160325980929924
cf_long4,initial,certified_initial,theta,100,-0.034211702054775806,0.0010397295040209763,-0.03,-0.004211702054775809,0.0010397295040209763,0.011169652676329807,0.0007991800750692038,0.0001247611409098416,1.7853127728732376e-05
cf_long4,initial,certified_initial,cumulative_relative_0,100,1.0359062799126975,0.006353765253196375,1.0,0.03590627991269743,0.006353765253196375,0.07270435952230658,0.006047820833846965,0.005285923893548812,0.0008794058804610115
cf_long4,initial,certified_initial,baseline_relative_ISE_0,100,0.015608860767839858,0.001060366099970326,,,,,,,
cf_long4,initial,certified_initial,cumulative_relative_1,100,1.7086654914045543,0.015648414732944208,1.0,0.7086654914045541,0.01564841473294421,0.7255681871398626,0.016470721708717235,0.5264491941894267,0.02390126338215829
cf_long4,initial,certified_initial,baseline_relative_ISE_1,100,0.6151206525134014,0.028241272791262297,,,,,,,
cf_long4,initial,certified_initial,prediction_mse,100,0.24741634268578416,0.0011892899423951201,,,,,,,
cf_long4,initial,certified_initial,negative_prediction_fraction,100,0.0,0.0,,,,,,,
cf_long4,projected_initial,certified_initial,treatment_0,100,-0.3645242782203495,0.009212942609385546,-0.35,-0.014524278220349502,0.009212942609385546,0.09281113887180492,0.006142988831309416,0.00861390749868146,0.0011402755790212095
cf_long4,projected_initial,certified_initial,FEV10_0,100,-0.18216412576419308,0.00189915437785457,-0.18,-0.002164125764193104,0.00189915437785457,0.01901986824519923,0.001618159061921541,0.00036175538806473807,6.155434431504578e-05
cf_long4,projected_initial,certified_initial,treatment_1,100,0.09560482806831541,0.0074379827931454045,0.05,0.04560482806831541,0.0074379827931454045,0.08693006130345356,0.006013138058808282,0.007556835558222194,0.0010454449201566674
cf_long4,projected_initial,certified_initial,FEV10_1,100,0.10539908313355978,0.0018931670516062996,0.08,0.025399083133559784,0.0018931670516062996,0.03162178823325718,0.0018949999882769011,0.0009999374910689624,0.00011984657666263402
cf_long4,projected_initial,certified_initial,nu0,100,0.31224259365746593,0.0017745962802226407,0.4,-0.08775740634253414,0.0017745962802226407,0.08951610118737786,0.0017100667859343466,0.008013132371788873,0.000306157022893746
cf_long4,projected_initial,certified_initial,nu1,100,0.1778151060227083,0.0011903596391006465,0.06,0.11781510602270828,0.0011903596391006467,0.11840894331979987,0.0011891131358580866,0.014020677858111579,0.0002816032598092993
cf_long4,projected_initial,certified_initial,theta,100,-0.034211702054775806,0.0010397295040209763,-0.03,-0.004211702054775809,0.001039729504020976,0.011169652676329805,0.0007991800750692038,0.00012476114090984158,1.7853127728732373e-05
cf_long4,projected_initial,certified_initial,cumulative_relative_0,100,1.0359062799126975,0.006353765253196375,1.0,0.03590627991269743,0.006353765253196375,0.07270435952230658,0.006047820833846965,0.005285923893548812,0.0008794058804610115
cf_long4,projected_initial,certified_initial,baseline_relative_ISE_0,100,0.015608860767839858,0.001060366099970326,,,,,,,
cf_long4,projected_initial,certified_initial,cumulative_relative_1,100,1.7086654914045543,0.015648414732944208,1.0,0.7086654914045541,0.01564841473294421,0.7255681871398626,0.016470721708717235,0.5264491941894267,0.02390126338215829
cf_long4,projected_initial,certified_initial,baseline_relative_ISE_1,100,0.6151206525134014,0.028241272791262297,,,,,,,
cf_long4,projected_initial,certified_initial,prediction_mse,100,0.24741634268578416,0.0011892899423951201,,,,,,,
cf_long4,projected_initial,certified_initial,negative_prediction_fraction,100,0.0,0.0,,,,,,,
cf_long4,fallback,certified_initial,treatment_0,100,-0.35429442912902076,0.009145476754112392,-0.35,-0.0042944291290206976,0.009145476754112392,0.09109762281467713,0.006398836136116681,0.008298776882485183,0.001165837521561767
cf_long4,fallback,certified_initial,FEV10_0,100,-0.1779231086633543,0.0018032748267970155,-0.18,0.0020768913366457278,0.001803274826797015,0.01806216176484019,0.0014623863103244963,0.0003262416876192549,5.282771619953768e-05
cf_long4,fallback,certified_initial,treatment_1,100,0.049397765257713305,0.006487603051760822,0.05,-0.0006022347422866934,0.006487603051760822,0.0645536445837819,0.005155948058231979,0.004167173029049234,0.0006656704768870952
cf_long4,fallback,certified_initial,FEV10_1,100,0.07532180780545432,0.0015646452370258197,0.08,-0.004678192194545668,0.0015646452370258197,0.01625573250475409,0.0008724509416813668,0.00026424883926611875,2.836465826298622e-05
cf_long4,fallback,certified_initial,nu0,100,0.33874247765444354,0.005863288949213881,0.4,-0.061257522345556564,0.005863288949213881,0.08459268063379803,0.004622700999142143,0.007155921616811749,0.0007820933385719406
cf_long4,fallback,certified_initial,nu1,100,0.04414045084324216,0.0019951153669962606,0.06,-0.015859549156757833,0.00199511536699626,0.025408529018627894,0.001486392395210018,0.0006455933468904557,7.553408861352312e-05
cf_long4,fallback,certified_initial,theta,100,-0.018040478467347326,0.0026276082820748765,-0.03,0.011959521532652674,0.0026276082820748765,0.02874992797223678,0.0018951403598544852,0.0008265583584088028,0.00010897029768619068
cf_long4,fallback,certified_initial,cumulative_relative_0,100,1.0717417505718738,0.006450130552372406,1.0,0.07174175057187365,0.006450130552372406,0.0962584697844251,0.006657358188595138,0.009265693005239078,0.0012816542240819601
cf_long4,fallback,certified_initial,baseline_relative_ISE_0,100,0.018279915467034925,0.0013368592787755414,,,,,,,
cf_long4,fallback,certified_initial,cumulative_relative_1,100,0.941847070453961,0.006921965311321792,1.0,-0.05815292954603902,0.006921965311321792,0.09013994668364106,0.00476863342478752,0.008125209988129652,0.0008596887253283514
cf_long4,fallback,certified_initial,baseline_relative_ISE_1,100,0.016995832479976734,0.0009469637942258304,,,,,,,
cf_long4,fallback,certified_initial,prediction_mse,100,0.16815045513439664,0.0006822271652060591,,,,,,,
cf_long4,fallback,certified_initial,negative_prediction_fraction,100,0.0,0.0,,,,,,,
cf_long4,initial,coupled_accepted,treatment_0,100,-0.3645242782203495,0.009212942609385546,-0.35,-0.014524278220349502,0.009212942609385546,0.09281113887180492,0.006142988831309416,0.00861390749868146,0.0011402755790212095
cf_long4,initial,coupled_accepted,FEV10_0,100,-0.18216412576419308,0.00189915437785457,-0.18,-0.002164125764193104,0.00189915437785457,0.01901986824519923,0.001618159061921541,0.00036175538806473807,6.155434431504578e-05
cf_long4,initial,coupled_accepted,treatment_1,100,0.09560482806831541,0.0074379827931454045,0.05,0.04560482806831541,0.0074379827931454045,0.08693006130345356,0.006013138058808282,0.007556835558222194,0.0010454449201566674
cf_long4,initial,coupled_accepted,FEV10_1,100,0.10539908313355978,0.0018931670516062996,0.08,0.025399083133559784,0.0018931670516062996,0.03162178823325718,0.0018949999882769011,0.0009999374910689624,0.00011984657666263402
cf_long4,initial,coupled_accepted,nu0,100,0.31224259365746593,0.0017745962802226405,0.4,-0.08775740634253411,0.0017745962802226405,0.08951610118737786,0.0017100667859343464,0.008013132371788871,0.00030615702289374597
cf_long4,initial,coupled_accepted,nu1,100,0.1778151060227083,0.0011903596391006463,0.06,0.11781510602270828,0.0011903596391006463,0.11840894331979987,0.0011891131358580864,0.014020677858111579,0.00028160325980929924
cf_long4,initial,coupled_accepted,theta,100,-0.034211702054775806,0.0010397295040209763,-0.03,-0.004211702054775809,0.0010397295040209763,0.011169652676329807,0.0007991800750692038,0.0001247611409098416,1.7853127728732376e-05
cf_long4,initial,coupled_accepted,cumulative_relative_0,100,1.0359062799126975,0.006353765253196375,1.0,0.03590627991269743,0.006353765253196375,0.07270435952230658,0.006047820833846965,0.005285923893548812,0.0008794058804610115
cf_long4,initial,coupled_accepted,baseline_relative_ISE_0,100,0.015608860767839858,0.001060366099970326,,,,,,,
cf_long4,initial,coupled_accepted,cumulative_relative_1,100,1.7086654914045543,0.015648414732944208,1.0,0.7086654914045541,0.01564841473294421,0.7255681871398626,0.016470721708717235,0.5264491941894267,0.02390126338215829
cf_long4,initial,coupled_accepted,baseline_relative_ISE_1,100,0.6151206525134014,0.028241272791262297,,,,,,,
cf_long4,initial,coupled_accepted,prediction_mse,100,0.24741634268578416,0.0011892899423951201,,,,,,,
cf_long4,initial,coupled_accepted,negative_prediction_fraction,100,0.0,0.0,,,,,,,
cf_long4,projected_initial,coupled_accepted,treatment_0,100,-0.3645242782203495,0.009212942609385546,-0.35,-0.014524278220349502,0.009212942609385546,0.09281113887180492,0.006142988831309416,0.00861390749868146,0.0011402755790212095
cf_long4,projected_initial,coupled_accepted,FEV10_0,100,-0.18216412576419308,0.00189915437785457,-0.18,-0.002164125764193104,0.00189915437785457,0.01901986824519923,0.001618159061921541,0.00036175538806473807,6.155434431504578e-05
cf_long4,projected_initial,coupled_accepted,treatment_1,100,0.09560482806831541,0.0074379827931454045,0.05,0.04560482806831541,0.0074379827931454045,0.08693006130345356,0.006013138058808282,0.007556835558222194,0.0010454449201566674
cf_long4,projected_initial,coupled_accepted,FEV10_1,100,0.10539908313355978,0.0018931670516062996,0.08,0.025399083133559784,0.0018931670516062996,0.03162178823325718,0.0018949999882769011,0.0009999374910689624,0.00011984657666263402
cf_long4,projected_initial,coupled_accepted,nu0,100,0.31224259365746593,0.0017745962802226407,0.4,-0.08775740634253414,0.0017745962802226407,0.08951610118737786,0.0017100667859343466,0.008013132371788873,0.000306157022893746
cf_long4,projected_initial,coupled_accepted,nu1,100,0.1778151060227083,0.0011903596391006465,0.06,0.11781510602270828,0.0011903596391006467,0.11840894331979987,0.0011891131358580866,0.014020677858111579,0.0002816032598092993
cf_long4,projected_initial,coupled_accepted,theta,100,-0.034211702054775806,0.0010397295040209763,-0.03,-0.004211702054775809,0.001039729504020976,0.011169652676329805,0.0007991800750692038,0.00012476114090984158,1.7853127728732373e-05
cf_long4,projected_initial,coupled_accepted,cumulative_relative_0,100,1.0359062799126975,0.006353765253196375,1.0,0.03590627991269743,0.006353765253196375,0.07270435952230658,0.006047820833846965,0.005285923893548812,0.0008794058804610115
cf_long4,projected_initial,coupled_accepted,baseline_relative_ISE_0,100,0.015608860767839858,0.001060366099970326,,,,,,,
cf_long4,projected_initial,coupled_accepted,cumulative_relative_1,100,1.7086654914045543,0.015648414732944208,1.0,0.7086654914045541,0.01564841473294421,0.7255681871398626,0.016470721708717235,0.5264491941894267,0.02390126338215829
cf_long4,projected_initial,coupled_accepted,baseline_relative_ISE_1,100,0.6151206525134014,0.028241272791262297,,,,,,,
cf_long4,projected_initial,coupled_accepted,prediction_mse,100,0.24741634268578416,0.0011892899423951201,,,,,,,
cf_long4,projected_initial,coupled_accepted,negative_prediction_fraction,100,0.0,0.0,,,,,,,
cf_long4,coupled,coupled_accepted,treatment_0,100,-0.35429442912902076,0.009145476754112392,-0.35,-0.0042944291290206976,0.009145476754112392,0.09109762281467713,0.006398836136116681,0.008298776882485183,0.001165837521561767
cf_long4,coupled,coupled_accepted,FEV10_0,100,-0.1779231086633543,0.0018032748267970155,-0.18,0.0020768913366457278,0.001803274826797015,0.01806216176484019,0.0014623863103244963,0.0003262416876192549,5.282771619953768e-05
cf_long4,coupled,coupled_accepted,treatment_1,100,0.049397765257713305,0.006487603051760822,0.05,-0.0006022347422866934,0.006487603051760822,0.0645536445837819,0.005155948058231979,0.004167173029049234,0.0006656704768870952
cf_long4,coupled,coupled_accepted,FEV10_1,100,0.07532180780545432,0.0015646452370258197,0.08,-0.004678192194545668,0.0015646452370258197,0.01625573250475409,0.0008724509416813668,0.00026424883926611875,2.836465826298622e-05
cf_long4,coupled,coupled_accepted,nu0,100,0.33874247765444354,0.005863288949213881,0.4,-0.061257522345556564,0.005863288949213881,0.08459268063379803,0.004622700999142143,0.007155921616811749,0.0007820933385719406
cf_long4,coupled,coupled_accepted,nu1,100,0.04414045084324216,0.0019951153669962606,0.06,-0.015859549156757833,0.00199511536699626,0.025408529018627894,0.001486392395210018,0.0006455933468904557,7.553408861352312e-05
cf_long4,coupled,coupled_accepted,theta,100,-0.018040478467347326,0.0026276082820748765,-0.03,0.011959521532652674,0.0026276082820748765,0.02874992797223678,0.0018951403598544852,0.0008265583584088028,0.00010897029768619068
cf_long4,coupled,coupled_accepted,cumulative_relative_0,100,1.0717417505718738,0.006450130552372406,1.0,0.07174175057187365,0.006450130552372406,0.0962584697844251,0.006657358188595138,0.009265693005239078,0.0012816542240819601
cf_long4,coupled,coupled_accepted,baseline_relative_ISE_0,100,0.018279915467034925,0.0013368592787755414,,,,,,,
cf_long4,coupled,coupled_accepted,cumulative_relative_1,100,0.941847070453961,0.006921965311321792,1.0,-0.05815292954603902,0.006921965311321792,0.09013994668364106,0.00476863342478752,0.008125209988129652,0.0008596887253283514
cf_long4,coupled,coupled_accepted,baseline_relative_ISE_1,100,0.016995832479976734,0.0009469637942258304,,,,,,,
cf_long4,coupled,coupled_accepted,prediction_mse,100,0.16815045513439664,0.0006822271652060591,,,,,,,
cf_long4,coupled,coupled_accepted,negative_prediction_fraction,100,0.0,0.0,,,,,,,
cf_long16,initial,certified_initial,treatment_0,100,-0.33291288668946956,0.006907546268589455,-0.35,0.01708711331053052,0.006907546268589455,0.07082142889764803,0.005667829274873437,0.005015674791104616,0.0008028075359889142
cf_long16,initial,certified_initial,FEV10_0,100,-0.17123568954322008,0.0013319591446914038,-0.18,0.00876431045677988,0.0013319591446914038,0.015888692171868637,0.001045101801722761,0.0002524505389323997,3.321060163167648e-05
cf_long16,initial,certified_initial,treatment_1,100,0.08722203715872265,0.005140730949957491,0.05,0.03722203715872264,0.005140730949957491,0.06325950051597438,0.0040351909664030055,0.004001764405530563,0.0005105283300424522
cf_long16,initial,certified_initial,FEV10_1,100,0.09823047798560396,0.000988571043891582,0.08,0.01823047798560397,0.000988571043891582,0.020714736922221807,0.0009346583371770508,0.0004291003257568594,3.872240313356779e-05
cf_long16,initial,certified_initial,nu0,100,0.3479094052179806,0.0017834637773763307,0.4,-0.052090594782019405,0.0017834637773763307,0.0550302064889882,0.0017650415089012833,0.0030283236262206793,0.00019426119739294586
cf_long16,initial,certified_initial,nu1,100,0.19946748872649678,0.0013323358279542445,0.06,0.13946748872649675,0.0013323358279542447,0.14009609976284884,0.0013279063728398619,0.019626917168762095,0.00037206900737019207
cf_long16,initial,certified_initial,theta,100,-0.04727504437141444,0.0009545934124057772,-0.03,-0.01727504437141444,0.0009545934124057772,0.01971397392085573,0.0009347683520840895,0.0003886407677521799,3.6855997830054056e-05
cf_long16,initial,certified_initial,cumulative_relative_0,100,1.040806712894074,0.004577435556064204,1.0,0.040806712894074,0.004577435556064205,0.06115166823514748,0.0038586579616945236,0.003739526527941545,0.0004719267430129078
cf_long16,initial,certified_initial,baseline_relative_ISE_0,100,0.00920345434657465,0.0004910611534476519,,,,,,,
cf_long16,initial,certified_initial,cumulative_relative_1,100,1.2736196087461709,0.005698628281011078,1.0,0.27361960874617075,0.005698628281011077,0.27943273314813416,0.005612760308864437,0.07808265235463635,0.0031367779072227105
cf_long16,initial,certified_initial,baseline_relative_ISE_1,100,0.08865576770447012,0.0033561756390709046,,,,,,,
cf_long16,initial,certified_initial,prediction_mse,100,0.18181287061513063,0.0009404831330018298,,,,,,,
cf_long16,initial,certified_initial,negative_prediction_fraction,100,0.0,0.0,,,,,,,
cf_long16,projected_initial,certified_initial,treatment_0,100,-0.33291288668946956,0.006907546268589455,-0.35,0.01708711331053052,0.006907546268589455,0.07082142889764803,0.005667829274873437,0.005015674791104616,0.0008028075359889142
cf_long16,projected_initial,certified_initial,FEV10_0,100,-0.17123568954322008,0.0013319591446914038,-0.18,0.00876431045677988,0.0013319591446914038,0.015888692171868637,0.001045101801722761,0.0002524505389323997,3.321060163167648e-05
cf_long16,projected_initial,certified_initial,treatment_1,100,0.08722203715872265,0.005140730949957491,0.05,0.03722203715872264,0.005140730949957491,0.06325950051597438,0.0040351909664030055,0.004001764405530563,0.0005105283300424522
cf_long16,projected_initial,certified_initial,FEV10_1,100,0.09823047798560396,0.000988571043891582,0.08,0.01823047798560397,0.000988571043891582,0.020714736922221807,0.0009346583371770508,0.0004291003257568594,3.872240313356779e-05
cf_long16,projected_initial,certified_initial,nu0,100,0.3479094052179806,0.0017834637773763307,0.4,-0.05209059478201942,0.0017834637773763307,0.05503020648898821,0.0017650415089012835,0.0030283236262206798,0.0001942611973929459
cf_long16,projected_initial,certified_initial,nu1,100,0.19946748872649675,0.0013323358279542443,0.06,0.13946748872649672,0.0013323358279542443,0.14009609976284884,0.0013279063728398616,0.019626917168762095,0.000372069007370192
cf_long16,projected_initial,certified_initial,theta,100,-0.04727504437141444,0.0009545934124057774,-0.03,-0.01727504437141444,0.0009545934124057774,0.019713973920855735,0.0009347683520840898,0.00038864076775217997,3.6855997830054076e-05
cf_long16,projected_initial,certified_initial,cumulative_relative_0,100,1.040806712894074,0.004577435556064204,1.0,0.040806712894074,0.004577435556064205,0.06115166823514748,0.0038586579616945236,0.003739526527941545,0.0004719267430129078
cf_long16,projected_initial,certified_initial,baseline_relative_ISE_0,100,0.00920345434657465,0.0004910611534476519,,,,,,,
cf_long16,projected_initial,certified_initial,cumulative_relative_1,100,1.2736196087461709,0.005698628281011078,1.0,0.27361960874617075,0.005698628281011077,0.27943273314813416,0.005612760308864437,0.07808265235463635,0.0031367779072227105
cf_long16,projected_initial,certified_initial,baseline_relative_ISE_1,100,0.08865576770447012,0.0033561756390709046,,,,,,,
cf_long16,projected_initial,certified_initial,prediction_mse,100,0.18181287061513063,0.0009404831330018298,,,,,,,
cf_long16,projected_initial,certified_initial,negative_prediction_fraction,100,0.0,0.0,,,,,,,
cf_long16,fallback,certified_initial,treatment_0,100,-0.32104021211924794,0.006543693258970694,-0.35,0.028959787880752045,0.006543693258970694,0.0712589751496645,0.005864929639220978,0.005077841539380504,0.0008358577508315569
cf_long16,fallback,certified_initial,FEV10_0,100,-0.16529888951452926,0.0012785332477499496,-0.18,0.014701110485470697,0.0012785332477499496,0.019441006373143797,0.0011674578850811787,0.00037795272880061776,4.539311236848035e-05
cf_long16,fallback,certified_initial,treatment_1,100,0.04707198976401512,0.0038653944760317694,0.05,-0.0029280102359848814,0.0038653944760317694,0.03857148448038249,0.0025721981503236385,0.001487759415020387,0.00019842700207135352
cf_long16,fallback,certified_initial,FEV10_1,100,0.07613301881459272,0.0007460453951208279,0.08,-0.003866981185407294,0.0007460453951208279,0.008369906386263361,0.0005762090586700178,7.00553329148122e-05,9.645631759969964e-06
cf_long16,fallback,certified_initial,nu0,100,0.3275045300328647,0.0035265742020131772,0.4,-0.07249546996713532,0.003526574202013178,0.08054085299016894,0.0034334354527053917,0.006486829000384005,0.0005530636400951582
cf_long16,fallback,certified_initial,nu1,100,0.06237799808285474,0.0018367788030876236,0.06,0.0023779980828547366,0.0018367788030876236,0.01842977904527857,0.006659131965932561,0.00033965675565778903,0.0002454526615309772
cf_long16,fallback,certified_initial,theta,100,-0.024168694440758802,0.0013359432503366113,-0.03,0.0058313055592411935,0.0013359432503366113,0.014515295965605121,0.0009620874067666413,0.0002106938169691123,2.7929966907998644e-05
cf_long16,fallback,certified_initial,cumulative_relative_0,100,1.0950903220113735,0.004751102278325019,1.0,0.0950903220113734,0.00475110227832502,0.10619271939863908,0.004549893352504134,0.011276893653278098,0.0009663310961524096
cf_long16,fallback,certified_initial,baseline_relative_ISE_0,100,0.016578983009845175,0.0009631580881778072,,,,,,,
cf_long16,fallback,certified_initial,cumulative_relative_1,100,0.9888890335677649,0.004572867316369182,1.0,-0.011110966432235143,0.004572867316369182,0.04683646025135639,0.006550525946923021,0.002193654008876887,0.0006136068962770775
cf_long16,fallback,certified_initial,baseline_relative_ISE_1,100,0.007185433013925775,0.0006084569369911312,,,,,,,
cf_long16,fallback,certified_initial,prediction_mse,100,0.11884383947175384,0.0009208717059224608,,,,,,,
cf_long16,fallback,certified_initial,negative_prediction_fraction,100,0.0,0.0,,,,,,,
cf_long16,initial,coupled_accepted,treatment_0,99,-0.3312169494327089,0.006764100334903999,-0.35,0.01878305056729112,0.006764100334903999,0.06954568438082236,0.005683502513879243,0.004836602215996959,0.0007905261440157125
cf_long16,initial,coupled_accepted,FEV10_0,99,-0.17111792282496416,0.0013402125034053275,-0.18,0.008882077175035762,0.001340212503405327,0.01596608628509569,0.0010476959904185035,0.00025491591126312077,3.3455209167141226e-05
cf_long16,initial,coupled_accepted,treatment_1,99,0.08753926674206416,0.005183025679582147,0.05,0.03753926674206417,0.005183025679582147,0.06357550280306264,0.0040433795206537585,0.004041844556662225,0.0005141197720983381
cf_long16,initial,coupled_accepted,FEV10_1,99,0.0984308054534084,0.0009778890292536518,0.08,0.018430805453408403,0.0009778890292536518,0.020818471392198435,0.0009336098376820229,0.0004334087511077847,3.8872659394516436e-05
cf_long16,initial,coupled_accepted,nu0,99,0.3480527647036216,0.0017957407382669657,0.4,-0.05194723529637826,0.0017957407382669657,0.054904775432072415,0.0017825266210377408,0.0030145343652463025,0.000195738447659536
cf_long16,initial,coupled_accepted,nu1,99,0.19929162789956906,0.001334086757881176,0.06,0.13929162789956903,0.001334086757881176,0.13991632061954848,0.0013307614820219711,0.019576576775712284,0.0003723905003734632
cf_long16,initial,coupled_accepted,theta,99,-0.047148958976275974,0.0009558365585573605,-0.03,-0.017148958976275972,0.0009558365585573605,0.019586268138267807,0.000941562035197077,0.00038362189958412465,3.68833729803662e-05
cf_long16,initial,coupled_accepted,cumulative_relative_0,99,1.040152598836316,0.004576453830491092,1.0,0.040152598836316056,0.004576453830491092,0.06053706550739434,0.0038876466910808946,0.0036647363002465538,0.00047069344481513796
cf_long16,initial,coupled_accepted,baseline_relative_ISE_0,99,0.009138755484594061,0.0004917224138986979,,,,,,,
cf_long16,initial,coupled_accepted,cumulative_relative_1,99,1.2739151713712893,0.0057487360651456675,1.0,0.27391517137128923,0.0057487360651456675,0.27976458283589073,0.005653100347637728,0.07826822180933997,0.0031630745209725955
cf_long16,initial,coupled_accepted,baseline_relative_ISE_1,99,0.08892410811419751,0.0033793956024045714,,,,,,,
cf_long16,initial,coupled_accepted,prediction_mse,99,0.18179193519894613,0.0009497960209639214,,,,,,,
cf_long16,initial,coupled_accepted,negative_prediction_fraction,99,0.0,0.0,,,,,,,
cf_long16,projected_initial,coupled_accepted,treatment_0,99,-0.3312169494327089,0.006764100334903999,-0.35,0.01878305056729112,0.006764100334903999,0.06954568438082236,0.005683502513879243,0.004836602215996959,0.0007905261440157125
cf_long16,projected_initial,coupled_accepted,FEV10_0,99,-0.17111792282496416,0.0013402125034053275,-0.18,0.008882077175035762,0.001340212503405327,0.01596608628509569,0.0010476959904185035,0.00025491591126312077,3.3455209167141226e-05
cf_long16,projected_initial,coupled_accepted,treatment_1,99,0.08753926674206416,0.005183025679582147,0.05,0.03753926674206417,0.005183025679582147,0.06357550280306264,0.0040433795206537585,0.004041844556662225,0.0005141197720983381
cf_long16,projected_initial,coupled_accepted,FEV10_1,99,0.0984308054534084,0.0009778890292536518,0.08,0.018430805453408403,0.0009778890292536518,0.020818471392198435,0.0009336098376820229,0.0004334087511077847,3.8872659394516436e-05
cf_long16,projected_initial,coupled_accepted,nu0,99,0.3480527647036216,0.0017957407382669657,0.4,-0.05194723529637826,0.0017957407382669657,0.054904775432072415,0.001782526621037741,0.0030145343652463025,0.00019573844765953603
cf_long16,projected_initial,coupled_accepted,nu1,99,0.19929162789956906,0.001334086757881176,0.06,0.13929162789956903,0.001334086757881176,0.13991632061954845,0.0013307614820219713,0.01957657677571228,0.0003723905003734632
cf_long16,projected_initial,coupled_accepted,theta,99,-0.04714895897627598,0.0009558365585573607,-0.03,-0.017148958976275976,0.0009558365585573607,0.01958626813826781,0.0009415620351970775,0.00038362189958412475,3.688337298036623e-05
cf_long16,projected_initial,coupled_accepted,cumulative_relative_0,99,1.040152598836316,0.004576453830491092,1.0,0.040152598836316056,0.004576453830491092,0.06053706550739434,0.0038876466910808946,0.0036647363002465538,0.00047069344481513796
cf_long16,projected_initial,coupled_accepted,baseline_relative_ISE_0,99,0.009138755484594061,0.0004917224138986979,,,,,,,
cf_long16,projected_initial,coupled_accepted,cumulative_relative_1,99,1.2739151713712893,0.0057487360651456675,1.0,0.27391517137128923,0.0057487360651456675,0.27976458283589073,0.005653100347637728,0.07826822180933997,0.0031630745209725955
cf_long16,projected_initial,coupled_accepted,baseline_relative_ISE_1,99,0.08892410811419751,0.0033793956024045714,,,,,,,
cf_long16,projected_initial,coupled_accepted,prediction_mse,99,0.18179193519894613,0.0009497960209639214,,,,,,,
cf_long16,projected_initial,coupled_accepted,negative_prediction_fraction,99,0.0,0.0,,,,,,,
cf_long16,coupled,coupled_accepted,treatment_0,99,-0.3192243488567275,0.006350523205130843,-0.35,0.030775651143272457,0.006350523205130843,0.06999569209047889,0.005892350343287686,0.004899396911225129,0.0008248782806359849
cf_long16,coupled,coupled_accepted,FEV10_0,99,-0.16512115511921593,0.0012789735003575972,-0.18,0.014878844880784068,0.0012789735003575972,0.01953678069741524,0.0011695541267997887,0.00038168580001889666,4.56986449780889e-05
cf_long16,coupled,coupled_accepted,treatment_1,99,0.04698366331306667,0.0039036185323781695,0.05,-0.0030163366869333315,0.0039036185323781695,0.03876139285873144,0.002578490758981105,0.0015024455763489165,0.0001998917865829504
cf_long16,coupled,coupled_accepted,FEV10_1,99,0.0761101396241041,0.0007532651877561339,0.08,-0.0038898603758959066,0.0007532651877561339,0.008410531562649464,0.0005777990591836917,7.073704116632283e-05,9.71919444826721e-06
cf_long16,coupled,coupled_accepted,nu0,99,0.3274417796681512,0.0035618139144624563,0.4,-0.07255822033184889,0.0035618139144624563,0.08067201582412857,0.0034601228582379602,0.00650797413712845,0.0005582701719464034
cf_long16,coupled,coupled_accepted,nu1,99,0.060817394926193286,0.0009784797448657578,0.06,0.0008173949261932827,0.0009784797448657578,0.009720882179843413,0.0006213093171406499,9.449555035439721e-05,1.2079349338326447e-05
cf_long16,coupled,coupled_accepted,theta,99,-0.023809211571573306,0.0012997316971489106,-0.03,0.006190788428426686,0.0012997316971489106,0.014278568025322194,0.0009580941121658707,0.00020387750485375335,2.7360423910442114e-05
cf_long16,coupled,coupled_accepted,cumulative_relative_0,99,1.0949845272376286,0.004798148061635979,1.0,0.09498452723762858,0.004798148061635978,0.10619905106473952,0.004595807875072798,0.011278238447051152,0.0009761408704171761
cf_long16,coupled,coupled_accepted,baseline_relative_ISE_0,99,0.016588784437392572,0.0009728862146067225,,,,,,,
cf_long16,coupled,coupled_accepted,cumulative_relative_1,99,0.98630852977694,0.0038135252958779514,1.0,-0.013691470223060201,0.0038135252958779505,0.04015803686355252,0.0024828006832259136,0.0016126679247344435,0.00019940880272367926
cf_long16,coupled,coupled_accepted,baseline_relative_ISE_1,99,0.006630840750011316,0.0002528354812732523,,,,,,,
cf_long16,coupled,coupled_accepted,prediction_mse,99,0.11818685323593928,0.0006518214547686282,,,,,,,
cf_long16,coupled,coupled_accepted,negative_prediction_fraction,99,0.0,0.0,,,,,,,
cf_K2,initial,certified_initial,treatment_0,100,-0.37226728893996425,0.011941270942285516,-0.35,-0.022267288939964276,0.011941270942285516,0.12088272571681208,0.007651410373880555,0.01461263337672602,0.0018498466831451473
cf_K2,initial,certified_initial,FEV10_0,100,-0.19143289348851314,0.003080193554449566,-0.18,-0.01143289348851316,0.003080193554449566,0.032710589943840504,0.002589105879821015,0.0010699826944740793,0.00016938236151202324
cf_K2,initial,certified_initial,treatment_1,100,0.07779914096587187,0.015152388760835911,0.05,0.027799140965871865,0.015152388760835911,0.1533058572567648,0.009918791975232768,0.023502685869231547,0.0030412178134291575
cf_K2,initial,certified_initial,FEV10_1,100,0.09466078454004624,0.002914085264941336,0.08,0.014660784540046238,0.002914085264941336,0.0324905525273599,0.0021334077781876167,0.0010556360035331325,0.00013863119495896586
cf_K2,initial,certified_initial,nu0,100,0.2814366181501586,0.0016702310860933715,0.4,-0.11856338184984144,0.0016702310860933715,0.11972239987523481,0.0016505115170302818,0.014333453031885624,0.00039520639968115964
cf_K2,initial,certified_initial,nu1,100,0.09888992456479134,0.0009687833042237462,0.06,0.03888992456479134,0.000968783304223746,0.040066716868479325,0.0009322740571307427,0.0016053418006188858,7.470632138177197e-05
cf_K2,initial,certified_initial,theta,100,-0.013063177886261552,0.000531165808303577,-0.03,0.016936822113738446,0.000531165808303577,0.017742252331301913,0.0005238021691824684,0.0003147875177875882,1.8586860514637297e-05
cf_K2,initial,certified_initial,cumulative_relative_0,100,1.0851764741257268,0.010476315577106425,1.0,0.08517647412572686,0.010476315577106425,0.13461276820395518,0.012043920383600281,0.018120597363531766,0.0032425309257289514
cf_K2,initial,certified_initial,baseline_relative_ISE_0,100,0.0558975277231904,0.004347745183284206,,,,,,,
cf_K2,initial,certified_initial,cumulative_relative_1,100,2.5138591029141444,0.0478773881179758,1.0,1.5138591029141444,0.0478773881179758,1.587041766458258,0.050416292790141065,2.518701568482948,0.1600255247358844
cf_K2,initial,certified_initial,baseline_relative_ISE_1,100,3.6125063332579215,0.2401038277749207,,,,,,,
cf_K2,initial,certified_initial,prediction_mse,100,0.2631400251231634,0.0012119042254867798,,,,,,,
cf_K2,initial,certified_initial,negative_prediction_fraction,100,0.0,0.0,,,,,,,
cf_K2,projected_initial,certified_initial,treatment_0,100,-0.37226728893996425,0.011941270942285516,-0.35,-0.022267288939964276,0.011941270942285516,0.12088272571681208,0.007651410373880555,0.01461263337672602,0.0018498466831451473
cf_K2,projected_initial,certified_initial,FEV10_0,100,-0.19143289348851314,0.003080193554449566,-0.18,-0.01143289348851316,0.003080193554449566,0.032710589943840504,0.002589105879821015,0.0010699826944740793,0.00016938236151202324
cf_K2,projected_initial,certified_initial,treatment_1,100,0.07779914096587187,0.015152388760835911,0.05,0.027799140965871865,0.015152388760835911,0.1533058572567648,0.009918791975232768,0.023502685869231547,0.0030412178134291575
cf_K2,projected_initial,certified_initial,FEV10_1,100,0.09466078454004624,0.002914085264941336,0.08,0.014660784540046238,0.002914085264941336,0.0324905525273599,0.0021334077781876167,0.0010556360035331325,0.00013863119495896586
cf_K2,projected_initial,certified_initial,nu0,100,0.2814366181501586,0.0016702310860933715,0.4,-0.11856338184984144,0.0016702310860933715,0.11972239987523481,0.0016505115170302822,0.014333453031885622,0.00039520639968115975
cf_K2,projected_initial,certified_initial,nu1,100,0.09888992456479134,0.000968783304223746,0.06,0.03888992456479134,0.000968783304223746,0.040066716868479325,0.0009322740571307427,0.0016053418006188858,7.470632138177197e-05
cf_K2,projected_initial,certified_initial,theta,100,-0.013063177886261552,0.0005311658083035768,-0.03,0.01693682211373845,0.0005311658083035768,0.017742252331301913,0.0005238021691824684,0.00031478751778758816,1.8586860514637297e-05
cf_K2,projected_initial,certified_initial,cumulative_relative_0,100,1.0851764741257268,0.010476315577106425,1.0,0.08517647412572686,0.010476315577106425,0.13461276820395518,0.012043920383600281,0.018120597363531766,0.0032425309257289514
cf_K2,projected_initial,certified_initial,baseline_relative_ISE_0,100,0.0558975277231904,0.004347745183284206,,,,,,,
cf_K2,projected_initial,certified_initial,cumulative_relative_1,100,2.5138591029141444,0.0478773881179758,1.0,1.5138591029141444,0.0478773881179758,1.587041766458258,0.050416292790141065,2.518701568482948,0.1600255247358844
cf_K2,projected_initial,certified_initial,baseline_relative_ISE_1,100,3.6125063332579215,0.2401038277749207,,,,,,,
cf_K2,projected_initial,certified_initial,prediction_mse,100,0.2631400251231634,0.0012119042254867798,,,,,,,
cf_K2,projected_initial,certified_initial,negative_prediction_fraction,100,0.0,0.0,,,,,,,
cf_K2,fallback,certified_initial,treatment_0,100,-0.3535948384636088,0.011146798409813329,-0.35,-0.003594838463608856,0.011146798409813329,0.11096748725501593,0.007019468293016446,0.012313783227692124,0.001557865516684582
cf_K2,fallback,certified_initial,FEV10_0,100,-0.18122916158817567,0.0029197241667760147,-0.18,-0.0012291615881756682,0.0029197241667760147,0.029076880334818932,0.0022075002830461788,0.00084546497000538,0.00012837444313842532
cf_K2,fallback,certified_initial,treatment_1,100,0.04439706167626263,0.012608515776243053,0.05,-0.005602938323737361,0.012608515776243053,0.12557820374474557,0.007826692557516389,0.01576988525575683,0.0019657239852705535
cf_K2,fallback,certified_initial,FEV10_1,100,0.08019612603787801,0.0024077347158002523,0.08,0.00019612603787802176,0.0024077347158002523,0.023957460740404776,0.0015072083908256174,0.0005739599251280362,7.221777170162677e-05
cf_K2,fallback,certified_initial,nu0,100,0.32933258563511913,0.012847416648702445,0.4,-0.07066741436488094,0.012847416648702443,0.14606313290152342,0.008606423177479278,0.021334438793008097,0.0025141622647578145
cf_K2,fallback,certified_initial,nu1,100,0.04442612646061875,0.004549568022748084,0.06,-0.01557387353938126,0.004549568022748084,0.04787174414190713,0.005076439755498883,0.0022917038871882196,0.0004860360502540963
cf_K2,fallback,certified_initial,theta,100,-0.01229402473177973,0.005905857243269182,-0.03,0.017705975268220275,0.005905857243269182,0.0613721222397308,0.004597414871445149,0.0037665373882084597,0.0005643062149541759
cf_K2,fallback,certified_initial,cumulative_relative_0,100,1.0021205696365614,0.008933633791026591,1.0,0.002120569636561346,0.008933633791026591,0.08891382498851653,0.007884527059840296,0.007905668274088548,0.0014020869182317258
cf_K2,fallback,certified_initial,baseline_relative_ISE_0,100,0.027423961697327404,0.0015501871908792431,,,,,,,
cf_K2,fallback,certified_initial,cumulative_relative_1,100,1.019248195616161,0.013317917445392919,1.0,0.01924819561616091,0.013317917445392919,0.13390227263801685,0.00985412246870976,0.017929818617625798,0.002638978786827164
cf_K2,fallback,certified_initial,baseline_relative_ISE_1,100,0.036040048086576404,0.003215720629250296,,,,,,,
cf_K2,fallback,certified_initial,prediction_mse,100,0.1974428990334816,0.0008647138224170599,,,,,,,
cf_K2,fallback,certified_initial,negative_prediction_fraction,100,0.0,0.0,,,,,,,
cf_K2,initial,coupled_accepted,treatment_0,100,-0.37226728893996425,0.011941270942285516,-0.35,-0.022267288939964276,0.011941270942285516,0.12088272571681208,0.007651410373880555,0.01461263337672602,0.0018498466831451473
cf_K2,initial,coupled_accepted,FEV10_0,100,-0.19143289348851314,0.003080193554449566,-0.18,-0.01143289348851316,0.003080193554449566,0.032710589943840504,0.002589105879821015,0.0010699826944740793,0.00016938236151202324
cf_K2,initial,coupled_accepted,treatment_1,100,0.07779914096587187,0.015152388760835911,0.05,0.027799140965871865,0.015152388760835911,0.1533058572567648,0.009918791975232768,0.023502685869231547,0.0030412178134291575
cf_K2,initial,coupled_accepted,FEV10_1,100,0.09466078454004624,0.002914085264941336,0.08,0.014660784540046238,0.002914085264941336,0.0324905525273599,0.0021334077781876167,0.0010556360035331325,0.00013863119495896586
cf_K2,initial,coupled_accepted,nu0,100,0.2814366181501586,0.0016702310860933715,0.4,-0.11856338184984144,0.0016702310860933715,0.11972239987523481,0.0016505115170302818,0.014333453031885624,0.00039520639968115964
cf_K2,initial,coupled_accepted,nu1,100,0.09888992456479134,0.0009687833042237462,0.06,0.03888992456479134,0.000968783304223746,0.040066716868479325,0.0009322740571307427,0.0016053418006188858,7.470632138177197e-05
cf_K2,initial,coupled_accepted,theta,100,-0.013063177886261552,0.000531165808303577,-0.03,0.016936822113738446,0.000531165808303577,0.017742252331301913,0.0005238021691824684,0.0003147875177875882,1.8586860514637297e-05
cf_K2,initial,coupled_accepted,cumulative_relative_0,100,1.0851764741257268,0.010476315577106425,1.0,0.08517647412572686,0.010476315577106425,0.13461276820395518,0.012043920383600281,0.018120597363531766,0.0032425309257289514
cf_K2,initial,coupled_accepted,baseline_relative_ISE_0,100,0.0558975277231904,0.004347745183284206,,,,,,,
cf_K2,initial,coupled_accepted,cumulative_relative_1,100,2.5138591029141444,0.0478773881179758,1.0,1.5138591029141444,0.0478773881179758,1.587041766458258,0.050416292790141065,2.518701568482948,0.1600255247358844
cf_K2,initial,coupled_accepted,baseline_relative_ISE_1,100,3.6125063332579215,0.2401038277749207,,,,,,,
cf_K2,initial,coupled_accepted,prediction_mse,100,0.2631400251231634,0.0012119042254867798,,,,,,,
cf_K2,initial,coupled_accepted,negative_prediction_fraction,100,0.0,0.0,,,,,,,
cf_K2,projected_initial,coupled_accepted,treatment_0,100,-0.37226728893996425,0.011941270942285516,-0.35,-0.022267288939964276,0.011941270942285516,0.12088272571681208,0.007651410373880555,0.01461263337672602,0.0018498466831451473
cf_K2,projected_initial,coupled_accepted,FEV10_0,100,-0.19143289348851314,0.003080193554449566,-0.18,-0.01143289348851316,0.003080193554449566,0.032710589943840504,0.002589105879821015,0.0010699826944740793,0.00016938236151202324
cf_K2,projected_initial,coupled_accepted,treatment_1,100,0.07779914096587187,0.015152388760835911,0.05,0.027799140965871865,0.015152388760835911,0.1533058572567648,0.009918791975232768,0.023502685869231547,0.0030412178134291575
cf_K2,projected_initial,coupled_accepted,FEV10_1,100,0.09466078454004624,0.002914085264941336,0.08,0.014660784540046238,0.002914085264941336,0.0324905525273599,0.0021334077781876167,0.0010556360035331325,0.00013863119495896586
cf_K2,projected_initial,coupled_accepted,nu0,100,0.2814366181501586,0.0016702310860933715,0.4,-0.11856338184984144,0.0016702310860933715,0.11972239987523481,0.0016505115170302822,0.014333453031885622,0.00039520639968115975
cf_K2,projected_initial,coupled_accepted,nu1,100,0.09888992456479134,0.000968783304223746,0.06,0.03888992456479134,0.000968783304223746,0.040066716868479325,0.0009322740571307427,0.0016053418006188858,7.470632138177197e-05
cf_K2,projected_initial,coupled_accepted,theta,100,-0.013063177886261552,0.0005311658083035768,-0.03,0.01693682211373845,0.0005311658083035768,0.017742252331301913,0.0005238021691824684,0.00031478751778758816,1.8586860514637297e-05
cf_K2,projected_initial,coupled_accepted,cumulative_relative_0,100,1.0851764741257268,0.010476315577106425,1.0,0.08517647412572686,0.010476315577106425,0.13461276820395518,0.012043920383600281,0.018120597363531766,0.0032425309257289514
cf_K2,projected_initial,coupled_accepted,baseline_relative_ISE_0,100,0.0558975277231904,0.004347745183284206,,,,,,,
cf_K2,projected_initial,coupled_accepted,cumulative_relative_1,100,2.5138591029141444,0.0478773881179758,1.0,1.5138591029141444,0.0478773881179758,1.587041766458258,0.050416292790141065,2.518701568482948,0.1600255247358844
cf_K2,projected_initial,coupled_accepted,baseline_relative_ISE_1,100,3.6125063332579215,0.2401038277749207,,,,,,,
cf_K2,projected_initial,coupled_accepted,prediction_mse,100,0.2631400251231634,0.0012119042254867798,,,,,,,
cf_K2,projected_initial,coupled_accepted,negative_prediction_fraction,100,0.0,0.0,,,,,,,
cf_K2,coupled,coupled_accepted,treatment_0,100,-0.3535948384636088,0.011146798409813329,-0.35,-0.003594838463608856,0.011146798409813329,0.11096748725501593,0.007019468293016446,0.012313783227692124,0.001557865516684582
cf_K2,coupled,coupled_accepted,FEV10_0,100,-0.18122916158817567,0.0029197241667760147,-0.18,-0.0012291615881756682,0.0029197241667760147,0.029076880334818932,0.0022075002830461788,0.00084546497000538,0.00012837444313842532
cf_K2,coupled,coupled_accepted,treatment_1,100,0.04439706167626263,0.012608515776243053,0.05,-0.005602938323737361,0.012608515776243053,0.12557820374474557,0.007826692557516389,0.01576988525575683,0.0019657239852705535
cf_K2,coupled,coupled_accepted,FEV10_1,100,0.08019612603787801,0.0024077347158002523,0.08,0.00019612603787802176,0.0024077347158002523,0.023957460740404776,0.0015072083908256174,0.0005739599251280362,7.221777170162677e-05
cf_K2,coupled,coupled_accepted,nu0,100,0.32933258563511913,0.012847416648702445,0.4,-0.07066741436488094,0.012847416648702443,0.14606313290152342,0.008606423177479278,0.021334438793008097,0.0025141622647578145
cf_K2,coupled,coupled_accepted,nu1,100,0.04442612646061875,0.004549568022748084,0.06,-0.01557387353938126,0.004549568022748084,0.04787174414190713,0.005076439755498883,0.0022917038871882196,0.0004860360502540963
cf_K2,coupled,coupled_accepted,theta,100,-0.01229402473177973,0.005905857243269182,-0.03,0.017705975268220275,0.005905857243269182,0.0613721222397308,0.004597414871445149,0.0037665373882084597,0.0005643062149541759
cf_K2,coupled,coupled_accepted,cumulative_relative_0,100,1.0021205696365614,0.008933633791026591,1.0,0.002120569636561346,0.008933633791026591,0.08891382498851653,0.007884527059840296,0.007905668274088548,0.0014020869182317258
cf_K2,coupled,coupled_accepted,baseline_relative_ISE_0,100,0.027423961697327404,0.0015501871908792431,,,,,,,
cf_K2,coupled,coupled_accepted,cumulative_relative_1,100,1.019248195616161,0.013317917445392919,1.0,0.01924819561616091,0.013317917445392919,0.13390227263801685,0.00985412246870976,0.017929818617625798,0.002638978786827164
cf_K2,coupled,coupled_accepted,baseline_relative_ISE_1,100,0.036040048086576404,0.003215720629250296,,,,,,,
cf_K2,coupled,coupled_accepted,prediction_mse,100,0.1974428990334816,0.0008647138224170599,,,,,,,
cf_K2,coupled,coupled_accepted,negative_prediction_fraction,100,0.0,0.0,,,,,,,
cf_K8,initial,certified_initial,treatment_0,100,-0.3785209046146724,0.012202437901571522,-0.35,-0.028520904614672545,0.01220243790157152,0.12471764744200581,0.007874974017901127,0.015554491583468458,0.001964296466359097
cf_K8,initial,certified_initial,FEV10_0,100,-0.19425866472297632,0.0031325864239140264,-0.18,-0.014258664722976305,0.003132586423914026,0.03427544590968884,0.0026897082227290954,0.0011748061923080053,0.0001843818974019928
cf_K8,initial,certified_initial,treatment_1,100,0.09591900673803481,0.018183094799890893,0.05,0.0459190067380348,0.018183094799890893,0.18665589702307236,0.012056512567644674,0.03484042389348779,0.004500838336567324
cf_K8,initial,certified_initial,FEV10_1,100,0.11194245138333962,0.003467621414548859,0.08,0.031942451383339614,0.003467621414548859,0.04701846051888725,0.0027796663259498752,0.0022107356295661593,0.0002613912628047092
cf_K8,initial,certified_initial,nu0,100,0.2899089259454839,0.0017745435606647763,0.4,-0.1100910740545161,0.0017745435606647763,0.11149796440517616,0.0017513563395369855,0.01243179606649793,0.00039054533361294885
cf_K8,initial,certified_initial,nu1,100,0.12243077403573331,0.0010337427550763127,0.06,0.062430774035733314,0.0010337427550763127,0.06327238995789868,0.001021208895357672,0.004003395330984398,0.00012922865491109113
cf_K8,initial,certified_initial,theta,100,-0.016152423976442724,0.0006218409717249544,-0.03,0.013847576023557275,0.0006218409717249544,0.01516698041620896,0.0006023484164017774,0.0002300372949456661,1.8271613270600476e-05
cf_K8,initial,certified_initial,cumulative_relative_0,100,1.0952376597840487,0.011152256845346499,1.0,0.09523765978404879,0.011152256845346499,0.14622969015509615,0.012362794807922286,0.021383122282855428,0.003615615308427015
cf_K8,initial,certified_initial,baseline_relative_ISE_0,100,0.06706074448251806,0.005407247101000226,,,,,,,
cf_K8,initial,certified_initial,cumulative_relative_1,100,3.821145991386731,0.09812324685113455,1.0,2.8211459913867305,0.09812324685113455,2.985306297585841,0.11315706265348269,8.912053690405681,0.6756169835115149
cf_K8,initial,certified_initial,baseline_relative_ISE_1,100,13.958223871148164,1.243165125963913,,,,,,,
cf_K8,initial,certified_initial,prediction_mse,100,0.27579695778004854,0.0012607325957974497,,,,,,,
cf_K8,initial,certified_initial,negative_prediction_fraction,100,0.0,0.0,,,,,,,
cf_K8,projected_initial,certified_initial,treatment_0,100,-0.3785209046146724,0.012202437901571522,-0.35,-0.028520904614672545,0.01220243790157152,0.12471764744200581,0.007874974017901127,0.015554491583468458,0.001964296466359097
cf_K8,projected_initial,certified_initial,FEV10_0,100,-0.19425866472297632,0.0031325864239140264,-0.18,-0.014258664722976305,0.003132586423914026,0.03427544590968884,0.0026897082227290954,0.0011748061923080053,0.0001843818974019928
cf_K8,projected_initial,certified_initial,treatment_1,100,0.09591900673803481,0.018183094799890893,0.05,0.0459190067380348,0.018183094799890893,0.18665589702307236,0.012056512567644674,0.03484042389348779,0.004500838336567324
cf_K8,projected_initial,certified_initial,FEV10_1,100,0.11194245138333962,0.003467621414548859,0.08,0.031942451383339614,0.003467621414548859,0.04701846051888725,0.0027796663259498752,0.0022107356295661593,0.0002613912628047092
cf_K8,projected_initial,certified_initial,nu0,100,0.28990892594548395,0.0017745435606647767,0.4,-0.1100910740545161,0.0017745435606647767,0.11149796440517619,0.001751356339536986,0.012431796066497938,0.000390545333612949
cf_K8,projected_initial,certified_initial,nu1,100,0.12243077403573333,0.001033742755076313,0.06,0.062430774035733314,0.0010337427550763131,0.06327238995789868,0.0010212088953576723,0.004003395330984397,0.00012922865491109118
cf_K8,projected_initial,certified_initial,theta,100,-0.01615242397644272,0.0006218409717249543,-0.03,0.013847576023557275,0.0006218409717249543,0.01516698041620896,0.0006023484164017774,0.00023003729494566608,1.8271613270600476e-05
cf_K8,projected_initial,certified_initial,cumulative_relative_0,100,1.0952376597840487,0.011152256845346499,1.0,0.09523765978404879,0.011152256845346499,0.14622969015509615,0.012362794807922286,0.021383122282855428,0.003615615308427015
cf_K8,projected_initial,certified_initial,baseline_relative_ISE_0,100,0.06706074448251806,0.005407247101000226,,,,,,,
cf_K8,projected_initial,certified_initial,cumulative_relative_1,100,3.821145991386731,0.09812324685113455,1.0,2.8211459913867305,0.09812324685113455,2.9853062975858404,0.11315706265348273,8.91205369040568,0.675616983511515
cf_K8,projected_initial,certified_initial,baseline_relative_ISE_1,100,13.958223871148164,1.243165125963913,,,,,,,
cf_K8,projected_initial,certified_initial,prediction_mse,100,0.27579695778004854,0.0012607325957974497,,,,,,,
cf_K8,projected_initial,certified_initial,negative_prediction_fraction,100,0.0,0.0,,,,,,,
cf_K8,fallback,certified_initial,treatment_0,100,-0.3554630770468677,0.011339018679322941,-0.35,-0.005463077046867813,0.011339018679322943,0.11295400093495334,0.0071219896578013624,0.012758606327213439,0.0016089144529320462
cf_K8,fallback,certified_initial,FEV10_0,100,-0.18203946987561623,0.002945504860162696,-0.18,-0.002039469875616196,0.002945504860162696,0.029378279844410746,0.0021916218404180636,0.0008630833266165107,0.00012877215948184877
cf_K8,fallback,certified_initial,treatment_1,100,0.04433287169356223,0.012505851461333059,0.05,-0.005667128306437781,0.012505851461333057,0.12456063623698026,0.007577626402691263,0.015515352099761319,0.0018877479317707274
cf_K8,fallback,certified_initial,FEV10_1,100,0.07923090595233064,0.0024306476906236396,0.08,-0.0007690940476693693,0.0024306476906236396,0.024196865025280234,0.0015431638149556533,0.0005854882770516298,7.467945308475694e-05
cf_K8,fallback,certified_initial,nu0,100,0.3472982476330674,0.013803988505972448,0.4,-0.05270175236693262,0.013803988505972448,0.14711197935985504,0.008888389357346729,0.021641934471174414,0.0026151771033606943
cf_K8,fallback,certified_initial,nu1,100,0.03730906948550399,0.004951960825580873,0.06,-0.02269093051449601,0.004951960825580873,0.05424525798080749,0.0039045172095255164,0.002942548013404359,0.0004236030866424284
cf_K8,fallback,certified_initial,theta,100,-0.011630478433192593,0.005787615509496052,-0.03,0.018369521566807413,0.005787615509496052,0.06044495146729434,0.004665550345349847,0.0036535921578835684,0.0005640179283857797
cf_K8,fallback,certified_initial,cumulative_relative_0,100,0.9999782865114664,0.009437341631105335,1.0,-2.1713488533565693e-05,0.009437341631105335,0.09390036613684091,0.007744541460807619,0.00881727876063278,0.0014544305574635604
cf_K8,fallback,certified_initial,baseline_relative_ISE_0,100,0.034093919143014136,0.00227766604715313,,,,,,,
cf_K8,fallback,certified_initial,cumulative_relative_1,100,0.9708699709864362,0.012489219110705222,1.0,-0.02913002901356398,0.012489219110705222,0.1276347812935656,0.009720622447003079,0.016290637395856324,0.0024813790401211244
cf_K8,fallback,certified_initial,baseline_relative_ISE_1,100,0.07605064114467246,0.0053983547374341365,,,,,,,
cf_K8,fallback,certified_initial,prediction_mse,100,0.19769322415980284,0.0008794367414508366,,,,,,,
cf_K8,fallback,certified_initial,negative_prediction_fraction,100,0.0,0.0,,,,,,,
cf_K8,initial,coupled_accepted,treatment_0,100,-0.3785209046146724,0.012202437901571522,-0.35,-0.028520904614672545,0.01220243790157152,0.12471764744200581,0.007874974017901127,0.015554491583468458,0.001964296466359097
cf_K8,initial,coupled_accepted,FEV10_0,100,-0.19425866472297632,0.0031325864239140264,-0.18,-0.014258664722976305,0.003132586423914026,0.03427544590968884,0.0026897082227290954,0.0011748061923080053,0.0001843818974019928
cf_K8,initial,coupled_accepted,treatment_1,100,0.09591900673803481,0.018183094799890893,0.05,0.0459190067380348,0.018183094799890893,0.18665589702307236,0.012056512567644674,0.03484042389348779,0.004500838336567324
cf_K8,initial,coupled_accepted,FEV10_1,100,0.11194245138333962,0.003467621414548859,0.08,0.031942451383339614,0.003467621414548859,0.04701846051888725,0.0027796663259498752,0.0022107356295661593,0.0002613912628047092
cf_K8,initial,coupled_accepted,nu0,100,0.2899089259454839,0.0017745435606647763,0.4,-0.1100910740545161,0.0017745435606647763,0.11149796440517616,0.0017513563395369855,0.01243179606649793,0.00039054533361294885
cf_K8,initial,coupled_accepted,nu1,100,0.12243077403573331,0.0010337427550763127,0.06,0.062430774035733314,0.0010337427550763127,0.06327238995789868,0.001021208895357672,0.004003395330984398,0.00012922865491109113
cf_K8,initial,coupled_accepted,theta,100,-0.016152423976442724,0.0006218409717249544,-0.03,0.013847576023557275,0.0006218409717249544,0.01516698041620896,0.0006023484164017774,0.0002300372949456661,1.8271613270600476e-05
cf_K8,initial,coupled_accepted,cumulative_relative_0,100,1.0952376597840487,0.011152256845346499,1.0,0.09523765978404879,0.011152256845346499,0.14622969015509615,0.012362794807922286,0.021383122282855428,0.003615615308427015
cf_K8,initial,coupled_accepted,baseline_relative_ISE_0,100,0.06706074448251806,0.005407247101000226,,,,,,,
cf_K8,initial,coupled_accepted,cumulative_relative_1,100,3.821145991386731,0.09812324685113455,1.0,2.8211459913867305,0.09812324685113455,2.985306297585841,0.11315706265348269,8.912053690405681,0.6756169835115149
cf_K8,initial,coupled_accepted,baseline_relative_ISE_1,100,13.958223871148164,1.243165125963913,,,,,,,
cf_K8,initial,coupled_accepted,prediction_mse,100,0.27579695778004854,0.0012607325957974497,,,,,,,
cf_K8,initial,coupled_accepted,negative_prediction_fraction,100,0.0,0.0,,,,,,,
cf_K8,projected_initial,coupled_accepted,treatment_0,100,-0.3785209046146724,0.012202437901571522,-0.35,-0.028520904614672545,0.01220243790157152,0.12471764744200581,0.007874974017901127,0.015554491583468458,0.001964296466359097
cf_K8,projected_initial,coupled_accepted,FEV10_0,100,-0.19425866472297632,0.0031325864239140264,-0.18,-0.014258664722976305,0.003132586423914026,0.03427544590968884,0.0026897082227290954,0.0011748061923080053,0.0001843818974019928
cf_K8,projected_initial,coupled_accepted,treatment_1,100,0.09591900673803481,0.018183094799890893,0.05,0.0459190067380348,0.018183094799890893,0.18665589702307236,0.012056512567644674,0.03484042389348779,0.004500838336567324
cf_K8,projected_initial,coupled_accepted,FEV10_1,100,0.11194245138333962,0.003467621414548859,0.08,0.031942451383339614,0.003467621414548859,0.04701846051888725,0.0027796663259498752,0.0022107356295661593,0.0002613912628047092
cf_K8,projected_initial,coupled_accepted,nu0,100,0.28990892594548395,0.0017745435606647767,0.4,-0.1100910740545161,0.0017745435606647767,0.11149796440517619,0.001751356339536986,0.012431796066497938,0.000390545333612949
cf_K8,projected_initial,coupled_accepted,nu1,100,0.12243077403573333,0.001033742755076313,0.06,0.062430774035733314,0.0010337427550763131,0.06327238995789868,0.0010212088953576723,0.004003395330984397,0.00012922865491109118
cf_K8,projected_initial,coupled_accepted,theta,100,-0.01615242397644272,0.0006218409717249543,-0.03,0.013847576023557275,0.0006218409717249543,0.01516698041620896,0.0006023484164017774,0.00023003729494566608,1.8271613270600476e-05
cf_K8,projected_initial,coupled_accepted,cumulative_relative_0,100,1.0952376597840487,0.011152256845346499,1.0,0.09523765978404879,0.011152256845346499,0.14622969015509615,0.012362794807922286,0.021383122282855428,0.003615615308427015
cf_K8,projected_initial,coupled_accepted,baseline_relative_ISE_0,100,0.06706074448251806,0.005407247101000226,,,,,,,
cf_K8,projected_initial,coupled_accepted,cumulative_relative_1,100,3.821145991386731,0.09812324685113455,1.0,2.8211459913867305,0.09812324685113455,2.9853062975858404,0.11315706265348273,8.91205369040568,0.675616983511515
cf_K8,projected_initial,coupled_accepted,baseline_relative_ISE_1,100,13.958223871148164,1.243165125963913,,,,,,,
cf_K8,projected_initial,coupled_accepted,prediction_mse,100,0.27579695778004854,0.0012607325957974497,,,,,,,
cf_K8,projected_initial,coupled_accepted,negative_prediction_fraction,100,0.0,0.0,,,,,,,
cf_K8,coupled,coupled_accepted,treatment_0,100,-0.3554630770468677,0.011339018679322941,-0.35,-0.005463077046867813,0.011339018679322943,0.11295400093495334,0.0071219896578013624,0.012758606327213439,0.0016089144529320462
cf_K8,coupled,coupled_accepted,FEV10_0,100,-0.18203946987561623,0.002945504860162696,-0.18,-0.002039469875616196,0.002945504860162696,0.029378279844410746,0.0021916218404180636,0.0008630833266165107,0.00012877215948184877
cf_K8,coupled,coupled_accepted,treatment_1,100,0.04433287169356223,0.012505851461333059,0.05,-0.005667128306437781,0.012505851461333057,0.12456063623698026,0.007577626402691263,0.015515352099761319,0.0018877479317707274
cf_K8,coupled,coupled_accepted,FEV10_1,100,0.07923090595233064,0.0024306476906236396,0.08,-0.0007690940476693693,0.0024306476906236396,0.024196865025280234,0.0015431638149556533,0.0005854882770516298,7.467945308475694e-05
cf_K8,coupled,coupled_accepted,nu0,100,0.3472982476330674,0.013803988505972448,0.4,-0.05270175236693262,0.013803988505972448,0.14711197935985504,0.008888389357346729,0.021641934471174414,0.0026151771033606943
cf_K8,coupled,coupled_accepted,nu1,100,0.03730906948550399,0.004951960825580873,0.06,-0.02269093051449601,0.004951960825580873,0.05424525798080749,0.0039045172095255164,0.002942548013404359,0.0004236030866424284
cf_K8,coupled,coupled_accepted,theta,100,-0.011630478433192593,0.005787615509496052,-0.03,0.018369521566807413,0.005787615509496052,0.06044495146729434,0.004665550345349847,0.0036535921578835684,0.0005640179283857797
cf_K8,coupled,coupled_accepted,cumulative_relative_0,100,0.9999782865114664,0.009437341631105335,1.0,-2.1713488533565693e-05,0.009437341631105335,0.09390036613684091,0.007744541460807619,0.00881727876063278,0.0014544305574635604
cf_K8,coupled,coupled_accepted,baseline_relative_ISE_0,100,0.034093919143014136,0.00227766604715313,,,,,,,
cf_K8,coupled,coupled_accepted,cumulative_relative_1,100,0.9708699709864362,0.012489219110705222,1.0,-0.02913002901356398,0.012489219110705222,0.1276347812935656,0.009720622447003079,0.016290637395856324,0.0024813790401211244
cf_K8,coupled,coupled_accepted,baseline_relative_ISE_1,100,0.07605064114467246,0.0053983547374341365,,,,,,,
cf_K8,coupled,coupled_accepted,prediction_mse,100,0.19769322415980284,0.0008794367414508366,,,,,,,
cf_K8,coupled,coupled_accepted,negative_prediction_fraction,100,0.0,0.0,,,,,,,
cf_flat,initial,certified_initial,treatment_0,100,-0.3745296408436105,0.013202981018825685,-0.35,-0.024529640843610426,0.013202981018825685,0.13363852494875936,0.009822777807827025,0.017859255350480177,0.0026254030742748234
cf_flat,initial,certified_initial,FEV10_0,100,-0.19496068653612206,0.002422788557930459,-0.18,-0.014960686536122099,0.002422788557930459,0.028371511712976128,0.0019428402478737618,0.0008049426768795416,0.00011024262969798376
cf_flat,initial,certified_initial,treatment_1,100,0.064741423068695,0.016508729425699163,0.05,0.01474142306869498,0.016508729425699163,0.16491993855181322,0.012201534036447087,0.027198586131933853,0.004024552487057422
cf_flat,initial,certified_initial,FEV10_1,100,0.10651962714670839,0.0035744262240758142,0.08,0.0265196271467084,0.0035744262240758142,0.044364021281948295,0.0026793374365998205,0.001968166384305161,0.00023773236611767046
cf_flat,initial,certified_initial,nu0,100,0.2664913187470338,0.0016688720793560975,0.4,-0.13350868125296622,0.0016688720793560975,0.13453734142465545,0.0016229048380710142,0.018100296237614312,0.0004366826045985704
cf_flat,initial,certified_initial,nu1,100,0.10847953379189709,0.0008462063090633081,0.06,0.0484795337918971,0.0008462063090633081,0.049205239998520986,0.0008325802485664941,0.0024211556433120494,8.19346218974852e-05
cf_flat,initial,certified_initial,theta,100,-0.012011198130933204,0.0006323811402970733,-0.03,0.017988801869066796,0.0006323811402970733,0.019057483502243424,0.0006258842655551096,0.0003631876774382803,2.385555813026049e-05
cf_flat,initial,certified_initial,cumulative_relative_0,100,1.075123614678983,0.01064042966983062,1.0,0.07512361467898322,0.010640429669830621,0.12981607410000853,0.010837976556192789,0.016852213094738906,0.0028138871354257567
cf_flat,initial,certified_initial,baseline_relative_ISE_0,100,0.04507593242489099,0.004309373187303671,,,,,,,
cf_flat,initial,certified_initial,cumulative_relative_1,100,3.347992675124705,0.1025452856080101,1.0,2.3479926751247047,0.1025452856080101,2.560099143955498,0.14102495268576656,6.554107626881673,0.7220757212943911
cf_flat,initial,certified_initial,baseline_relative_ISE_1,100,12.139117506288537,1.672036783351158,,,,,,,
cf_flat,initial,certified_initial,prediction_mse,100,0.274691867447436,0.001188195332503865,,,,,,,
cf_flat,initial,certified_initial,negative_prediction_fraction,100,0.0,0.0,,,,,,,
cf_flat,projected_initial,certified_initial,treatment_0,100,-0.3745296408436105,0.013202981018825685,-0.35,-0.024529640843610426,0.013202981018825685,0.13363852494875936,0.009822777807827025,0.017859255350480177,0.0026254030742748234
cf_flat,projected_initial,certified_initial,FEV10_0,100,-0.19496068653612206,0.002422788557930459,-0.18,-0.014960686536122099,0.002422788557930459,0.028371511712976128,0.0019428402478737618,0.0008049426768795416,0.00011024262969798376
cf_flat,projected_initial,certified_initial,treatment_1,100,0.064741423068695,0.016508729425699163,0.05,0.01474142306869498,0.016508729425699163,0.16491993855181322,0.012201534036447087,0.027198586131933853,0.004024552487057422
cf_flat,projected_initial,certified_initial,FEV10_1,100,0.10651962714670839,0.0035744262240758142,0.08,0.0265196271467084,0.0035744262240758142,0.044364021281948295,0.0026793374365998205,0.001968166384305161,0.00023773236611767046
cf_flat,projected_initial,certified_initial,nu0,100,0.2664913187470338,0.001668872079356097,0.4,-0.13350868125296622,0.001668872079356097,0.13453734142465545,0.0016229048380710137,0.018100296237614312,0.0004366826045985703
cf_flat,projected_initial,certified_initial,nu1,100,0.10847953379189709,0.0008462063090633083,0.06,0.0484795337918971,0.0008462063090633083,0.049205239998520986,0.0008325802485664943,0.0024211556433120494,8.193462189748522e-05
cf_flat,projected_initial,certified_initial,theta,100,-0.0120111981309332,0.0006323811402970733,-0.03,0.017988801869066796,0.0006323811402970733,0.019057483502243424,0.0006258842655551095,0.0003631876774382803,2.3855558130260485e-05
cf_flat,projected_initial,certified_initial,cumulative_relative_0,100,1.075123614678983,0.01064042966983062,1.0,0.07512361467898322,0.010640429669830621,0.12981607410000853,0.010837976556192789,0.016852213094738906,0.0028138871354257567
cf_flat,projected_initial,certified_initial,baseline_relative_ISE_0,100,0.04507593242489099,0.004309373187303671,,,,,,,
cf_flat,projected_initial,certified_initial,cumulative_relative_1,100,3.347992675124705,0.1025452856080101,1.0,2.3479926751247047,0.1025452856080101,2.560099143955498,0.14102495268576656,6.554107626881673,0.7220757212943911
cf_flat,projected_initial,certified_initial,baseline_relative_ISE_1,100,12.139117506288537,1.672036783351158,,,,,,,
cf_flat,projected_initial,certified_initial,prediction_mse,100,0.274691867447436,0.001188195332503865,,,,,,,
cf_flat,projected_initial,certified_initial,negative_prediction_fraction,100,0.0,0.0,,,,,,,
cf_flat,fallback,certified_initial,treatment_0,100,-0.35332290834959296,0.012456166282089108,-0.35,-0.003322908349593084,0.01245616628208911,0.12398182724156835,0.008913996924447035,0.015371493486158102,0.0022103472534373276
cf_flat,fallback,certified_initial,FEV10_0,100,-0.1829355869435388,0.0023595842291638733,-0.18,-0.002935586943538793,0.0023595842291638733,0.02366038474793771,0.0018087383514912424,0.0005598138064204435,8.559089060926678e-05
cf_flat,fallback,certified_initial,treatment_1,100,0.033527652356672315,0.011751693138610738,0.05,-0.01647234764332768,0.011751693138610738,0.11808245046434988,0.008450032692155865,0.013943465107665644,0.001995601133587264
cf_flat,fallback,certified_initial,FEV10_1,100,0.07632386345984542,0.0025950084399622604,0.08,-0.0036761365401545786,0.0025950084399622604,0.026080390936600636,0.0015659088839070812,0.0006801867914059207,8.167903172678532e-05
cf_flat,fallback,certified_initial,nu0,100,0.32219754184884875,0.015285422508518307,0.4,-0.07780245815115121,0.015285422508518304,0.1708332300212389,0.0101936947978618,0.02918399247948952,0.0034828436163388625
cf_flat,fallback,certified_initial,nu1,100,0.05409651294840713,0.006838714890681929,0.06,-0.005903487051592869,0.006838714890681929,0.06829996539981384,0.007336951178404857,0.004664885273615767,0.0010022270232503503
cf_flat,fallback,certified_initial,theta,100,0.003998145132798084,0.00756139872663455,-0.03,0.03399814513279808,0.00756139872663455,0.08256012470970905,0.006995282443187572,0.006816174192082711,0.0011550627817784084
cf_flat,fallback,certified_initial,cumulative_relative_0,100,0.9822246814541356,0.009011222695673133,1.0,-0.017775318545864713,0.009011222695673135,0.09140554284088795,0.006362406890053976,0.008354973262037402,0.0011631185111199787
cf_flat,fallback,certified_initial,baseline_relative_ISE_0,100,0.02104115721769388,0.0016142274817888408,,,,,,,
cf_flat,fallback,certified_initial,cumulative_relative_1,100,0.952057941271438,0.014458839781333008,1.0,-0.04794205872856191,0.014458839781333005,0.15164164246517647,0.014380598559379412,0.022995187729536414,0.004361395170353289
cf_flat,fallback,certified_initial,baseline_relative_ISE_1,100,0.06158571058594332,0.009150727495050177,,,,,,,
cf_flat,fallback,certified_initial,prediction_mse,100,0.20514826359721774,0.0010017229842976536,,,,,,,
cf_flat,fallback,certified_initial,negative_prediction_fraction,100,0.0,0.0,,,,,,,
cf_flat,initial,coupled_accepted,treatment_0,100,-0.3745296408436105,0.013202981018825685,-0.35,-0.024529640843610426,0.013202981018825685,0.13363852494875936,0.009822777807827025,0.017859255350480177,0.0026254030742748234
cf_flat,initial,coupled_accepted,FEV10_0,100,-0.19496068653612206,0.002422788557930459,-0.18,-0.014960686536122099,0.002422788557930459,0.028371511712976128,0.0019428402478737618,0.0008049426768795416,0.00011024262969798376
cf_flat,initial,coupled_accepted,treatment_1,100,0.064741423068695,0.016508729425699163,0.05,0.01474142306869498,0.016508729425699163,0.16491993855181322,0.012201534036447087,0.027198586131933853,0.004024552487057422
cf_flat,initial,coupled_accepted,FEV10_1,100,0.10651962714670839,0.0035744262240758142,0.08,0.0265196271467084,0.0035744262240758142,0.044364021281948295,0.0026793374365998205,0.001968166384305161,0.00023773236611767046
cf_flat,initial,coupled_accepted,nu0,100,0.2664913187470338,0.0016688720793560975,0.4,-0.13350868125296622,0.0016688720793560975,0.13453734142465545,0.0016229048380710142,0.018100296237614312,0.0004366826045985704
cf_flat,initial,coupled_accepted,nu1,100,0.10847953379189709,0.0008462063090633081,0.06,0.0484795337918971,0.0008462063090633081,0.049205239998520986,0.0008325802485664941,0.0024211556433120494,8.19346218974852e-05
cf_flat,initial,coupled_accepted,theta,100,-0.012011198130933204,0.0006323811402970733,-0.03,0.017988801869066796,0.0006323811402970733,0.019057483502243424,0.0006258842655551096,0.0003631876774382803,2.385555813026049e-05
cf_flat,initial,coupled_accepted,cumulative_relative_0,100,1.075123614678983,0.01064042966983062,1.0,0.07512361467898322,0.010640429669830621,0.12981607410000853,0.010837976556192789,0.016852213094738906,0.0028138871354257567
cf_flat,initial,coupled_accepted,baseline_relative_ISE_0,100,0.04507593242489099,0.004309373187303671,,,,,,,
cf_flat,initial,coupled_accepted,cumulative_relative_1,100,3.347992675124705,0.1025452856080101,1.0,2.3479926751247047,0.1025452856080101,2.560099143955498,0.14102495268576656,6.554107626881673,0.7220757212943911
cf_flat,initial,coupled_accepted,baseline_relative_ISE_1,100,12.139117506288537,1.672036783351158,,,,,,,
cf_flat,initial,coupled_accepted,prediction_mse,100,0.274691867447436,0.001188195332503865,,,,,,,
cf_flat,initial,coupled_accepted,negative_prediction_fraction,100,0.0,0.0,,,,,,,
cf_flat,projected_initial,coupled_accepted,treatment_0,100,-0.3745296408436105,0.013202981018825685,-0.35,-0.024529640843610426,0.013202981018825685,0.13363852494875936,0.009822777807827025,0.017859255350480177,0.0026254030742748234
cf_flat,projected_initial,coupled_accepted,FEV10_0,100,-0.19496068653612206,0.002422788557930459,-0.18,-0.014960686536122099,0.002422788557930459,0.028371511712976128,0.0019428402478737618,0.0008049426768795416,0.00011024262969798376
cf_flat,projected_initial,coupled_accepted,treatment_1,100,0.064741423068695,0.016508729425699163,0.05,0.01474142306869498,0.016508729425699163,0.16491993855181322,0.012201534036447087,0.027198586131933853,0.004024552487057422
cf_flat,projected_initial,coupled_accepted,FEV10_1,100,0.10651962714670839,0.0035744262240758142,0.08,0.0265196271467084,0.0035744262240758142,0.044364021281948295,0.0026793374365998205,0.001968166384305161,0.00023773236611767046
cf_flat,projected_initial,coupled_accepted,nu0,100,0.2664913187470338,0.001668872079356097,0.4,-0.13350868125296622,0.001668872079356097,0.13453734142465545,0.0016229048380710137,0.018100296237614312,0.0004366826045985703
cf_flat,projected_initial,coupled_accepted,nu1,100,0.10847953379189709,0.0008462063090633083,0.06,0.0484795337918971,0.0008462063090633083,0.049205239998520986,0.0008325802485664943,0.0024211556433120494,8.193462189748522e-05
cf_flat,projected_initial,coupled_accepted,theta,100,-0.0120111981309332,0.0006323811402970733,-0.03,0.017988801869066796,0.0006323811402970733,0.019057483502243424,0.0006258842655551095,0.0003631876774382803,2.3855558130260485e-05
cf_flat,projected_initial,coupled_accepted,cumulative_relative_0,100,1.075123614678983,0.01064042966983062,1.0,0.07512361467898322,0.010640429669830621,0.12981607410000853,0.010837976556192789,0.016852213094738906,0.0028138871354257567
cf_flat,projected_initial,coupled_accepted,baseline_relative_ISE_0,100,0.04507593242489099,0.004309373187303671,,,,,,,
cf_flat,projected_initial,coupled_accepted,cumulative_relative_1,100,3.347992675124705,0.1025452856080101,1.0,2.3479926751247047,0.1025452856080101,2.560099143955498,0.14102495268576656,6.554107626881673,0.7220757212943911
cf_flat,projected_initial,coupled_accepted,baseline_relative_ISE_1,100,12.139117506288537,1.672036783351158,,,,,,,
cf_flat,projected_initial,coupled_accepted,prediction_mse,100,0.274691867447436,0.001188195332503865,,,,,,,
cf_flat,projected_initial,coupled_accepted,negative_prediction_fraction,100,0.0,0.0,,,,,,,
cf_flat,coupled,coupled_accepted,treatment_0,100,-0.35332290834959296,0.012456166282089108,-0.35,-0.003322908349593084,0.01245616628208911,0.12398182724156835,0.008913996924447035,0.015371493486158102,0.0022103472534373276
cf_flat,coupled,coupled_accepted,FEV10_0,100,-0.1829355869435388,0.0023595842291638733,-0.18,-0.002935586943538793,0.0023595842291638733,0.02366038474793771,0.0018087383514912424,0.0005598138064204435,8.559089060926678e-05
cf_flat,coupled,coupled_accepted,treatment_1,100,0.033527652356672315,0.011751693138610738,0.05,-0.01647234764332768,0.011751693138610738,0.11808245046434988,0.008450032692155865,0.013943465107665644,0.001995601133587264
cf_flat,coupled,coupled_accepted,FEV10_1,100,0.07632386345984542,0.0025950084399622604,0.08,-0.0036761365401545786,0.0025950084399622604,0.026080390936600636,0.0015659088839070812,0.0006801867914059207,8.167903172678532e-05
cf_flat,coupled,coupled_accepted,nu0,100,0.32219754184884875,0.015285422508518307,0.4,-0.07780245815115121,0.015285422508518304,0.1708332300212389,0.0101936947978618,0.02918399247948952,0.0034828436163388625
cf_flat,coupled,coupled_accepted,nu1,100,0.05409651294840713,0.006838714890681929,0.06,-0.005903487051592869,0.006838714890681929,0.06829996539981384,0.007336951178404857,0.004664885273615767,0.0010022270232503503
cf_flat,coupled,coupled_accepted,theta,100,0.003998145132798084,0.00756139872663455,-0.03,0.03399814513279808,0.00756139872663455,0.08256012470970905,0.006995282443187572,0.006816174192082711,0.0011550627817784084
cf_flat,coupled,coupled_accepted,cumulative_relative_0,100,0.9822246814541356,0.009011222695673133,1.0,-0.017775318545864713,0.009011222695673135,0.09140554284088795,0.006362406890053976,0.008354973262037402,0.0011631185111199787
cf_flat,coupled,coupled_accepted,baseline_relative_ISE_0,100,0.02104115721769388,0.0016142274817888408,,,,,,,
cf_flat,coupled,coupled_accepted,cumulative_relative_1,100,0.952057941271438,0.014458839781333008,1.0,-0.04794205872856191,0.014458839781333005,0.15164164246517647,0.014380598559379412,0.022995187729536414,0.004361395170353289
cf_flat,coupled,coupled_accepted,baseline_relative_ISE_1,100,0.06158571058594332,0.009150727495050177,,,,,,,
cf_flat,coupled,coupled_accepted,prediction_mse,100,0.20514826359721774,0.0010017229842976536,,,,,,,
cf_flat,coupled,coupled_accepted,negative_prediction_fraction,100,0.0,0.0,,,,,,,
cf_monotone,initial,certified_initial,treatment_0,100,-0.37745441716283645,0.013124164701238736,-0.35,-0.027454417162836527,0.013124164701238736,0.13343864220371063,0.00927817969086999,0.0178058712331699,0.0024761354001434704
cf_monotone,initial,certified_initial,FEV10_0,100,-0.19053774827250222,0.0024973439373592457,-0.18,-0.010537748272502288,0.0024973439373592457,0.02699037024680577,0.0016409870965390665,0.0007284800860596581,8.858169861164042e-05
cf_monotone,initial,certified_initial,treatment_1,100,0.05984686454680782,0.01791121740200858,0.05,0.009846864546807823,0.01791121740200858,0.17848618970324473,0.011982242903102458,0.03185731991478267,0.0042773297597470065
cf_monotone,initial,certified_initial,FEV10_1,100,0.10154881986341437,0.003445472184251633,0.08,0.02154881986341436,0.003445472184251633,0.04049207596775697,0.0031489508031538158,0.0016396082161786014,0.00025501511028006723
cf_monotone,initial,certified_initial,nu0,100,0.2631009613258896,0.001570675217926211,0.4,-0.13689903867411035,0.001570675217926211,0.1377881774074834,0.0015624207935824729,0.01898558183327612,0.0004305662269825655
cf_monotone,initial,certified_initial,nu1,100,0.10632449062117506,0.0009371231178229343,0.06,0.04632449062117507,0.0009371231178229343,0.047253573466661716,0.0009167066001378476,0.002232900205369196,8.663532535397494e-05
cf_monotone,initial,certified_initial,theta,100,-0.010418144455949331,0.0005500684927796183,-0.03,0.019581855544050664,0.0005500684927796183,0.020332339409822056,0.000545622011167342,0.00041340402587620317,2.2187543841048234e-05
cf_monotone,initial,certified_initial,cumulative_relative_0,100,1.0911911013451994,0.011070646983840936,1.0,0.09119110134519927,0.011070646983840932,0.14300063008250072,0.011294929519521898,0.020449180203992213,0.003230364076058137
cf_monotone,initial,certified_initial,baseline_relative_ISE_0,100,0.05634021643588292,0.005783793460976846,,,,,,,
cf_monotone,initial,certified_initial,cumulative_relative_1,100,3.8752140768238745,0.15254856875060713,1.0,2.875214076823875,0.15254856875060713,3.251259987224058,0.22615796407440347,10.570691504524182,1.470596678774328
cf_monotone,initial,certified_initial,baseline_relative_ISE_1,100,18.58130670292513,3.15663083333839,,,,,,,
cf_monotone,initial,certified_initial,prediction_mse,100,0.27435393574377936,0.0012854843332670562,,,,,,,
cf_monotone,initial,certified_initial,negative_prediction_fraction,100,0.0,0.0,,,,,,,
cf_monotone,projected_initial,certified_initial,treatment_0,100,-0.37745441716283645,0.013124164701238736,-0.35,-0.027454417162836527,0.013124164701238736,0.13343864220371063,0.00927817969086999,0.0178058712331699,0.0024761354001434704
cf_monotone,projected_initial,certified_initial,FEV10_0,100,-0.19053774827250222,0.0024973439373592457,-0.18,-0.010537748272502288,0.0024973439373592457,0.02699037024680577,0.0016409870965390665,0.0007284800860596581,8.858169861164042e-05
cf_monotone,projected_initial,certified_initial,treatment_1,100,0.05984686454680782,0.01791121740200858,0.05,0.009846864546807823,0.01791121740200858,0.17848618970324473,0.011982242903102458,0.03185731991478267,0.0042773297597470065
cf_monotone,projected_initial,certified_initial,FEV10_1,100,0.10154881986341437,0.003445472184251633,0.08,0.02154881986341436,0.003445472184251633,0.04049207596775697,0.0031489508031538158,0.0016396082161786014,0.00025501511028006723
cf_monotone,projected_initial,certified_initial,nu0,100,0.2631009613258896,0.0015706752179262113,0.4,-0.13689903867411035,0.0015706752179262113,0.1377881774074834,0.0015624207935824729,0.018985581833276116,0.0004305662269825655
cf_monotone,projected_initial,certified_initial,nu1,100,0.10632449062117506,0.0009371231178229341,0.06,0.04632449062117507,0.0009371231178229341,0.047253573466661716,0.0009167066001378475,0.0022329002053691964,8.663532535397492e-05
cf_monotone,projected_initial,certified_initial,theta,100,-0.010418144455949331,0.0005500684927796183,-0.03,0.019581855544050664,0.0005500684927796183,0.020332339409822056,0.000545622011167342,0.0004134040258762031,2.2187543841048234e-05
cf_monotone,projected_initial,certified_initial,cumulative_relative_0,100,1.0911911013451994,0.011070646983840936,1.0,0.09119110134519927,0.011070646983840932,0.14300063008250072,0.011294929519521898,0.020449180203992213,0.003230364076058137
cf_monotone,projected_initial,certified_initial,baseline_relative_ISE_0,100,0.05634021643588292,0.005783793460976846,,,,,,,
cf_monotone,projected_initial,certified_initial,cumulative_relative_1,100,3.8752140768238745,0.15254856875060713,1.0,2.875214076823875,0.15254856875060713,3.251259987224058,0.22615796407440347,10.570691504524182,1.470596678774328
cf_monotone,projected_initial,certified_initial,baseline_relative_ISE_1,100,18.58130670292513,3.15663083333839,,,,,,,
cf_monotone,projected_initial,certified_initial,prediction_mse,100,0.27435393574377936,0.0012854843332670562,,,,,,,
cf_monotone,projected_initial,certified_initial,negative_prediction_fraction,100,0.0,0.0,,,,,,,
cf_monotone,fallback,certified_initial,treatment_0,100,-0.35088004233519493,0.01213465052520525,-0.35,-0.0008800423351949532,0.01213465052520525,0.12074145546592222,0.008467989373094554,0.014578499068029278,0.002044874723554797
cf_monotone,fallback,certified_initial,FEV10_0,100,-0.17678356054912903,0.002324981804247721,-0.18,0.0032164394508709393,0.002324981804247721,0.02335581258186781,0.0013415910651047055,0.0005454939813593348,6.266789895618784e-05
cf_monotone,fallback,certified_initial,treatment_1,100,0.025894908229959976,0.013554057321963912,0.05,-0.024105091770040023,0.013554057321963913,0.1369985035249047,0.010812561898421396,0.018768589968063323,0.0029626095987082676
cf_monotone,fallback,certified_initial,FEV10_1,100,0.07756623220012551,0.002677247492901162,0.08,-0.002433767799874496,0.002677247492901162,0.026749224014726406,0.00253109271146084,0.0007155209853900159,0.00013540953188181454
cf_monotone,fallback,certified_initial,nu0,100,0.2807890949417224,0.014186298987113826,0.4,-0.1192109050582776,0.014186298987113826,0.18475685833289268,0.010332850133763862,0.034135096701040576,0.003818129856677642
cf_monotone,fallback,certified_initial,nu1,100,0.0631081920428066,0.007360605323891307,0.06,0.0031081920428065956,0.007360605323891307,0.07330302463371192,0.008740342530270036,0.005373333420450576,0.001281387087606929
cf_monotone,fallback,certified_initial,theta,100,0.011196355606217704,0.00787659477820888,-0.03,0.04119635560621771,0.00787659477820888,0.08853910717837953,0.008153906125535428,0.007839173499944577,0.0014438791367424532
cf_monotone,fallback,certified_initial,cumulative_relative_0,100,0.9725928377548702,0.00891568410293482,1.0,-0.027407162245129783,0.008915684102934822,0.09284721547596358,0.006448919971311792,0.008620605421640011,0.0011975285243272617
cf_monotone,fallback,certified_initial,baseline_relative_ISE_0,100,0.024234167461428636,0.0017111365050107327,,,,,,,
cf_monotone,fallback,certified_initial,cumulative_relative_1,100,0.9955103911791795,0.01702777428948738,1.0,-0.0044896088208205495,0.01702777428948738,0.16948369011643277,0.017660623685044695,0.028724721215483008,0.005986375343798096
cf_monotone,fallback,certified_initial,baseline_relative_ISE_1,100,0.07628127333584345,0.012659329071732669,,,,,,,
cf_monotone,fallback,certified_initial,prediction_mse,100,0.2065801311187327,0.0010854684538048483,,,,,,,
cf_monotone,fallback,certified_initial,negative_prediction_fraction,100,0.0,0.0,,,,,,,
cf_monotone,initial,coupled_accepted,treatment_0,100,-0.37745441716283645,0.013124164701238736,-0.35,-0.027454417162836527,0.013124164701238736,0.13343864220371063,0.00927817969086999,0.0178058712331699,0.0024761354001434704
cf_monotone,initial,coupled_accepted,FEV10_0,100,-0.19053774827250222,0.0024973439373592457,-0.18,-0.010537748272502288,0.0024973439373592457,0.02699037024680577,0.0016409870965390665,0.0007284800860596581,8.858169861164042e-05
cf_monotone,initial,coupled_accepted,treatment_1,100,0.05984686454680782,0.01791121740200858,0.05,0.009846864546807823,0.01791121740200858,0.17848618970324473,0.011982242903102458,0.03185731991478267,0.0042773297597470065
cf_monotone,initial,coupled_accepted,FEV10_1,100,0.10154881986341437,0.003445472184251633,0.08,0.02154881986341436,0.003445472184251633,0.04049207596775697,0.0031489508031538158,0.0016396082161786014,0.00025501511028006723
cf_monotone,initial,coupled_accepted,nu0,100,0.2631009613258896,0.001570675217926211,0.4,-0.13689903867411035,0.001570675217926211,0.1377881774074834,0.0015624207935824729,0.01898558183327612,0.0004305662269825655
cf_monotone,initial,coupled_accepted,nu1,100,0.10632449062117506,0.0009371231178229343,0.06,0.04632449062117507,0.0009371231178229343,0.047253573466661716,0.0009167066001378476,0.002232900205369196,8.663532535397494e-05
cf_monotone,initial,coupled_accepted,theta,100,-0.010418144455949331,0.0005500684927796183,-0.03,0.019581855544050664,0.0005500684927796183,0.020332339409822056,0.000545622011167342,0.00041340402587620317,2.2187543841048234e-05
cf_monotone,initial,coupled_accepted,cumulative_relative_0,100,1.0911911013451994,0.011070646983840936,1.0,0.09119110134519927,0.011070646983840932,0.14300063008250072,0.011294929519521898,0.020449180203992213,0.003230364076058137
cf_monotone,initial,coupled_accepted,baseline_relative_ISE_0,100,0.05634021643588292,0.005783793460976846,,,,,,,
cf_monotone,initial,coupled_accepted,cumulative_relative_1,100,3.8752140768238745,0.15254856875060713,1.0,2.875214076823875,0.15254856875060713,3.251259987224058,0.22615796407440347,10.570691504524182,1.470596678774328
cf_monotone,initial,coupled_accepted,baseline_relative_ISE_1,100,18.58130670292513,3.15663083333839,,,,,,,
cf_monotone,initial,coupled_accepted,prediction_mse,100,0.27435393574377936,0.0012854843332670562,,,,,,,
cf_monotone,initial,coupled_accepted,negative_prediction_fraction,100,0.0,0.0,,,,,,,
cf_monotone,projected_initial,coupled_accepted,treatment_0,100,-0.37745441716283645,0.013124164701238736,-0.35,-0.027454417162836527,0.013124164701238736,0.13343864220371063,0.00927817969086999,0.0178058712331699,0.0024761354001434704
cf_monotone,projected_initial,coupled_accepted,FEV10_0,100,-0.19053774827250222,0.0024973439373592457,-0.18,-0.010537748272502288,0.0024973439373592457,0.02699037024680577,0.0016409870965390665,0.0007284800860596581,8.858169861164042e-05
cf_monotone,projected_initial,coupled_accepted,treatment_1,100,0.05984686454680782,0.01791121740200858,0.05,0.009846864546807823,0.01791121740200858,0.17848618970324473,0.011982242903102458,0.03185731991478267,0.0042773297597470065
cf_monotone,projected_initial,coupled_accepted,FEV10_1,100,0.10154881986341437,0.003445472184251633,0.08,0.02154881986341436,0.003445472184251633,0.04049207596775697,0.0031489508031538158,0.0016396082161786014,0.00025501511028006723
cf_monotone,projected_initial,coupled_accepted,nu0,100,0.2631009613258896,0.0015706752179262113,0.4,-0.13689903867411035,0.0015706752179262113,0.1377881774074834,0.0015624207935824729,0.018985581833276116,0.0004305662269825655
cf_monotone,projected_initial,coupled_accepted,nu1,100,0.10632449062117506,0.0009371231178229341,0.06,0.04632449062117507,0.0009371231178229341,0.047253573466661716,0.0009167066001378475,0.0022329002053691964,8.663532535397492e-05
cf_monotone,projected_initial,coupled_accepted,theta,100,-0.010418144455949331,0.0005500684927796183,-0.03,0.019581855544050664,0.0005500684927796183,0.020332339409822056,0.000545622011167342,0.0004134040258762031,2.2187543841048234e-05
cf_monotone,projected_initial,coupled_accepted,cumulative_relative_0,100,1.0911911013451994,0.011070646983840936,1.0,0.09119110134519927,0.011070646983840932,0.14300063008250072,0.011294929519521898,0.020449180203992213,0.003230364076058137
cf_monotone,projected_initial,coupled_accepted,baseline_relative_ISE_0,100,0.05634021643588292,0.005783793460976846,,,,,,,
cf_monotone,projected_initial,coupled_accepted,cumulative_relative_1,100,3.8752140768238745,0.15254856875060713,1.0,2.875214076823875,0.15254856875060713,3.251259987224058,0.22615796407440347,10.570691504524182,1.470596678774328
cf_monotone,projected_initial,coupled_accepted,baseline_relative_ISE_1,100,18.58130670292513,3.15663083333839,,,,,,,
cf_monotone,projected_initial,coupled_accepted,prediction_mse,100,0.27435393574377936,0.0012854843332670562,,,,,,,
cf_monotone,projected_initial,coupled_accepted,negative_prediction_fraction,100,0.0,0.0,,,,,,,
cf_monotone,coupled,coupled_accepted,treatment_0,100,-0.35088004233519493,0.01213465052520525,-0.35,-0.0008800423351949532,0.01213465052520525,0.12074145546592222,0.008467989373094554,0.014578499068029278,0.002044874723554797
cf_monotone,coupled,coupled_accepted,FEV10_0,100,-0.17678356054912903,0.002324981804247721,-0.18,0.0032164394508709393,0.002324981804247721,0.02335581258186781,0.0013415910651047055,0.0005454939813593348,6.266789895618784e-05
cf_monotone,coupled,coupled_accepted,treatment_1,100,0.025894908229959976,0.013554057321963912,0.05,-0.024105091770040023,0.013554057321963913,0.1369985035249047,0.010812561898421396,0.018768589968063323,0.0029626095987082676
cf_monotone,coupled,coupled_accepted,FEV10_1,100,0.07756623220012551,0.002677247492901162,0.08,-0.002433767799874496,0.002677247492901162,0.026749224014726406,0.00253109271146084,0.0007155209853900159,0.00013540953188181454
cf_monotone,coupled,coupled_accepted,nu0,100,0.2807890949417224,0.014186298987113826,0.4,-0.1192109050582776,0.014186298987113826,0.18475685833289268,0.010332850133763862,0.034135096701040576,0.003818129856677642
cf_monotone,coupled,coupled_accepted,nu1,100,0.0631081920428066,0.007360605323891307,0.06,0.0031081920428065956,0.007360605323891307,0.07330302463371192,0.008740342530270036,0.005373333420450576,0.001281387087606929
cf_monotone,coupled,coupled_accepted,theta,100,0.011196355606217704,0.00787659477820888,-0.03,0.04119635560621771,0.00787659477820888,0.08853910717837953,0.008153906125535428,0.007839173499944577,0.0014438791367424532
cf_monotone,coupled,coupled_accepted,cumulative_relative_0,100,0.9725928377548702,0.00891568410293482,1.0,-0.027407162245129783,0.008915684102934822,0.09284721547596358,0.006448919971311792,0.008620605421640011,0.0011975285243272617
cf_monotone,coupled,coupled_accepted,baseline_relative_ISE_0,100,0.024234167461428636,0.0017111365050107327,,,,,,,
cf_monotone,coupled,coupled_accepted,cumulative_relative_1,100,0.9955103911791795,0.01702777428948738,1.0,-0.0044896088208205495,0.01702777428948738,0.16948369011643277,0.017660623685044695,0.028724721215483008,0.005986375343798096
cf_monotone,coupled,coupled_accepted,baseline_relative_ISE_1,100,0.07628127333584345,0.012659329071732669,,,,,,,
cf_monotone,coupled,coupled_accepted,prediction_mse,100,0.2065801311187327,0.0010854684538048483,,,,,,,
cf_monotone,coupled,coupled_accepted,negative_prediction_fraction,100,0.0,0.0,,,,,,,
cf_zero_ending,initial,certified_initial,treatment_0,100,-0.3848844091324478,0.01133678796909884,-0.35,-0.034884409132447815,0.011336787969098839,0.1180706372672483,0.007969158081250226,0.013940675384694123,0.001881847146273312
cf_zero_ending,initial,certified_initial,FEV10_0,100,-0.1923164014140629,0.002386965475655675,-0.18,-0.012316401414062842,0.002386965475655675,0.02675362700284897,0.001967878565127177,0.0007157565578075695,0.00010529577823662826
cf_zero_ending,initial,certified_initial,treatment_1,100,0.09860504640999367,0.015887175296873387,0.05,0.04860504640999369,0.015887175296873387,0.16537920694259742,0.012916139123946586,0.027350282088962462,0.004272121690157083
cf_zero_ending,initial,certified_initial,FEV10_1,100,0.10705112009580686,0.00308604066907412,0.08,0.027051120095806867,0.00308604066907412,0.040921927527238146,0.003270881821433703,0.001674604152544531,0.0002677015776937414
cf_zero_ending,initial,certified_initial,nu0,100,0.28851138368529833,0.0016049331156377804,0.4,-0.11148861631470167,0.0016049331156377804,0.11262644799525628,0.0015779767044961962,0.01268471678802817,0.00035544382249333347
cf_zero_ending,initial,certified_initial,nu1,100,0.10292729414258721,0.000898002775396611,0.0,0.10292729414258721,0.000898002775396611,0.10331438606985983,0.0008988122809274286,0.010673862368992048,0.00018572047799213535
cf_zero_ending,initial,certified_initial,theta,100,-0.012563068018408651,0.0005999642301318935,0.0,-0.012563068018408651,0.0005999642301318935,0.013909220995494322,0.0006048320159233912,0.00019346642870150007,1.682548434925758e-05
cf_zero_ending,initial,certified_initial,cumulative_relative_0,100,1.054519587324356,0.009154067094245195,1.0,0.05451958732435598,0.009154067094245195,0.10615216858004552,0.007362756508474575,0.011268282894246404,0.0015631451402028408
cf_zero_ending,initial,certified_initial,baseline_relative_ISE_0,100,0.03266361267628077,0.0023105669835953094,,,,,,,
cf_zero_ending,initial,certified_initial,cumulative_relative_1,100,4.430953455887857,0.19684062094146293,1.0,3.4309534558878574,0.19684062094146293,3.950609875915145,0.3117393023372267,15.607318391678275,2.4631207330486897
cf_zero_ending,initial,certified_initial,baseline_relative_ISE_1,100,28.41284557059207,5.8144922766195215,,,,,,,
cf_zero_ending,initial,certified_initial,prediction_mse,100,0.25140168176050925,0.0008747585228655227,,,,,,,
cf_zero_ending,initial,certified_initial,negative_prediction_fraction,100,0.0,0.0,,,,,,,
cf_zero_ending,projected_initial,certified_initial,treatment_0,100,-0.3848844091324478,0.01133678796909884,-0.35,-0.034884409132447815,0.011336787969098839,0.1180706372672483,0.007969158081250226,0.013940675384694123,0.001881847146273312
cf_zero_ending,projected_initial,certified_initial,FEV10_0,100,-0.1923164014140629,0.002386965475655675,-0.18,-0.012316401414062842,0.002386965475655675,0.02675362700284897,0.001967878565127177,0.0007157565578075695,0.00010529577823662826
cf_zero_ending,projected_initial,certified_initial,treatment_1,100,0.09860504640999367,0.015887175296873387,0.05,0.04860504640999369,0.015887175296873387,0.16537920694259742,0.012916139123946586,0.027350282088962462,0.004272121690157083
cf_zero_ending,projected_initial,certified_initial,FEV10_1,100,0.10705112009580686,0.00308604066907412,0.08,0.027051120095806867,0.00308604066907412,0.040921927527238146,0.003270881821433703,0.001674604152544531,0.0002677015776937414
cf_zero_ending,projected_initial,certified_initial,nu0,100,0.2885113836852984,0.0016049331156377804,0.4,-0.11148861631470167,0.0016049331156377804,0.11262644799525628,0.0015779767044961964,0.01268471678802817,0.0003554438224933335
cf_zero_ending,projected_initial,certified_initial,nu1,100,0.10292729414258721,0.000898002775396611,0.0,0.10292729414258721,0.000898002775396611,0.10331438606985983,0.0008988122809274289,0.010673862368992048,0.0001857204779921354
cf_zero_ending,projected_initial,certified_initial,theta,100,-0.012563068018408651,0.0005999642301318936,0.0,-0.012563068018408651,0.0005999642301318936,0.013909220995494324,0.0006048320159233912,0.00019346642870150013,1.682548434925758e-05
cf_zero_ending,projected_initial,certified_initial,cumulative_relative_0,100,1.054519587324356,0.009154067094245195,1.0,0.05451958732435598,0.009154067094245195,0.10615216858004552,0.007362756508474575,0.011268282894246404,0.0015631451402028408
cf_zero_ending,projected_initial,certified_initial,baseline_relative_ISE_0,100,0.03266361267628077,0.0023105669835953094,,,,,,,
cf_zero_ending,projected_initial,certified_initial,cumulative_relative_1,100,4.430953455887857,0.19684062094146293,1.0,3.4309534558878574,0.19684062094146293,3.950609875915145,0.3117393023372267,15.607318391678275,2.4631207330486897
cf_zero_ending,projected_initial,certified_initial,baseline_relative_ISE_1,100,28.41284557059207,5.8144922766195215,,,,,,,
cf_zero_ending,projected_initial,certified_initial,prediction_mse,100,0.25140168176050925,0.0008747585228655227,,,,,,,
cf_zero_ending,projected_initial,certified_initial,negative_prediction_fraction,100,0.0,0.0,,,,,,,
cf_zero_ending,fallback,certified_initial,treatment_0,100,-0.36357396664730574,0.010746581493320558,-0.35,-0.013573966647305863,0.010746581493320558,0.10778527235205923,0.007420011055123957,0.011617664936007584,0.0015995358248636522
cf_zero_ending,fallback,certified_initial,FEV10_0,100,-0.18192021553218293,0.0022916980904193604,-0.18,-0.00192021553218292,0.0022916980904193604,0.022882818037024615,0.0017163904688610586,0.0005236233613155791,7.855170155886194e-05
cf_zero_ending,fallback,certified_initial,treatment_1,100,0.05151830673606336,0.012193325208221893,0.05,0.0015183067360633534,0.012193325208221893,0.12133155417721006,0.009006314004181346,0.01472134603905726,0.002185500151070589
cf_zero_ending,fallback,certified_initial,FEV10_1,100,0.080648748438213,0.002370855916120551,0.08,0.0006487484382129864,0.0023708559161205512,0.023598637550957507,0.001565632888671642,0.0005568956942614618,7.389360615524138e-05
cf_zero_ending,fallback,certified_initial,nu0,100,0.3887782159486545,0.013304910486539659,0.4,-0.011221784051345518,0.013304910486539659,0.13285696105106234,0.01292943613077003,0.017650972099723494,0.003435531184875824
cf_zero_ending,fallback,certified_initial,nu1,100,0.028943717057599138,0.0036428221199944753,0.0,0.028943717057599138,0.0036428221199944753,0.046384091064766354,0.005415065842005969,0.0021514839039045376,0.0005023458142746211
cf_zero_ending,fallback,certified_initial,theta,100,0.011351622785778368,0.0065530207868811875,0.0,0.011351622785778368,0.0065530207868811875,0.06618251583135079,0.0045705321064685115,0.0043801254017669985,0.0006049786269880986
cf_zero_ending,fallback,certified_initial,cumulative_relative_0,100,0.9762677873671375,0.00763029809858295,1.0,-0.023732212632862657,0.00763029809858295,0.07954333017105851,0.005995323216784487,0.006327141374702027,0.0009537759482298022
cf_zero_ending,fallback,certified_initial,baseline_relative_ISE_0,100,0.020922183723940266,0.0012083913717168854,,,,,,,
cf_zero_ending,fallback,certified_initial,cumulative_relative_1,100,1.0923698816942038,0.016407780805288902,1.0,0.0923698816942037,0.016407780805288905,0.18757533651492533,0.017103464052732577,0.03518450686868748,0.006416376050524484
cf_zero_ending,fallback,certified_initial,baseline_relative_ISE_1,100,0.09575722673511212,0.013799277707140576,,,,,,,
cf_zero_ending,fallback,certified_initial,prediction_mse,100,0.16916289665797582,0.0007839675556436754,,,,,,,
cf_zero_ending,fallback,certified_initial,negative_prediction_fraction,100,0.0,0.0,,,,,,,
cf_zero_ending,initial,coupled_accepted,treatment_0,100,-0.3848844091324478,0.01133678796909884,-0.35,-0.034884409132447815,0.011336787969098839,0.1180706372672483,0.007969158081250226,0.013940675384694123,0.001881847146273312
cf_zero_ending,initial,coupled_accepted,FEV10_0,100,-0.1923164014140629,0.002386965475655675,-0.18,-0.012316401414062842,0.002386965475655675,0.02675362700284897,0.001967878565127177,0.0007157565578075695,0.00010529577823662826
cf_zero_ending,initial,coupled_accepted,treatment_1,100,0.09860504640999367,0.015887175296873387,0.05,0.04860504640999369,0.015887175296873387,0.16537920694259742,0.012916139123946586,0.027350282088962462,0.004272121690157083
cf_zero_ending,initial,coupled_accepted,FEV10_1,100,0.10705112009580686,0.00308604066907412,0.08,0.027051120095806867,0.00308604066907412,0.040921927527238146,0.003270881821433703,0.001674604152544531,0.0002677015776937414
cf_zero_ending,initial,coupled_accepted,nu0,100,0.28851138368529833,0.0016049331156377804,0.4,-0.11148861631470167,0.0016049331156377804,0.11262644799525628,0.0015779767044961962,0.01268471678802817,0.00035544382249333347
cf_zero_ending,initial,coupled_accepted,nu1,100,0.10292729414258721,0.000898002775396611,0.0,0.10292729414258721,0.000898002775396611,0.10331438606985983,0.0008988122809274286,0.010673862368992048,0.00018572047799213535
cf_zero_ending,initial,coupled_accepted,theta,100,-0.012563068018408651,0.0005999642301318935,0.0,-0.012563068018408651,0.0005999642301318935,0.013909220995494322,0.0006048320159233912,0.00019346642870150007,1.682548434925758e-05
cf_zero_ending,initial,coupled_accepted,cumulative_relative_0,100,1.054519587324356,0.009154067094245195,1.0,0.05451958732435598,0.009154067094245195,0.10615216858004552,0.007362756508474575,0.011268282894246404,0.0015631451402028408
cf_zero_ending,initial,coupled_accepted,baseline_relative_ISE_0,100,0.03266361267628077,0.0023105669835953094,,,,,,,
cf_zero_ending,initial,coupled_accepted,cumulative_relative_1,100,4.430953455887857,0.19684062094146293,1.0,3.4309534558878574,0.19684062094146293,3.950609875915145,0.3117393023372267,15.607318391678275,2.4631207330486897
cf_zero_ending,initial,coupled_accepted,baseline_relative_ISE_1,100,28.41284557059207,5.8144922766195215,,,,,,,
cf_zero_ending,initial,coupled_accepted,prediction_mse,100,0.25140168176050925,0.0008747585228655227,,,,,,,
cf_zero_ending,initial,coupled_accepted,negative_prediction_fraction,100,0.0,0.0,,,,,,,
cf_zero_ending,projected_initial,coupled_accepted,treatment_0,100,-0.3848844091324478,0.01133678796909884,-0.35,-0.034884409132447815,0.011336787969098839,0.1180706372672483,0.007969158081250226,0.013940675384694123,0.001881847146273312
cf_zero_ending,projected_initial,coupled_accepted,FEV10_0,100,-0.1923164014140629,0.002386965475655675,-0.18,-0.012316401414062842,0.002386965475655675,0.02675362700284897,0.001967878565127177,0.0007157565578075695,0.00010529577823662826
cf_zero_ending,projected_initial,coupled_accepted,treatment_1,100,0.09860504640999367,0.015887175296873387,0.05,0.04860504640999369,0.015887175296873387,0.16537920694259742,0.012916139123946586,0.027350282088962462,0.004272121690157083
cf_zero_ending,projected_initial,coupled_accepted,FEV10_1,100,0.10705112009580686,0.00308604066907412,0.08,0.027051120095806867,0.00308604066907412,0.040921927527238146,0.003270881821433703,0.001674604152544531,0.0002677015776937414
cf_zero_ending,projected_initial,coupled_accepted,nu0,100,0.2885113836852984,0.0016049331156377804,0.4,-0.11148861631470167,0.0016049331156377804,0.11262644799525628,0.0015779767044961964,0.01268471678802817,0.0003554438224933335
cf_zero_ending,projected_initial,coupled_accepted,nu1,100,0.10292729414258721,0.000898002775396611,0.0,0.10292729414258721,0.000898002775396611,0.10331438606985983,0.0008988122809274289,0.010673862368992048,0.0001857204779921354
cf_zero_ending,projected_initial,coupled_accepted,theta,100,-0.012563068018408651,0.0005999642301318936,0.0,-0.012563068018408651,0.0005999642301318936,0.013909220995494324,0.0006048320159233912,0.00019346642870150013,1.682548434925758e-05
cf_zero_ending,projected_initial,coupled_accepted,cumulative_relative_0,100,1.054519587324356,0.009154067094245195,1.0,0.05451958732435598,0.009154067094245195,0.10615216858004552,0.007362756508474575,0.011268282894246404,0.0015631451402028408
cf_zero_ending,projected_initial,coupled_accepted,baseline_relative_ISE_0,100,0.03266361267628077,0.0023105669835953094,,,,,,,
cf_zero_ending,projected_initial,coupled_accepted,cumulative_relative_1,100,4.430953455887857,0.19684062094146293,1.0,3.4309534558878574,0.19684062094146293,3.950609875915145,0.3117393023372267,15.607318391678275,2.4631207330486897
cf_zero_ending,projected_initial,coupled_accepted,baseline_relative_ISE_1,100,28.41284557059207,5.8144922766195215,,,,,,,
cf_zero_ending,projected_initial,coupled_accepted,prediction_mse,100,0.25140168176050925,0.0008747585228655227,,,,,,,
cf_zero_ending,projected_initial,coupled_accepted,negative_prediction_fraction,100,0.0,0.0,,,,,,,
cf_zero_ending,coupled,coupled_accepted,treatment_0,100,-0.36357396664730574,0.010746581493320558,-0.35,-0.013573966647305863,0.010746581493320558,0.10778527235205923,0.007420011055123957,0.011617664936007584,0.0015995358248636522
cf_zero_ending,coupled,coupled_accepted,FEV10_0,100,-0.18192021553218293,0.0022916980904193604,-0.18,-0.00192021553218292,0.0022916980904193604,0.022882818037024615,0.0017163904688610586,0.0005236233613155791,7.855170155886194e-05
cf_zero_ending,coupled,coupled_accepted,treatment_1,100,0.05151830673606336,0.012193325208221893,0.05,0.0015183067360633534,0.012193325208221893,0.12133155417721006,0.009006314004181346,0.01472134603905726,0.002185500151070589
cf_zero_ending,coupled,coupled_accepted,FEV10_1,100,0.080648748438213,0.002370855916120551,0.08,0.0006487484382129864,0.0023708559161205512,0.023598637550957507,0.001565632888671642,0.0005568956942614618,7.389360615524138e-05
cf_zero_ending,coupled,coupled_accepted,nu0,100,0.3887782159486545,0.013304910486539659,0.4,-0.011221784051345518,0.013304910486539659,0.13285696105106234,0.01292943613077003,0.017650972099723494,0.003435531184875824
cf_zero_ending,coupled,coupled_accepted,nu1,100,0.028943717057599138,0.0036428221199944753,0.0,0.028943717057599138,0.0036428221199944753,0.046384091064766354,0.005415065842005969,0.0021514839039045376,0.0005023458142746211
cf_zero_ending,coupled,coupled_accepted,theta,100,0.011351622785778368,0.0065530207868811875,0.0,0.011351622785778368,0.0065530207868811875,0.06618251583135079,0.0045705321064685115,0.0043801254017669985,0.0006049786269880986
cf_zero_ending,coupled,coupled_accepted,cumulative_relative_0,100,0.9762677873671375,0.00763029809858295,1.0,-0.023732212632862657,0.00763029809858295,0.07954333017105851,0.005995323216784487,0.006327141374702027,0.0009537759482298022
cf_zero_ending,coupled,coupled_accepted,baseline_relative_ISE_0,100,0.020922183723940266,0.0012083913717168854,,,,,,,
cf_zero_ending,coupled,coupled_accepted,cumulative_relative_1,100,1.0923698816942038,0.016407780805288902,1.0,0.0923698816942037,0.016407780805288905,0.18757533651492533,0.017103464052732577,0.03518450686868748,0.006416376050524484
cf_zero_ending,coupled,coupled_accepted,baseline_relative_ISE_1,100,0.09575722673511212,0.013799277707140576,,,,,,,
cf_zero_ending,coupled,coupled_accepted,prediction_mse,100,0.16916289665797582,0.0007839675556436754,,,,,,,
cf_zero_ending,coupled,coupled_accepted,negative_prediction_fraction,100,0.0,0.0,,,,,,,
cf_near_rank,initial,certified_initial,treatment_0,100,-0.3237300193130448,0.01412968266696495,-0.35,0.02626998068695523,0.01412968266696495,0.14302187657815443,0.00960857223867513,0.02045525717993684,0.0027484720656241507
cf_near_rank,initial,certified_initial,FEV10_0,100,-0.1661231684078567,0.0031346722395578495,-0.18,0.013876831592143321,0.0031346722395578495,0.034137329859447334,0.0022150243123773357,0.0011653572899327147,0.00015123003119664125
cf_near_rank,initial,certified_initial,treatment_1,100,0.06823484357969199,0.01865575069747326,0.05,0.018234843579691986,0.018655750697473265,0.18651588644112052,0.012860732476674937,0.034788175894916964,0.004797461836338266
cf_near_rank,initial,certified_initial,FEV10_1,100,0.09656761606849928,0.0031681828322784058,0.08,0.016567616068499262,0.0031681828322784058,0.03561160998338623,0.0029788584295076482,0.0012681867656088137,0.00021216388917469757
cf_near_rank,initial,certified_initial,nu0,100,0.3634997890649625,0.00276629415529875,1.8680300111,-1.5045302220350378,0.0027662941552987494,1.5047819692463125,0.0027597998935658943,2.26436877496881,0.0083057942371317
cf_near_rank,initial,certified_initial,nu1,100,0.08868206377225384,0.0007471918125681602,0.014191105775,0.07449095799725383,0.0007471918125681602,0.07486103184047596,0.0007376386064055845,0.005604174088220756,0.00011044077440178556
cf_near_rank,initial,certified_initial,theta,100,-0.02869715404538515,0.0006247617755244415,-0.14653539946886407,0.11783824542347894,0.0006247617755244415,0.1180020952560739,0.000625009257554794,0.01392449448482354,0.00014750480389181766
cf_near_rank,initial,certified_initial,cumulative_relative_0,100,0.9164566037546378,0.008767398125680408,1.0,-0.08354339624536213,0.00876739812568041,0.12078641801019616,0.006829320555364542,0.014589358775733838,0.001649778334651773
cf_near_rank,initial,certified_initial,baseline_relative_ISE_0,100,0.03282128938440962,0.0020042044723068034,,,,,,,
cf_near_rank,initial,certified_initial,cumulative_relative_1,100,2.608317528862269,0.06008119668957797,1.0,1.6083175288622689,0.06008119668957797,1.7158235757254177,0.0678119674429238,2.9440505430151584,0.23270674490978624
cf_near_rank,initial,certified_initial,baseline_relative_ISE_1,100,4.2998452346706335,0.40001711176219334,,,,,,,
cf_near_rank,initial,certified_initial,prediction_mse,100,0.6047593669727902,0.00670449210066147,,,,,,,
cf_near_rank,initial,certified_initial,negative_prediction_fraction,100,0.0,0.0,,,,,,,
cf_near_rank,projected_initial,certified_initial,treatment_0,100,-0.3237300193130448,0.01412968266696495,-0.35,0.02626998068695523,0.01412968266696495,0.14302187657815443,0.00960857223867513,0.02045525717993684,0.0027484720656241507
cf_near_rank,projected_initial,certified_initial,FEV10_0,100,-0.1661231684078567,0.0031346722395578495,-0.18,0.013876831592143321,0.0031346722395578495,0.034137329859447334,0.0022150243123773357,0.0011653572899327147,0.00015123003119664125
cf_near_rank,projected_initial,certified_initial,treatment_1,100,0.06823484357969199,0.01865575069747326,0.05,0.018234843579691986,0.018655750697473265,0.18651588644112052,0.012860732476674937,0.034788175894916964,0.004797461836338266
cf_near_rank,projected_initial,certified_initial,FEV10_1,100,0.09656761606849928,0.0031681828322784058,0.08,0.016567616068499262,0.0031681828322784058,0.03561160998338623,0.0029788584295076482,0.0012681867656088137,0.00021216388917469757
cf_near_rank,projected_initial,certified_initial,nu0,100,0.3634997890649624,0.0027662941552987494,1.8680300111,-1.5045302220350378,0.0027662941552987477,1.5047819692463125,0.0027597998935658934,2.26436877496881,0.008305794237131698
cf_near_rank,projected_initial,certified_initial,nu1,100,0.08868206377225386,0.0007471918125681601,0.014191105775,0.07449095799725383,0.0007471918125681602,0.07486103184047596,0.0007376386064055844,0.005604174088220756,0.00011044077440178553
cf_near_rank,projected_initial,certified_initial,theta,100,-0.02869715404538515,0.0006247617755244415,-0.14653539946886407,0.11783824542347893,0.0006247617755244415,0.1180020952560739,0.000625009257554794,0.01392449448482354,0.00014750480389181766
cf_near_rank,projected_initial,certified_initial,cumulative_relative_0,100,0.9164566037546378,0.008767398125680408,1.0,-0.08354339624536213,0.00876739812568041,0.12078641801019616,0.006829320555364542,0.014589358775733838,0.001649778334651773
cf_near_rank,projected_initial,certified_initial,baseline_relative_ISE_0,100,0.03282128938440962,0.0020042044723068034,,,,,,,
cf_near_rank,projected_initial,certified_initial,cumulative_relative_1,100,2.608317528862269,0.06008119668957797,1.0,1.6083175288622689,0.06008119668957797,1.7158235757254177,0.0678119674429238,2.9440505430151584,0.23270674490978624
cf_near_rank,projected_initial,certified_initial,baseline_relative_ISE_1,100,4.2998452346706335,0.40001711176219334,,,,,,,
cf_near_rank,projected_initial,certified_initial,prediction_mse,100,0.6047593669727902,0.00670449210066147,,,,,,,
cf_near_rank,projected_initial,certified_initial,negative_prediction_fraction,100,0.0,0.0,,,,,,,
cf_near_rank,fallback,certified_initial,treatment_0,100,-0.3370219125457542,0.014771677411203646,-0.35,0.012978087454245819,0.014771677411203646,0.14754820789998027,0.00991989573656277,0.0217704736544958,0.002927325676968983
cf_near_rank,fallback,certified_initial,FEV10_0,100,-0.1734441388715836,0.003386383691524103,-0.18,0.006555861128416384,0.003386383691524103,0.03432595477551792,0.0022591334605684054,0.0011782711712509013,0.00015509382599866077
cf_near_rank,fallback,certified_initial,treatment_1,100,0.049245468478167076,0.013144657123302896,0.05,-0.0007545315218329171,0.0131446571233029,0.130789863505732,0.00809588196119377,0.017105988395848006,0.002117718593326102
cf_near_rank,fallback,certified_initial,FEV10_1,100,0.07817382444320917,0.0023836249185873117,0.08,-0.0018261755567908267,0.0023836249185873117,0.023786971742169004,0.0020905233533395906,0.0005658200246627466,9.945443986446645e-05
cf_near_rank,fallback,certified_initial,nu0,100,1.488092183425684,0.03290011092330578,1.8680300111,-0.37993782767431655,0.03290011092330578,0.5015097860218634,0.023092540023957518,0.2515120654756952,0.0231622696122325
cf_near_rank,fallback,certified_initial,nu1,100,0.01325255363127109,0.0008582551475689471,0.014191105775,-0.0009385521437289142,0.0008582551475689471,0.008590952686462023,0.0011483000994730482,7.380446806102905e-05,1.9729983648865184e-05
cf_near_rank,fallback,certified_initial,theta,100,-0.1224125065350341,0.0046114343758209084,-0.14653539946886407,0.02412289293382995,0.0046114343758209084,0.05183802983085678,0.0048172376421787315,0.0026871813367447977,0.0004994322171951746
cf_near_rank,fallback,certified_initial,cumulative_relative_0,100,0.9726631551820701,0.010286841431530693,1.0,-0.027336844817929872,0.010286841431530693,0.10594052407699221,0.006810332236474473,0.011223394641707766,0.0014429803325410803
cf_near_rank,fallback,certified_initial,baseline_relative_ISE_0,100,0.028533517891103064,0.0017869152033562791,,,,,,,
cf_near_rank,fallback,certified_initial,cumulative_relative_1,100,0.9923441011494978,0.01250119565555799,1.0,-0.007655898850502124,0.01250119565555799,0.12462071327128878,0.007562251894324447,0.015530322176244771,0.0018848264500157346
cf_near_rank,fallback,certified_initial,baseline_relative_ISE_1,100,0.045184618220198425,0.003223782414866218,,,,,,,
cf_near_rank,fallback,certified_initial,prediction_mse,100,0.519355025466819,0.006681537035111274,,,,,,,
cf_near_rank,fallback,certified_initial,negative_prediction_fraction,100,0.0,0.0,,,,,,,
cf_near_rank,initial,coupled_accepted,treatment_0,100,-0.3237300193130448,0.01412968266696495,-0.35,0.02626998068695523,0.01412968266696495,0.14302187657815443,0.00960857223867513,0.02045525717993684,0.0027484720656241507
cf_near_rank,initial,coupled_accepted,FEV10_0,100,-0.1661231684078567,0.0031346722395578495,-0.18,0.013876831592143321,0.0031346722395578495,0.034137329859447334,0.0022150243123773357,0.0011653572899327147,0.00015123003119664125
cf_near_rank,initial,coupled_accepted,treatment_1,100,0.06823484357969199,0.01865575069747326,0.05,0.018234843579691986,0.018655750697473265,0.18651588644112052,0.012860732476674937,0.034788175894916964,0.004797461836338266
cf_near_rank,initial,coupled_accepted,FEV10_1,100,0.09656761606849928,0.0031681828322784058,0.08,0.016567616068499262,0.0031681828322784058,0.03561160998338623,0.0029788584295076482,0.0012681867656088137,0.00021216388917469757
cf_near_rank,initial,coupled_accepted,nu0,100,0.3634997890649625,0.00276629415529875,1.8680300111,-1.5045302220350378,0.0027662941552987494,1.5047819692463125,0.0027597998935658943,2.26436877496881,0.0083057942371317
cf_near_rank,initial,coupled_accepted,nu1,100,0.08868206377225384,0.0007471918125681602,0.014191105775,0.07449095799725383,0.0007471918125681602,0.07486103184047596,0.0007376386064055845,0.005604174088220756,0.00011044077440178556
cf_near_rank,initial,coupled_accepted,theta,100,-0.02869715404538515,0.0006247617755244415,-0.14653539946886407,0.11783824542347894,0.0006247617755244415,0.1180020952560739,0.000625009257554794,0.01392449448482354,0.00014750480389181766
cf_near_rank,initial,coupled_accepted,cumulative_relative_0,100,0.9164566037546378,0.008767398125680408,1.0,-0.08354339624536213,0.00876739812568041,0.12078641801019616,0.006829320555364542,0.014589358775733838,0.001649778334651773
cf_near_rank,initial,coupled_accepted,baseline_relative_ISE_0,100,0.03282128938440962,0.0020042044723068034,,,,,,,
cf_near_rank,initial,coupled_accepted,cumulative_relative_1,100,2.608317528862269,0.06008119668957797,1.0,1.6083175288622689,0.06008119668957797,1.7158235757254177,0.0678119674429238,2.9440505430151584,0.23270674490978624
cf_near_rank,initial,coupled_accepted,baseline_relative_ISE_1,100,4.2998452346706335,0.40001711176219334,,,,,,,
cf_near_rank,initial,coupled_accepted,prediction_mse,100,0.6047593669727902,0.00670449210066147,,,,,,,
cf_near_rank,initial,coupled_accepted,negative_prediction_fraction,100,0.0,0.0,,,,,,,
cf_near_rank,projected_initial,coupled_accepted,treatment_0,100,-0.3237300193130448,0.01412968266696495,-0.35,0.02626998068695523,0.01412968266696495,0.14302187657815443,0.00960857223867513,0.02045525717993684,0.0027484720656241507
cf_near_rank,projected_initial,coupled_accepted,FEV10_0,100,-0.1661231684078567,0.0031346722395578495,-0.18,0.013876831592143321,0.0031346722395578495,0.034137329859447334,0.0022150243123773357,0.0011653572899327147,0.00015123003119664125
cf_near_rank,projected_initial,coupled_accepted,treatment_1,100,0.06823484357969199,0.01865575069747326,0.05,0.018234843579691986,0.018655750697473265,0.18651588644112052,0.012860732476674937,0.034788175894916964,0.004797461836338266
cf_near_rank,projected_initial,coupled_accepted,FEV10_1,100,0.09656761606849928,0.0031681828322784058,0.08,0.016567616068499262,0.0031681828322784058,0.03561160998338623,0.0029788584295076482,0.0012681867656088137,0.00021216388917469757
cf_near_rank,projected_initial,coupled_accepted,nu0,100,0.3634997890649624,0.0027662941552987494,1.8680300111,-1.5045302220350378,0.0027662941552987477,1.5047819692463125,0.0027597998935658934,2.26436877496881,0.008305794237131698
cf_near_rank,projected_initial,coupled_accepted,nu1,100,0.08868206377225386,0.0007471918125681601,0.014191105775,0.07449095799725383,0.0007471918125681602,0.07486103184047596,0.0007376386064055844,0.005604174088220756,0.00011044077440178553
cf_near_rank,projected_initial,coupled_accepted,theta,100,-0.02869715404538515,0.0006247617755244415,-0.14653539946886407,0.11783824542347893,0.0006247617755244415,0.1180020952560739,0.000625009257554794,0.01392449448482354,0.00014750480389181766
cf_near_rank,projected_initial,coupled_accepted,cumulative_relative_0,100,0.9164566037546378,0.008767398125680408,1.0,-0.08354339624536213,0.00876739812568041,0.12078641801019616,0.006829320555364542,0.014589358775733838,0.001649778334651773
cf_near_rank,projected_initial,coupled_accepted,baseline_relative_ISE_0,100,0.03282128938440962,0.0020042044723068034,,,,,,,
cf_near_rank,projected_initial,coupled_accepted,cumulative_relative_1,100,2.608317528862269,0.06008119668957797,1.0,1.6083175288622689,0.06008119668957797,1.7158235757254177,0.0678119674429238,2.9440505430151584,0.23270674490978624
cf_near_rank,projected_initial,coupled_accepted,baseline_relative_ISE_1,100,4.2998452346706335,0.40001711176219334,,,,,,,
cf_near_rank,projected_initial,coupled_accepted,prediction_mse,100,0.6047593669727902,0.00670449210066147,,,,,,,
cf_near_rank,projected_initial,coupled_accepted,negative_prediction_fraction,100,0.0,0.0,,,,,,,
cf_near_rank,coupled,coupled_accepted,treatment_0,100,-0.3370219125457542,0.014771677411203646,-0.35,0.012978087454245819,0.014771677411203646,0.14754820789998027,0.00991989573656277,0.0217704736544958,0.002927325676968983
cf_near_rank,coupled,coupled_accepted,FEV10_0,100,-0.1734441388715836,0.003386383691524103,-0.18,0.006555861128416384,0.003386383691524103,0.03432595477551792,0.0022591334605684054,0.0011782711712509013,0.00015509382599866077
cf_near_rank,coupled,coupled_accepted,treatment_1,100,0.049245468478167076,0.013144657123302896,0.05,-0.0007545315218329171,0.0131446571233029,0.130789863505732,0.00809588196119377,0.017105988395848006,0.002117718593326102
cf_near_rank,coupled,coupled_accepted,FEV10_1,100,0.07817382444320917,0.0023836249185873117,0.08,-0.0018261755567908267,0.0023836249185873117,0.023786971742169004,0.0020905233533395906,0.0005658200246627466,9.945443986446645e-05
cf_near_rank,coupled,coupled_accepted,nu0,100,1.488092183425684,0.03290011092330578,1.8680300111,-0.37993782767431655,0.03290011092330578,0.5015097860218634,0.023092540023957518,0.2515120654756952,0.0231622696122325
cf_near_rank,coupled,coupled_accepted,nu1,100,0.01325255363127109,0.0008582551475689471,0.014191105775,-0.0009385521437289142,0.0008582551475689471,0.008590952686462023,0.0011483000994730482,7.380446806102905e-05,1.9729983648865184e-05
cf_near_rank,coupled,coupled_accepted,theta,100,-0.1224125065350341,0.0046114343758209084,-0.14653539946886407,0.02412289293382995,0.0046114343758209084,0.05183802983085678,0.0048172376421787315,0.0026871813367447977,0.0004994322171951746
cf_near_rank,coupled,coupled_accepted,cumulative_relative_0,100,0.9726631551820701,0.010286841431530693,1.0,-0.027336844817929872,0.010286841431530693,0.10594052407699221,0.006810332236474473,0.011223394641707766,0.0014429803325410803
cf_near_rank,coupled,coupled_accepted,baseline_relative_ISE_0,100,0.028533517891103064,0.0017869152033562791,,,,,,,
cf_near_rank,coupled,coupled_accepted,cumulative_relative_1,100,0.9923441011494978,0.01250119565555799,1.0,-0.007655898850502124,0.01250119565555799,0.12462071327128878,0.007562251894324447,0.015530322176244771,0.0018848264500157346
cf_near_rank,coupled,coupled_accepted,baseline_relative_ISE_1,100,0.045184618220198425,0.003223782414866218,,,,,,,
cf_near_rank,coupled,coupled_accepted,prediction_mse,100,0.519355025466819,0.006681537035111274,,,,,,,
cf_near_rank,coupled,coupled_accepted,negative_prediction_fraction,100,0.0,0.0,,,,,,,
cf_rank_one,initial,certified_initial,treatment_0,200,-0.33902450107521276,0.010566929370208745,-0.35,0.010975498924787228,0.010566929370208745,0.14946839412842122,0.006664943461992158,0.02234080084332906,0.001992396792441376
cf_rank_one,initial,certified_initial,FEV10_0,200,-0.16798821262535912,0.002160546308062837,-0.18,0.012011787374640872,0.002160546308062837,0.03275984043674647,0.0012877108041437987,0.0010732071454410891,8.437040094485066e-05
cf_rank_one,initial,certified_initial,treatment_1,200,0.047161549690933155,0.012744240541516615,0.05,-0.002838450309066842,0.012744240541516615,0.17980204261682944,0.009221051519475268,0.03232877452918415,0.003315927796553344
cf_rank_one,initial,certified_initial,FEV10_1,200,0.09338935680267398,0.002443900151671638,0.08,0.013389356802673972,0.002443900151671638,0.03698421038640818,0.0017570941300287684,0.0013678318179061028,0.00012996947794741365
cf_rank_one,initial,certified_initial,nu0,200,0.36331748111865747,0.0018939869808752843,1.8680300111,-1.5047125299813429,0.0018939869808752838,1.5049497161144336,0.0018903227332810642,2.264873648032914,0.005689681321631996
cf_rank_one,initial,certified_initial,nu1,200,0.08813809692610888,0.0005874680979734145,0.014191105775,0.07394699115110887,0.0005874680979734145,0.07440991959922641,0.000596125306001995,0.005536836134763339,8.871527218134538e-05
cf_rank_one,initial,certified_initial,theta,200,-0.029484007044586476,0.0004815649309120521,-0.16281711052096007,0.1333331034763736,0.0004815649309120521,0.13350605055350684,0.0004849138345317386,0.017823865534395526,0.00012947786181417828
cf_rank_one,initial,certified_initial,cumulative_relative_0,200,0.9116631657294891,0.00642789392610054,1.0,-0.08833683427051078,0.00642789392610054,0.1265924268416185,0.005287258511817681,0.016025642533650533,0.001338653772700009
cf_rank_one,initial,certified_initial,baseline_relative_ISE_0,200,0.033212270466331864,0.0014224030355037293,,,,,,,
cf_rank_one,initial,certified_initial,cumulative_relative_1,200,2.546751590171752,0.04715067753959045,1.0,1.546751590171752,0.04715067753959045,1.6837026381742377,0.06143985859134577,2.834854573794888,0.20689290399860197
cf_rank_one,initial,certified_initial,baseline_relative_ISE_1,200,4.200429694356192,0.349611070580964,,,,,,,
cf_rank_one,initial,certified_initial,prediction_mse,200,0.5949177369639475,0.0038486168396427247,,,,,,,
cf_rank_one,initial,certified_initial,negative_prediction_fraction,200,0.0,0.0,,,,,,,
cf_rank_one,projected_initial,certified_initial,treatment_0,200,-0.33902450107521276,0.010566929370208745,-0.35,0.010975498924787228,0.010566929370208745,0.14946839412842122,0.006664943461992158,0.02234080084332906,0.001992396792441376
cf_rank_one,projected_initial,certified_initial,FEV10_0,200,-0.16798821262535912,0.002160546308062837,-0.18,0.012011787374640872,0.002160546308062837,0.03275984043674647,0.0012877108041437987,0.0010732071454410891,8.437040094485066e-05
cf_rank_one,projected_initial,certified_initial,treatment_1,200,0.047161549690933155,0.012744240541516615,0.05,-0.002838450309066842,0.012744240541516615,0.17980204261682944,0.009221051519475268,0.03232877452918415,0.003315927796553344
cf_rank_one,projected_initial,certified_initial,FEV10_1,200,0.09338935680267398,0.002443900151671638,0.08,0.013389356802673972,0.002443900151671638,0.03698421038640818,0.0017570941300287684,0.0013678318179061028,0.00012996947794741365
cf_rank_one,projected_initial,certified_initial,nu0,200,0.36331748111865747,0.0018939869808752843,1.8680300111,-1.5047125299813429,0.0018939869808752843,1.5049497161144336,0.001890322733281065,2.264873648032914,0.005689681321631998
cf_rank_one,projected_initial,certified_initial,nu1,200,0.08813809692610888,0.0005874680979734144,0.014191105775,0.07394699115110889,0.0005874680979734144,0.07440991959922641,0.000596125306001995,0.005536836134763339,8.871527218134537e-05
cf_rank_one,projected_initial,certified_initial,theta,200,-0.029484007044586476,0.00048156493091205217,-0.16281711052096007,0.1333331034763736,0.0004815649309120522,0.13350605055350684,0.0004849138345317386,0.017823865534395526,0.00012947786181417828
cf_rank_one,projected_initial,certified_initial,cumulative_relative_0,200,0.9116631657294891,0.00642789392610054,1.0,-0.08833683427051078,0.00642789392610054,0.1265924268416185,0.005287258511817681,0.016025642533650533,0.001338653772700009
cf_rank_one,projected_initial,certified_initial,baseline_relative_ISE_0,200,0.033212270466331864,0.0014224030355037293,,,,,,,
cf_rank_one,projected_initial,certified_initial,cumulative_relative_1,200,2.546751590171752,0.04715067753959045,1.0,1.546751590171752,0.04715067753959045,1.6837026381742377,0.06143985859134577,2.834854573794888,0.20689290399860197
cf_rank_one,projected_initial,certified_initial,baseline_relative_ISE_1,200,4.200429694356192,0.349611070580964,,,,,,,
cf_rank_one,projected_initial,certified_initial,prediction_mse,200,0.5949177369639475,0.0038486168396427247,,,,,,,
cf_rank_one,projected_initial,certified_initial,negative_prediction_fraction,200,0.0,0.0,,,,,,,
cf_rank_one,fallback,certified_initial,treatment_0,200,-0.3547157985292011,0.010906107916738047,-0.35,-0.004715798529201062,0.010906107916738047,0.153921842323251,0.0069181509225791585,0.02369193354418375,0.0021297090709473656
cf_rank_one,fallback,certified_initial,FEV10_0,200,-0.17612077084970623,0.0022988703978627204,-0.18,0.0038792291502937498,0.0022988703978627204,0.032660750679190144,0.0014063197836018798,0.0010667246349282196,9.186291965486727e-05
cf_rank_one,fallback,certified_initial,treatment_1,200,0.044605757593520055,0.009098395972921804,0.05,-0.005394242406479946,0.009098395972921804,0.12846197452116223,0.006017833576779705,0.016502478897875733,0.0015461255672257381
cf_rank_one,fallback,certified_initial,FEV10_1,200,0.07551242060418449,0.0018496720515167897,0.08,-0.004487579395815507,0.0018496720515167897,0.026475921547097304,0.001365368937525379,0.0007009744217680514,7.229880174553107e-05
cf_rank_one,fallback,certified_initial,nu0,200,1.5359792633687477,0.023294269553080442,1.8680300111,-0.3320507477312522,0.023294269553080442,0.46716129428409003,0.017979956018548224,0.21823967487718618,0.016799079049592006
cf_rank_one,fallback,certified_initial,nu1,200,0.013384431441143827,0.000806420711340118,0.014191105775,-0.0008066743338561737,0.000806420711340118,0.011404529006183656,0.0023900063740483406,0.00013006328185288438,5.451379403559625e-05
cf_rank_one,fallback,certified_initial,theta,200,-0.12446576091678509,0.0034243412926845177,-0.16281711052096007,0.038351349604174974,0.0034243412926845177,0.06167919066370539,0.003310351270276643,0.003804322560929722,0.0004083595743264648
cf_rank_one,fallback,certified_initial,cumulative_relative_0,200,0.9735234358303427,0.007381424360700169,1.0,-0.026476564169657282,0.007381424360700169,0.1074411845764222,0.005033235967310659,0.011543608143184822,0.0010815536691610229
cf_rank_one,fallback,certified_initial,baseline_relative_ISE_0,200,0.02987677706354686,0.0014492019981941296,,,,,,,
cf_rank_one,fallback,certified_initial,cumulative_relative_1,200,0.9811882030766812,0.009541544960676461,1.0,-0.01881179692331886,0.009541544960676461,0.13590827300267505,0.007144843591652304,0.018471058670569654,0.0019420867068313894
cf_rank_one,fallback,certified_initial,baseline_relative_ISE_1,200,0.04987780450039694,0.00345765198572195,,,,,,,
cf_rank_one,fallback,certified_initial,prediction_mse,200,0.5088147472759034,0.0038384631234679974,,,,,,,
cf_rank_one,fallback,certified_initial,negative_prediction_fraction,200,0.0,0.0,,,,,,,
cf_rank_one,initial,coupled_accepted,treatment_0,200,-0.33902450107521276,0.010566929370208745,-0.35,0.010975498924787228,0.010566929370208745,0.14946839412842122,0.006664943461992158,0.02234080084332906,0.001992396792441376
cf_rank_one,initial,coupled_accepted,FEV10_0,200,-0.16798821262535912,0.002160546308062837,-0.18,0.012011787374640872,0.002160546308062837,0.03275984043674647,0.0012877108041437987,0.0010732071454410891,8.437040094485066e-05
cf_rank_one,initial,coupled_accepted,treatment_1,200,0.047161549690933155,0.012744240541516615,0.05,-0.002838450309066842,0.012744240541516615,0.17980204261682944,0.009221051519475268,0.03232877452918415,0.003315927796553344
cf_rank_one,initial,coupled_accepted,FEV10_1,200,0.09338935680267398,0.002443900151671638,0.08,0.013389356802673972,0.002443900151671638,0.03698421038640818,0.0017570941300287684,0.0013678318179061028,0.00012996947794741365
cf_rank_one,initial,coupled_accepted,nu0,200,0.36331748111865747,0.0018939869808752843,1.8680300111,-1.5047125299813429,0.0018939869808752838,1.5049497161144336,0.0018903227332810642,2.264873648032914,0.005689681321631996
cf_rank_one,initial,coupled_accepted,nu1,200,0.08813809692610888,0.0005874680979734145,0.014191105775,0.07394699115110887,0.0005874680979734145,0.07440991959922641,0.000596125306001995,0.005536836134763339,8.871527218134538e-05
cf_rank_one,initial,coupled_accepted,theta,200,-0.029484007044586476,0.0004815649309120521,-0.16281711052096007,0.1333331034763736,0.0004815649309120521,0.13350605055350684,0.0004849138345317386,0.017823865534395526,0.00012947786181417828
cf_rank_one,initial,coupled_accepted,cumulative_relative_0,200,0.9116631657294891,0.00642789392610054,1.0,-0.08833683427051078,0.00642789392610054,0.1265924268416185,0.005287258511817681,0.016025642533650533,0.001338653772700009
cf_rank_one,initial,coupled_accepted,baseline_relative_ISE_0,200,0.033212270466331864,0.0014224030355037293,,,,,,,
cf_rank_one,initial,coupled_accepted,cumulative_relative_1,200,2.546751590171752,0.04715067753959045,1.0,1.546751590171752,0.04715067753959045,1.6837026381742377,0.06143985859134577,2.834854573794888,0.20689290399860197
cf_rank_one,initial,coupled_accepted,baseline_relative_ISE_1,200,4.200429694356192,0.349611070580964,,,,,,,
cf_rank_one,initial,coupled_accepted,prediction_mse,200,0.5949177369639475,0.0038486168396427247,,,,,,,
cf_rank_one,initial,coupled_accepted,negative_prediction_fraction,200,0.0,0.0,,,,,,,
cf_rank_one,projected_initial,coupled_accepted,treatment_0,200,-0.33902450107521276,0.010566929370208745,-0.35,0.010975498924787228,0.010566929370208745,0.14946839412842122,0.006664943461992158,0.02234080084332906,0.001992396792441376
cf_rank_one,projected_initial,coupled_accepted,FEV10_0,200,-0.16798821262535912,0.002160546308062837,-0.18,0.012011787374640872,0.002160546308062837,0.03275984043674647,0.0012877108041437987,0.0010732071454410891,8.437040094485066e-05
cf_rank_one,projected_initial,coupled_accepted,treatment_1,200,0.047161549690933155,0.012744240541516615,0.05,-0.002838450309066842,0.012744240541516615,0.17980204261682944,0.009221051519475268,0.03232877452918415,0.003315927796553344
cf_rank_one,projected_initial,coupled_accepted,FEV10_1,200,0.09338935680267398,0.002443900151671638,0.08,0.013389356802673972,0.002443900151671638,0.03698421038640818,0.0017570941300287684,0.0013678318179061028,0.00012996947794741365
cf_rank_one,projected_initial,coupled_accepted,nu0,200,0.36331748111865747,0.0018939869808752843,1.8680300111,-1.5047125299813429,0.0018939869808752843,1.5049497161144336,0.001890322733281065,2.264873648032914,0.005689681321631998
cf_rank_one,projected_initial,coupled_accepted,nu1,200,0.08813809692610888,0.0005874680979734144,0.014191105775,0.07394699115110889,0.0005874680979734144,0.07440991959922641,0.000596125306001995,0.005536836134763339,8.871527218134537e-05
cf_rank_one,projected_initial,coupled_accepted,theta,200,-0.029484007044586476,0.00048156493091205217,-0.16281711052096007,0.1333331034763736,0.0004815649309120522,0.13350605055350684,0.0004849138345317386,0.017823865534395526,0.00012947786181417828
cf_rank_one,projected_initial,coupled_accepted,cumulative_relative_0,200,0.9116631657294891,0.00642789392610054,1.0,-0.08833683427051078,0.00642789392610054,0.1265924268416185,0.005287258511817681,0.016025642533650533,0.001338653772700009
cf_rank_one,projected_initial,coupled_accepted,baseline_relative_ISE_0,200,0.033212270466331864,0.0014224030355037293,,,,,,,
cf_rank_one,projected_initial,coupled_accepted,cumulative_relative_1,200,2.546751590171752,0.04715067753959045,1.0,1.546751590171752,0.04715067753959045,1.6837026381742377,0.06143985859134577,2.834854573794888,0.20689290399860197
cf_rank_one,projected_initial,coupled_accepted,baseline_relative_ISE_1,200,4.200429694356192,0.349611070580964,,,,,,,
cf_rank_one,projected_initial,coupled_accepted,prediction_mse,200,0.5949177369639475,0.0038486168396427247,,,,,,,
cf_rank_one,projected_initial,coupled_accepted,negative_prediction_fraction,200,0.0,0.0,,,,,,,
cf_rank_one,coupled,coupled_accepted,treatment_0,200,-0.3547157985292011,0.010906107916738047,-0.35,-0.004715798529201062,0.010906107916738047,0.153921842323251,0.0069181509225791585,0.02369193354418375,0.0021297090709473656
cf_rank_one,coupled,coupled_accepted,FEV10_0,200,-0.17612077084970623,0.0022988703978627204,-0.18,0.0038792291502937498,0.0022988703978627204,0.032660750679190144,0.0014063197836018798,0.0010667246349282196,9.186291965486727e-05
cf_rank_one,coupled,coupled_accepted,treatment_1,200,0.044605757593520055,0.009098395972921804,0.05,-0.005394242406479946,0.009098395972921804,0.12846197452116223,0.006017833576779705,0.016502478897875733,0.0015461255672257381
cf_rank_one,coupled,coupled_accepted,FEV10_1,200,0.07551242060418449,0.0018496720515167897,0.08,-0.004487579395815507,0.0018496720515167897,0.026475921547097304,0.001365368937525379,0.0007009744217680514,7.229880174553107e-05
cf_rank_one,coupled,coupled_accepted,nu0,200,1.5359792633687477,0.023294269553080442,1.8680300111,-0.3320507477312522,0.023294269553080442,0.46716129428409003,0.017979956018548224,0.21823967487718618,0.016799079049592006
cf_rank_one,coupled,coupled_accepted,nu1,200,0.013384431441143827,0.000806420711340118,0.014191105775,-0.0008066743338561737,0.000806420711340118,0.011404529006183656,0.0023900063740483406,0.00013006328185288438,5.451379403559625e-05
cf_rank_one,coupled,coupled_accepted,theta,200,-0.12446576091678509,0.0034243412926845177,-0.16281711052096007,0.038351349604174974,0.0034243412926845177,0.06167919066370539,0.003310351270276643,0.003804322560929722,0.0004083595743264648
cf_rank_one,coupled,coupled_accepted,cumulative_relative_0,200,0.9735234358303427,0.007381424360700169,1.0,-0.026476564169657282,0.007381424360700169,0.1074411845764222,0.005033235967310659,0.011543608143184822,0.0010815536691610229
cf_rank_one,coupled,coupled_accepted,baseline_relative_ISE_0,200,0.02987677706354686,0.0014492019981941296,,,,,,,
cf_rank_one,coupled,coupled_accepted,cumulative_relative_1,200,0.9811882030766812,0.009541544960676461,1.0,-0.01881179692331886,0.009541544960676461,0.13590827300267505,0.007144843591652304,0.018471058670569654,0.0019420867068313894
cf_rank_one,coupled,coupled_accepted,baseline_relative_ISE_1,200,0.04987780450039694,0.00345765198572195,,,,,,,
cf_rank_one,coupled,coupled_accepted,prediction_mse,200,0.5088147472759034,0.0038384631234679974,,,,,,,
cf_rank_one,coupled,coupled_accepted,negative_prediction_fraction,200,0.0,0.0,,,,,,,
cf_law_alt,initial,certified_initial,treatment_0,100,-0.3612938523959729,0.01276602913930754,-0.35,-0.011293852395972994,0.01276602913930754,0.12752148681897219,0.010401699615063547,0.0162617296005213,0.0026528804007144684
cf_law_alt,initial,certified_initial,FEV10_0,100,-0.1912805980187653,0.0028032498993321798,-0.18,-0.011280598018765353,0.0028032498993321798,0.03008678582822457,0.002314358354911152,0.0009052146814734548,0.00013926320830794794
cf_law_alt,initial,certified_initial,treatment_1,100,0.09480995397900716,0.016935495350393952,0.05,0.044809953979007125,0.016935495350393952,0.17436232749409786,0.011804782145070669,0.03040222124915903,0.004116618580750582
cf_law_alt,initial,certified_initial,FEV10_1,100,0.10409122185156455,0.0031498883961219616,0.08,0.02409122185156454,0.0031498883961219616,0.03953030311287349,0.0026549045536615325,0.0015626448641956558,0.00020989836348397697
cf_law_alt,initial,certified_initial,nu0,100,0.28739094266882204,0.0016426410836607788,0.4,-0.11260905733117797,0.0016426410836607788,0.113788964738501,0.0016348205188943588,0.012947928496259824,0.0003720490687564962
cf_law_alt,initial,certified_initial,nu1,100,0.11242105040219483,0.0009083103381691867,0.06,0.052421050402194816,0.0009083103381691867,0.05319440068880866,0.0009166255410829103,0.002829644264641527,9.751869262792074e-05
cf_law_alt,initial,certified_initial,theta,100,-0.01412750929588231,0.0005293952399050607,-0.03,0.015872490704117687,0.0005293952399050607,0.01672368481632209,0.00054757479945017,0.000279681633835682,1.8314936718730842e-05
cf_law_alt,initial,certified_initial,cumulative_relative_0,100,1.0884564144563174,0.009408738950529395,1.0,0.08845641445631752,0.009408738950529393,0.12879615581898982,0.010397902382538262,0.016588449753749502,0.002678419710904087
cf_law_alt,initial,certified_initial,baseline_relative_ISE_0,100,0.04903077928936342,0.0036970602903894966,,,,,,,
cf_law_alt,initial,certified_initial,cumulative_relative_1,100,3.1289260156598444,0.07621592516694065,1.0,2.128926015659845,0.07621592516694065,2.2599566008685916,0.09067739455927686,5.107403837809518,0.4098539527676069
cf_law_alt,initial,certified_initial,baseline_relative_ISE_1,100,7.460498114549487,0.7484582538113318,,,,,,,
cf_law_alt,initial,certified_initial,prediction_mse,100,0.27094995880062994,0.0013871622264748002,,,,,,,
cf_law_alt,initial,certified_initial,negative_prediction_fraction,100,0.0,0.0,,,,,,,
cf_law_alt,projected_initial,certified_initial,treatment_0,100,-0.3612938523959729,0.01276602913930754,-0.35,-0.011293852395972994,0.01276602913930754,0.12752148681897219,0.010401699615063547,0.0162617296005213,0.0026528804007144684
cf_law_alt,projected_initial,certified_initial,FEV10_0,100,-0.1912805980187653,0.0028032498993321798,-0.18,-0.011280598018765353,0.0028032498993321798,0.03008678582822457,0.002314358354911152,0.0009052146814734548,0.00013926320830794794
cf_law_alt,projected_initial,certified_initial,treatment_1,100,0.09480995397900716,0.016935495350393952,0.05,0.044809953979007125,0.016935495350393952,0.17436232749409786,0.011804782145070669,0.03040222124915903,0.004116618580750582
cf_law_alt,projected_initial,certified_initial,FEV10_1,100,0.10409122185156455,0.0031498883961219616,0.08,0.02409122185156454,0.0031498883961219616,0.03953030311287349,0.0026549045536615325,0.0015626448641956558,0.00020989836348397697
cf_law_alt,projected_initial,certified_initial,nu0,100,0.28739094266882204,0.0016426410836607782,0.4,-0.11260905733117799,0.0016426410836607782,0.11378896473850099,0.0016348205188943586,0.012947928496259822,0.0003720490687564961
cf_law_alt,projected_initial,certified_initial,nu1,100,0.11242105040219481,0.0009083103381691864,0.06,0.05242105040219482,0.0009083103381691864,0.05319440068880866,0.0009166255410829099,0.002829644264641527,9.751869262792071e-05
cf_law_alt,projected_initial,certified_initial,theta,100,-0.01412750929588231,0.0005293952399050607,-0.03,0.015872490704117687,0.0005293952399050607,0.016723684816322085,0.0005475747994501701,0.0002796816338356819,1.8314936718730842e-05
cf_law_alt,projected_initial,certified_initial,cumulative_relative_0,100,1.0884564144563174,0.009408738950529395,1.0,0.08845641445631752,0.009408738950529393,0.12879615581898982,0.010397902382538262,0.016588449753749502,0.002678419710904087
cf_law_alt,projected_initial,certified_initial,baseline_relative_ISE_0,100,0.04903077928936342,0.0036970602903894966,,,,,,,
cf_law_alt,projected_initial,certified_initial,cumulative_relative_1,100,3.1289260156598444,0.07621592516694065,1.0,2.128926015659845,0.07621592516694065,2.2599566008685916,0.09067739455927686,5.107403837809518,0.4098539527676069
cf_law_alt,projected_initial,certified_initial,baseline_relative_ISE_1,100,7.460498114549487,0.7484582538113318,,,,,,,
cf_law_alt,projected_initial,certified_initial,prediction_mse,100,0.27094995880062994,0.0013871622264748002,,,,,,,
cf_law_alt,projected_initial,certified_initial,negative_prediction_fraction,100,0.0,0.0,,,,,,,
cf_law_alt,fallback,certified_initial,treatment_0,100,-0.3386497279487141,0.012235736900715432,-0.35,0.011350272051285838,0.012235736900715432,0.12227199666517105,0.009845041239422895,0.0149504411684876,0.0024075456991903754
cf_law_alt,fallback,certified_initial,FEV10_0,100,-0.17972610580305656,0.0026199410477806715,-0.18,0.0002738941969434805,0.0026199410477806715,0.026069523131846534,0.0017685151374272918,0.0006796200363218815,9.220869256836307e-05
cf_law_alt,fallback,certified_initial,treatment_1,100,0.052419754925553085,0.012775279563636855,0.05,0.002419754925553079,0.012775279563636855,0.1271354562617306,0.009143265076892516,0.01616342423887841,0.0023248663545453545
cf_law_alt,fallback,certified_initial,FEV10_1,100,0.07598084971891161,0.002429829712114191,0.08,-0.004019150281088386,0.002429829712114191,0.024508299401210874,0.0013975033601874884,0.0006006567395393934,6.850086153134641e-05
cf_law_alt,fallback,certified_initial,nu0,100,0.3234322795326899,0.012025834401846675,0.4,-0.0765677204673102,0.012025834401846675,0.14205655363468245,0.007034087132691263,0.020180064430563412,0.001998476352072372
cf_law_alt,fallback,certified_initial,nu1,100,0.04085997236064218,0.00558437195267225,0.06,-0.01914002763935782,0.00558437195267225,0.058767988382356924,0.007291806810430554,0.0034536764585088382,0.0008570496358435478
cf_law_alt,fallback,certified_initial,theta,100,-0.005449449831470133,0.006128412783047221,-0.03,0.024550550168529868,0.006128412783047221,0.06573367777843976,0.006664146486473423,0.0043209163942797444,0.0008761177156203309
cf_law_alt,fallback,certified_initial,cumulative_relative_0,100,0.9922677588620621,0.008113618497572231,1.0,-0.007732241137937879,0.008113618497572231,0.08109893501338782,0.006831902373283612,0.006577037260305701,0.0011081200131774754
cf_law_alt,fallback,certified_initial,baseline_relative_ISE_0,100,0.02019870191418722,0.0013761253610903314,,,,,,,
cf_law_alt,fallback,certified_initial,cumulative_relative_1,100,0.9206327946498996,0.01258351102723342,1.0,-0.0793672053501004,0.01258351102723342,0.1482406270647929,0.010623686526482786,0.02197528351256301,0.0031497239048511997
cf_law_alt,fallback,certified_initial,baseline_relative_ISE_1,100,0.051891650299074374,0.004177456733309855,,,,,,,
cf_law_alt,fallback,certified_initial,prediction_mse,100,0.19843128111761776,0.0011546907242210014,,,,,,,
cf_law_alt,fallback,certified_initial,negative_prediction_fraction,100,0.0,0.0,,,,,,,
cf_law_alt,initial,coupled_accepted,treatment_0,100,-0.3612938523959729,0.01276602913930754,-0.35,-0.011293852395972994,0.01276602913930754,0.12752148681897219,0.010401699615063547,0.0162617296005213,0.0026528804007144684
cf_law_alt,initial,coupled_accepted,FEV10_0,100,-0.1912805980187653,0.0028032498993321798,-0.18,-0.011280598018765353,0.0028032498993321798,0.03008678582822457,0.002314358354911152,0.0009052146814734548,0.00013926320830794794
cf_law_alt,initial,coupled_accepted,treatment_1,100,0.09480995397900716,0.016935495350393952,0.05,0.044809953979007125,0.016935495350393952,0.17436232749409786,0.011804782145070669,0.03040222124915903,0.004116618580750582
cf_law_alt,initial,coupled_accepted,FEV10_1,100,0.10409122185156455,0.0031498883961219616,0.08,0.02409122185156454,0.0031498883961219616,0.03953030311287349,0.0026549045536615325,0.0015626448641956558,0.00020989836348397697
cf_law_alt,initial,coupled_accepted,nu0,100,0.28739094266882204,0.0016426410836607788,0.4,-0.11260905733117797,0.0016426410836607788,0.113788964738501,0.0016348205188943588,0.012947928496259824,0.0003720490687564962
cf_law_alt,initial,coupled_accepted,nu1,100,0.11242105040219483,0.0009083103381691867,0.06,0.052421050402194816,0.0009083103381691867,0.05319440068880866,0.0009166255410829103,0.002829644264641527,9.751869262792074e-05
cf_law_alt,initial,coupled_accepted,theta,100,-0.01412750929588231,0.0005293952399050607,-0.03,0.015872490704117687,0.0005293952399050607,0.01672368481632209,0.00054757479945017,0.000279681633835682,1.8314936718730842e-05
cf_law_alt,initial,coupled_accepted,cumulative_relative_0,100,1.0884564144563174,0.009408738950529395,1.0,0.08845641445631752,0.009408738950529393,0.12879615581898982,0.010397902382538262,0.016588449753749502,0.002678419710904087
cf_law_alt,initial,coupled_accepted,baseline_relative_ISE_0,100,0.04903077928936342,0.0036970602903894966,,,,,,,
cf_law_alt,initial,coupled_accepted,cumulative_relative_1,100,3.1289260156598444,0.07621592516694065,1.0,2.128926015659845,0.07621592516694065,2.2599566008685916,0.09067739455927686,5.107403837809518,0.4098539527676069
cf_law_alt,initial,coupled_accepted,baseline_relative_ISE_1,100,7.460498114549487,0.7484582538113318,,,,,,,
cf_law_alt,initial,coupled_accepted,prediction_mse,100,0.27094995880062994,0.0013871622264748002,,,,,,,
cf_law_alt,initial,coupled_accepted,negative_prediction_fraction,100,0.0,0.0,,,,,,,
cf_law_alt,projected_initial,coupled_accepted,treatment_0,100,-0.3612938523959729,0.01276602913930754,-0.35,-0.011293852395972994,0.01276602913930754,0.12752148681897219,0.010401699615063547,0.0162617296005213,0.0026528804007144684
cf_law_alt,projected_initial,coupled_accepted,FEV10_0,100,-0.1912805980187653,0.0028032498993321798,-0.18,-0.011280598018765353,0.0028032498993321798,0.03008678582822457,0.002314358354911152,0.0009052146814734548,0.00013926320830794794
cf_law_alt,projected_initial,coupled_accepted,treatment_1,100,0.09480995397900716,0.016935495350393952,0.05,0.044809953979007125,0.016935495350393952,0.17436232749409786,0.011804782145070669,0.03040222124915903,0.004116618580750582
cf_law_alt,projected_initial,coupled_accepted,FEV10_1,100,0.10409122185156455,0.0031498883961219616,0.08,0.02409122185156454,0.0031498883961219616,0.03953030311287349,0.0026549045536615325,0.0015626448641956558,0.00020989836348397697
cf_law_alt,projected_initial,coupled_accepted,nu0,100,0.28739094266882204,0.0016426410836607782,0.4,-0.11260905733117799,0.0016426410836607782,0.11378896473850099,0.0016348205188943586,0.012947928496259822,0.0003720490687564961
cf_law_alt,projected_initial,coupled_accepted,nu1,100,0.11242105040219481,0.0009083103381691864,0.06,0.05242105040219482,0.0009083103381691864,0.05319440068880866,0.0009166255410829099,0.002829644264641527,9.751869262792071e-05
cf_law_alt,projected_initial,coupled_accepted,theta,100,-0.01412750929588231,0.0005293952399050607,-0.03,0.015872490704117687,0.0005293952399050607,0.016723684816322085,0.0005475747994501701,0.0002796816338356819,1.8314936718730842e-05
cf_law_alt,projected_initial,coupled_accepted,cumulative_relative_0,100,1.0884564144563174,0.009408738950529395,1.0,0.08845641445631752,0.009408738950529393,0.12879615581898982,0.010397902382538262,0.016588449753749502,0.002678419710904087
cf_law_alt,projected_initial,coupled_accepted,baseline_relative_ISE_0,100,0.04903077928936342,0.0036970602903894966,,,,,,,
cf_law_alt,projected_initial,coupled_accepted,cumulative_relative_1,100,3.1289260156598444,0.07621592516694065,1.0,2.128926015659845,0.07621592516694065,2.2599566008685916,0.09067739455927686,5.107403837809518,0.4098539527676069
cf_law_alt,projected_initial,coupled_accepted,baseline_relative_ISE_1,100,7.460498114549487,0.7484582538113318,,,,,,,
cf_law_alt,projected_initial,coupled_accepted,prediction_mse,100,0.27094995880062994,0.0013871622264748002,,,,,,,
cf_law_alt,projected_initial,coupled_accepted,negative_prediction_fraction,100,0.0,0.0,,,,,,,
cf_law_alt,coupled,coupled_accepted,treatment_0,100,-0.3386497279487141,0.012235736900715432,-0.35,0.011350272051285838,0.012235736900715432,0.12227199666517105,0.009845041239422895,0.0149504411684876,0.0024075456991903754
cf_law_alt,coupled,coupled_accepted,FEV10_0,100,-0.17972610580305656,0.0026199410477806715,-0.18,0.0002738941969434805,0.0026199410477806715,0.026069523131846534,0.0017685151374272918,0.0006796200363218815,9.220869256836307e-05
cf_law_alt,coupled,coupled_accepted,treatment_1,100,0.052419754925553085,0.012775279563636855,0.05,0.002419754925553079,0.012775279563636855,0.1271354562617306,0.009143265076892516,0.01616342423887841,0.0023248663545453545
cf_law_alt,coupled,coupled_accepted,FEV10_1,100,0.07598084971891161,0.002429829712114191,0.08,-0.004019150281088386,0.002429829712114191,0.024508299401210874,0.0013975033601874884,0.0006006567395393934,6.850086153134641e-05
cf_law_alt,coupled,coupled_accepted,nu0,100,0.3234322795326899,0.012025834401846675,0.4,-0.0765677204673102,0.012025834401846675,0.14205655363468245,0.007034087132691263,0.020180064430563412,0.001998476352072372
cf_law_alt,coupled,coupled_accepted,nu1,100,0.04085997236064218,0.00558437195267225,0.06,-0.01914002763935782,0.00558437195267225,0.058767988382356924,0.007291806810430554,0.0034536764585088382,0.0008570496358435478
cf_law_alt,coupled,coupled_accepted,theta,100,-0.005449449831470133,0.006128412783047221,-0.03,0.024550550168529868,0.006128412783047221,0.06573367777843976,0.006664146486473423,0.0043209163942797444,0.0008761177156203309
cf_law_alt,coupled,coupled_accepted,cumulative_relative_0,100,0.9922677588620621,0.008113618497572231,1.0,-0.007732241137937879,0.008113618497572231,0.08109893501338782,0.006831902373283612,0.006577037260305701,0.0011081200131774754
cf_law_alt,coupled,coupled_accepted,baseline_relative_ISE_0,100,0.02019870191418722,0.0013761253610903314,,,,,,,
cf_law_alt,coupled,coupled_accepted,cumulative_relative_1,100,0.9206327946498996,0.01258351102723342,1.0,-0.0793672053501004,0.01258351102723342,0.1482406270647929,0.010623686526482786,0.02197528351256301,0.0031497239048511997
cf_law_alt,coupled,coupled_accepted,baseline_relative_ISE_1,100,0.051891650299074374,0.004177456733309855,,,,,,,
cf_law_alt,coupled,coupled_accepted,prediction_mse,100,0.19843128111761776,0.0011546907242210014,,,,,,,
cf_law_alt,coupled,coupled_accepted,negative_prediction_fraction,100,0.0,0.0,,,,,,,
cf_censor_uniform,initial,certified_initial,treatment_0,100,-0.3583240495327166,0.013417411928952095,-0.35,-0.008324049532716744,0.013417411928952096,0.13376082066461215,0.009556296354245415,0.017891957144870532,0.002556516085716216
cf_censor_uniform,initial,certified_initial,FEV10_0,100,-0.18862235060111288,0.0026976510468539328,-0.18,-0.008622350601112848,0.0026976510468539328,0.028192192638692205,0.0023820643882000126,0.000794799725777131,0.0001343112362198065
cf_censor_uniform,initial,certified_initial,treatment_1,100,0.10906833465325344,0.018810430637001087,0.05,0.059068334653253424,0.018810430637001087,0.1962612186166748,0.012708867228205122,0.03851846593290222,0.004988515538890119
cf_censor_uniform,initial,certified_initial,FEV10_1,100,0.10807220358717178,0.0035200368021695997,0.08,0.028072203587171763,0.0035200368021695997,0.04488567548799761,0.003271381576502141,0.002014723864013829,0.00029367634368057823
cf_censor_uniform,initial,certified_initial,nu0,100,0.2505491511597908,0.0016311418800363977,0.4,-0.1494508488402092,0.0016311418800363977,0.1503294980318471,0.001655650999428808,0.02259895797850712,0.0004977863673201173
cf_censor_uniform,initial,certified_initial,nu1,100,0.09275417044716922,0.0007336400145083342,0.06,0.032754170447169224,0.0007336400145083342,0.033557714777679735,0.0007190765046633729,0.0011261202211001048,4.8261128493648716e-05
cf_censor_uniform,initial,certified_initial,theta,100,-0.009014204826361795,0.0005152797535258556,-0.03,0.020985795173638203,0.0005152797535258555,0.021602995354461137,0.0005137954335787124,0.00046668940828486946,2.2199040729488537e-05
cf_censor_uniform,initial,certified_initial,cumulative_relative_0,100,1.129947411661287,0.014661267852056783,1.0,0.12994741166128712,0.014661267852056783,0.19536287908764458,0.013999985344484335,0.03816665452541364,0.005470154888166578
cf_censor_uniform,initial,certified_initial,baseline_relative_ISE_0,100,0.09441391382447993,0.011134810563375206,,,,,,,
cf_censor_uniform,initial,certified_initial,cumulative_relative_1,100,3.7409826839399587,0.11775869742352733,1.0,2.740982683939958,0.11775869742352733,2.980910942099478,0.13468681878144223,8.885830044728399,0.8029788237243414
cf_censor_uniform,initial,certified_initial,baseline_relative_ISE_1,100,13.714647403969133,1.333998933570005,,,,,,,
cf_censor_uniform,initial,certified_initial,prediction_mse,100,0.269297627318348,0.001082544832620496,,,,,,,
cf_censor_uniform,initial,certified_initial,negative_prediction_fraction,100,0.0,0.0,,,,,,,
cf_censor_uniform,projected_initial,certified_initial,treatment_0,100,-0.3583240495327166,0.013417411928952095,-0.35,-0.008324049532716744,0.013417411928952096,0.13376082066461215,0.009556296354245415,0.017891957144870532,0.002556516085716216
cf_censor_uniform,projected_initial,certified_initial,FEV10_0,100,-0.18862235060111288,0.0026976510468539328,-0.18,-0.008622350601112848,0.0026976510468539328,0.028192192638692205,0.0023820643882000126,0.000794799725777131,0.0001343112362198065
cf_censor_uniform,projected_initial,certified_initial,treatment_1,100,0.10906833465325344,0.018810430637001087,0.05,0.059068334653253424,0.018810430637001087,0.1962612186166748,0.012708867228205122,0.03851846593290222,0.004988515538890119
cf_censor_uniform,projected_initial,certified_initial,FEV10_1,100,0.10807220358717178,0.0035200368021695997,0.08,0.028072203587171763,0.0035200368021695997,0.04488567548799761,0.003271381576502141,0.002014723864013829,0.00029367634368057823
cf_censor_uniform,projected_initial,certified_initial,nu0,100,0.25054915115979076,0.0016311418800363977,0.4,-0.1494508488402092,0.0016311418800363977,0.1503294980318471,0.0016556509994288076,0.022598957978507115,0.0004977863673201172
cf_censor_uniform,projected_initial,certified_initial,nu1,100,0.09275417044716922,0.0007336400145083342,0.06,0.032754170447169224,0.0007336400145083342,0.033557714777679735,0.000719076504663373,0.0011261202211001048,4.826112849364872e-05
cf_censor_uniform,projected_initial,certified_initial,theta,100,-0.009014204826361795,0.0005152797535258556,-0.03,0.020985795173638203,0.0005152797535258555,0.021602995354461137,0.0005137954335787124,0.0004666894082848695,2.2199040729488537e-05
cf_censor_uniform,projected_initial,certified_initial,cumulative_relative_0,100,1.129947411661287,0.014661267852056783,1.0,0.12994741166128712,0.014661267852056783,0.19536287908764458,0.013999985344484335,0.03816665452541364,0.005470154888166578
cf_censor_uniform,projected_initial,certified_initial,baseline_relative_ISE_0,100,0.09441391382447993,0.011134810563375206,,,,,,,
cf_censor_uniform,projected_initial,certified_initial,cumulative_relative_1,100,3.7409826839399587,0.11775869742352733,1.0,2.740982683939958,0.11775869742352733,2.980910942099478,0.13468681878144223,8.885830044728399,0.8029788237243414
cf_censor_uniform,projected_initial,certified_initial,baseline_relative_ISE_1,100,13.714647403969133,1.333998933570005,,,,,,,
cf_censor_uniform,projected_initial,certified_initial,prediction_mse,100,0.269297627318348,0.001082544832620496,,,,,,,
cf_censor_uniform,projected_initial,certified_initial,negative_prediction_fraction,100,0.0,0.0,,,,,,,
cf_censor_uniform,fallback,certified_initial,treatment_0,100,-0.33633893832701894,0.01256709667841099,-0.35,0.013661061672981032,0.01256709667841099,0.12578507296003497,0.009169779832429616,0.015821884579561317,0.002306842850499233
cf_censor_uniform,fallback,certified_initial,FEV10_0,100,-0.17758592077919944,0.002516207261594816,-0.18,0.0024140792208005722,0.0025162072615948165,0.025152065080848673,0.001760471686566251,0.0006326263778312471,8.855899686701153e-05
cf_censor_uniform,fallback,certified_initial,treatment_1,100,0.07708102526286882,0.014480448215233824,0.05,0.027081025262868822,0.014480448215233824,0.14660162550320138,0.010308302808714176,0.021492036600180908,0.003022427895873429
cf_censor_uniform,fallback,certified_initial,FEV10_1,100,0.08136243863037024,0.0029406141686076715,0.08,0.0013624386303702448,0.0029406141686076715,0.029290445476204824,0.0019202600111319066,0.0008579301961945276,0.00011249054231239116
cf_censor_uniform,fallback,certified_initial,nu0,100,0.33424918095523026,0.015270626256612773,0.4,-0.06575081904476975,0.015270626256612773,0.16555718288767796,0.009812075818760773,0.02740918080570405,0.003248919261668679
cf_censor_uniform,fallback,certified_initial,nu1,100,0.05533861532844551,0.007508072847094979,0.06,-0.0046613846715544945,0.007508072847094979,0.07484967025249617,0.010826981092457309,0.005602473136907411,0.0016207919292008806
cf_censor_uniform,fallback,certified_initial,theta,100,0.03019225623481515,0.008968453314400977,-0.03,0.060192256234815146,0.008968453314400977,0.10763823689119051,0.010176976221772837,0.011585990041044046,0.002190863554790395
cf_censor_uniform,fallback,certified_initial,cumulative_relative_0,100,0.9953236685579172,0.011442381893918278,1.0,-0.004676331442082848,0.011442381893918278,0.11394626063621759,0.009394687310530872,0.012983750312976829,0.0021409789777630337
cf_censor_uniform,fallback,certified_initial,baseline_relative_ISE_0,100,0.03872420613281831,0.004003290151908575,,,,,,,
cf_censor_uniform,fallback,certified_initial,cumulative_relative_1,100,0.9367868830791867,0.012856111198182982,1.0,-0.06321311692081318,0.012856111198182982,0.1426834891278908,0.00922384217646106,0.020358578069708935,0.002632179969804925
cf_censor_uniform,fallback,certified_initial,baseline_relative_ISE_1,100,0.06252239767009074,0.0059421288485672265,,,,,,,
cf_censor_uniform,fallback,certified_initial,prediction_mse,100,0.20798113929019077,0.001032067291448226,,,,,,,
cf_censor_uniform,fallback,certified_initial,negative_prediction_fraction,100,0.0,0.0,,,,,,,
cf_censor_uniform,initial,coupled_accepted,treatment_0,100,-0.3583240495327166,0.013417411928952095,-0.35,-0.008324049532716744,0.013417411928952096,0.13376082066461215,0.009556296354245415,0.017891957144870532,0.002556516085716216
cf_censor_uniform,initial,coupled_accepted,FEV10_0,100,-0.18862235060111288,0.0026976510468539328,-0.18,-0.008622350601112848,0.0026976510468539328,0.028192192638692205,0.0023820643882000126,0.000794799725777131,0.0001343112362198065
cf_censor_uniform,initial,coupled_accepted,treatment_1,100,0.10906833465325344,0.018810430637001087,0.05,0.059068334653253424,0.018810430637001087,0.1962612186166748,0.012708867228205122,0.03851846593290222,0.004988515538890119
cf_censor_uniform,initial,coupled_accepted,FEV10_1,100,0.10807220358717178,0.0035200368021695997,0.08,0.028072203587171763,0.0035200368021695997,0.04488567548799761,0.003271381576502141,0.002014723864013829,0.00029367634368057823
cf_censor_uniform,initial,coupled_accepted,nu0,100,0.2505491511597908,0.0016311418800363977,0.4,-0.1494508488402092,0.0016311418800363977,0.1503294980318471,0.001655650999428808,0.02259895797850712,0.0004977863673201173
cf_censor_uniform,initial,coupled_accepted,nu1,100,0.09275417044716922,0.0007336400145083342,0.06,0.032754170447169224,0.0007336400145083342,0.033557714777679735,0.0007190765046633729,0.0011261202211001048,4.8261128493648716e-05
cf_censor_uniform,initial,coupled_accepted,theta,100,-0.009014204826361795,0.0005152797535258556,-0.03,0.020985795173638203,0.0005152797535258555,0.021602995354461137,0.0005137954335787124,0.00046668940828486946,2.2199040729488537e-05
cf_censor_uniform,initial,coupled_accepted,cumulative_relative_0,100,1.129947411661287,0.014661267852056783,1.0,0.12994741166128712,0.014661267852056783,0.19536287908764458,0.013999985344484335,0.03816665452541364,0.005470154888166578
cf_censor_uniform,initial,coupled_accepted,baseline_relative_ISE_0,100,0.09441391382447993,0.011134810563375206,,,,,,,
cf_censor_uniform,initial,coupled_accepted,cumulative_relative_1,100,3.7409826839399587,0.11775869742352733,1.0,2.740982683939958,0.11775869742352733,2.980910942099478,0.13468681878144223,8.885830044728399,0.8029788237243414
cf_censor_uniform,initial,coupled_accepted,baseline_relative_ISE_1,100,13.714647403969133,1.333998933570005,,,,,,,
cf_censor_uniform,initial,coupled_accepted,prediction_mse,100,0.269297627318348,0.001082544832620496,,,,,,,
cf_censor_uniform,initial,coupled_accepted,negative_prediction_fraction,100,0.0,0.0,,,,,,,
cf_censor_uniform,projected_initial,coupled_accepted,treatment_0,100,-0.3583240495327166,0.013417411928952095,-0.35,-0.008324049532716744,0.013417411928952096,0.13376082066461215,0.009556296354245415,0.017891957144870532,0.002556516085716216
cf_censor_uniform,projected_initial,coupled_accepted,FEV10_0,100,-0.18862235060111288,0.0026976510468539328,-0.18,-0.008622350601112848,0.0026976510468539328,0.028192192638692205,0.0023820643882000126,0.000794799725777131,0.0001343112362198065
cf_censor_uniform,projected_initial,coupled_accepted,treatment_1,100,0.10906833465325344,0.018810430637001087,0.05,0.059068334653253424,0.018810430637001087,0.1962612186166748,0.012708867228205122,0.03851846593290222,0.004988515538890119
cf_censor_uniform,projected_initial,coupled_accepted,FEV10_1,100,0.10807220358717178,0.0035200368021695997,0.08,0.028072203587171763,0.0035200368021695997,0.04488567548799761,0.003271381576502141,0.002014723864013829,0.00029367634368057823
cf_censor_uniform,projected_initial,coupled_accepted,nu0,100,0.25054915115979076,0.0016311418800363977,0.4,-0.1494508488402092,0.0016311418800363977,0.1503294980318471,0.0016556509994288076,0.022598957978507115,0.0004977863673201172
cf_censor_uniform,projected_initial,coupled_accepted,nu1,100,0.09275417044716922,0.0007336400145083342,0.06,0.032754170447169224,0.0007336400145083342,0.033557714777679735,0.000719076504663373,0.0011261202211001048,4.826112849364872e-05
cf_censor_uniform,projected_initial,coupled_accepted,theta,100,-0.009014204826361795,0.0005152797535258556,-0.03,0.020985795173638203,0.0005152797535258555,0.021602995354461137,0.0005137954335787124,0.0004666894082848695,2.2199040729488537e-05
cf_censor_uniform,projected_initial,coupled_accepted,cumulative_relative_0,100,1.129947411661287,0.014661267852056783,1.0,0.12994741166128712,0.014661267852056783,0.19536287908764458,0.013999985344484335,0.03816665452541364,0.005470154888166578
cf_censor_uniform,projected_initial,coupled_accepted,baseline_relative_ISE_0,100,0.09441391382447993,0.011134810563375206,,,,,,,
cf_censor_uniform,projected_initial,coupled_accepted,cumulative_relative_1,100,3.7409826839399587,0.11775869742352733,1.0,2.740982683939958,0.11775869742352733,2.980910942099478,0.13468681878144223,8.885830044728399,0.8029788237243414
cf_censor_uniform,projected_initial,coupled_accepted,baseline_relative_ISE_1,100,13.714647403969133,1.333998933570005,,,,,,,
cf_censor_uniform,projected_initial,coupled_accepted,prediction_mse,100,0.269297627318348,0.001082544832620496,,,,,,,
cf_censor_uniform,projected_initial,coupled_accepted,negative_prediction_fraction,100,0.0,0.0,,,,,,,
cf_censor_uniform,coupled,coupled_accepted,treatment_0,100,-0.33633893832701894,0.01256709667841099,-0.35,0.013661061672981032,0.01256709667841099,0.12578507296003497,0.009169779832429616,0.015821884579561317,0.002306842850499233
cf_censor_uniform,coupled,coupled_accepted,FEV10_0,100,-0.17758592077919944,0.002516207261594816,-0.18,0.0024140792208005722,0.0025162072615948165,0.025152065080848673,0.001760471686566251,0.0006326263778312471,8.855899686701153e-05
cf_censor_uniform,coupled,coupled_accepted,treatment_1,100,0.07708102526286882,0.014480448215233824,0.05,0.027081025262868822,0.014480448215233824,0.14660162550320138,0.010308302808714176,0.021492036600180908,0.003022427895873429
cf_censor_uniform,coupled,coupled_accepted,FEV10_1,100,0.08136243863037024,0.0029406141686076715,0.08,0.0013624386303702448,0.0029406141686076715,0.029290445476204824,0.0019202600111319066,0.0008579301961945276,0.00011249054231239116
cf_censor_uniform,coupled,coupled_accepted,nu0,100,0.33424918095523026,0.015270626256612773,0.4,-0.06575081904476975,0.015270626256612773,0.16555718288767796,0.009812075818760773,0.02740918080570405,0.003248919261668679
cf_censor_uniform,coupled,coupled_accepted,nu1,100,0.05533861532844551,0.007508072847094979,0.06,-0.0046613846715544945,0.007508072847094979,0.07484967025249617,0.010826981092457309,0.005602473136907411,0.0016207919292008806
cf_censor_uniform,coupled,coupled_accepted,theta,100,0.03019225623481515,0.008968453314400977,-0.03,0.060192256234815146,0.008968453314400977,0.10763823689119051,0.010176976221772837,0.011585990041044046,0.002190863554790395
cf_censor_uniform,coupled,coupled_accepted,cumulative_relative_0,100,0.9953236685579172,0.011442381893918278,1.0,-0.004676331442082848,0.011442381893918278,0.11394626063621759,0.009394687310530872,0.012983750312976829,0.0021409789777630337
cf_censor_uniform,coupled,coupled_accepted,baseline_relative_ISE_0,100,0.03872420613281831,0.004003290151908575,,,,,,,
cf_censor_uniform,coupled,coupled_accepted,cumulative_relative_1,100,0.9367868830791867,0.012856111198182982,1.0,-0.06321311692081318,0.012856111198182982,0.1426834891278908,0.00922384217646106,0.020358578069708935,0.002632179969804925
cf_censor_uniform,coupled,coupled_accepted,baseline_relative_ISE_1,100,0.06252239767009074,0.0059421288485672265,,,,,,,
cf_censor_uniform,coupled,coupled_accepted,prediction_mse,100,0.20798113929019077,0.001032067291448226,,,,,,,
cf_censor_uniform,coupled,coupled_accepted,negative_prediction_fraction,100,0.0,0.0,,,,,,,
cf_dynamic,initial,certified_initial,treatment_0,100,-0.38876489961107974,0.013623945983449742,-0.35,-0.03876489961107979,0.013623945983449742,0.140990410857238,0.010543388707830339,0.019878295953692778,0.0029730334114891266
cf_dynamic,initial,certified_initial,FEV10_0,100,-0.1893243426511805,0.0029312085986791135,-0.18,-0.009324342651180532,0.0029312085986791135,0.030619434464481725,0.0022210056893881085,0.0009375497669246913,0.00013601187630292048
cf_dynamic,initial,certified_initial,measured_z_0,100,0.26417839693494855,0.011586245752972757,0.25,0.014178396934948576,0.011586245752972757,0.11615031172504277,0.007843745616988147,0.013490894913824608,0.0018221069970102226
cf_dynamic,initial,certified_initial,treatment_1,100,0.10267089709781513,0.015768601124717386,0.05,0.05267089709781508,0.015768601124717386,0.1655006125750054,0.010505241021345164,0.027390452762702036,0.0034772476485613996
cf_dynamic,initial,certified_initial,FEV10_1,100,0.10049085581681105,0.0032837541878315696,0.08,0.02049085581681104,0.0032837541878315696,0.038566776986797516,0.00238926177967425,0.0014873962871493746,0.00018429225243955146
cf_dynamic,initial,certified_initial,measured_z_1,100,-0.25923928071220126,0.014381564558969506,-0.2,-0.05923928071220134,0.014381564558969506,0.1548722147336828,0.009881467965531285,0.02398540289651595,0.0030607296572835374
cf_dynamic,initial,certified_initial,nu0,100,0.28601801621587947,0.0016612613517648321,0.4,-0.11398198378412054,0.001661261351764832,0.11517426694349482,0.0016600104686357788,0.013265111765971404,0.00038238097768730626
cf_dynamic,initial,certified_initial,nu1,100,0.10980483923448363,0.0010624094411860927,0.06,0.04980483923448362,0.0010624094411860927,0.050914287576516,0.001026993499352289,0.002592264679424171,0.00010457728473046987
cf_dynamic,initial,certified_initial,theta,100,-0.01410345711985708,0.0006393267854441257,-0.03,0.015896542880142916,0.0006393267854441257,0.01712206794345438,0.0006380541402617758,0.00029316521066026805,2.184961268232899e-05
cf_dynamic,initial,certified_initial,cumulative_relative_0,100,1.0749617881075055,0.010063634384394182,1.0,0.07496178810750577,0.010063634384394182,0.1250826392491297,0.007977030699892008,0.015645666641527924,0.0019955761066276496
cf_dynamic,initial,certified_initial,baseline_relative_ISE_0,100,0.04531432942447949,0.00342266013210197,,,,,,,
cf_dynamic,initial,certified_initial,cumulative_relative_1,100,3.134894240199239,0.07795131100282357,1.0,2.134894240199239,0.07795131100282357,2.2714175526870255,0.08549417497598996,5.159337698654717,0.3883859393859189
cf_dynamic,initial,certified_initial,baseline_relative_ISE_1,100,7.460690005534708,0.6285899031927095,,,,,,,
cf_dynamic,initial,certified_initial,prediction_mse,100,0.2713638595494938,0.0010979296342820085,,,,,,,
cf_dynamic,initial,certified_initial,negative_prediction_fraction,100,0.0,0.0,,,,,,,
cf_dynamic,projected_initial,certified_initial,treatment_0,100,-0.38876489961107974,0.013623945983449742,-0.35,-0.03876489961107979,0.013623945983449742,0.140990410857238,0.010543388707830339,0.019878295953692778,0.0029730334114891266
cf_dynamic,projected_initial,certified_initial,FEV10_0,100,-0.1893243426511805,0.0029312085986791135,-0.18,-0.009324342651180532,0.0029312085986791135,0.030619434464481725,0.0022210056893881085,0.0009375497669246913,0.00013601187630292048
cf_dynamic,projected_initial,certified_initial,measured_z_0,100,0.26417839693494855,0.011586245752972757,0.25,0.014178396934948576,0.011586245752972757,0.11615031172504277,0.007843745616988147,0.013490894913824608,0.0018221069970102226
cf_dynamic,projected_initial,certified_initial,treatment_1,100,0.10267089709781513,0.015768601124717386,0.05,0.05267089709781508,0.015768601124717386,0.1655006125750054,0.010505241021345164,0.027390452762702036,0.0034772476485613996
cf_dynamic,projected_initial,certified_initial,FEV10_1,100,0.10049085581681105,0.0032837541878315696,0.08,0.02049085581681104,0.0032837541878315696,0.038566776986797516,0.00238926177967425,0.0014873962871493746,0.00018429225243955146
cf_dynamic,projected_initial,certified_initial,measured_z_1,100,-0.25923928071220126,0.014381564558969506,-0.2,-0.05923928071220134,0.014381564558969506,0.1548722147336828,0.009881467965531285,0.02398540289651595,0.0030607296572835374
cf_dynamic,projected_initial,certified_initial,nu0,100,0.28601801621587947,0.0016612613517648328,0.4,-0.11398198378412053,0.0016612613517648328,0.11517426694349481,0.0016600104686357799,0.013265111765971402,0.0003823809776873065
cf_dynamic,projected_initial,certified_initial,nu1,100,0.10980483923448363,0.001062409441186093,0.06,0.049804839234483624,0.001062409441186093,0.050914287576516004,0.0010269934993522888,0.002592264679424172,0.00010457728473046987
cf_dynamic,projected_initial,certified_initial,theta,100,-0.01410345711985708,0.0006393267854441257,-0.03,0.015896542880142916,0.0006393267854441257,0.01712206794345438,0.0006380541402617758,0.00029316521066026805,2.184961268232899e-05
cf_dynamic,projected_initial,certified_initial,cumulative_relative_0,100,1.0749617881075055,0.010063634384394182,1.0,0.07496178810750577,0.010063634384394182,0.1250826392491297,0.007977030699892008,0.015645666641527924,0.0019955761066276496
cf_dynamic,projected_initial,certified_initial,baseline_relative_ISE_0,100,0.04531432942447949,0.00342266013210197,,,,,,,
cf_dynamic,projected_initial,certified_initial,cumulative_relative_1,100,3.134894240199239,0.07795131100282357,1.0,2.134894240199239,0.07795131100282357,2.2714175526870255,0.08549417497598996,5.159337698654717,0.3883859393859189
cf_dynamic,projected_initial,certified_initial,baseline_relative_ISE_1,100,7.460690005534708,0.6285899031927095,,,,,,,
cf_dynamic,projected_initial,certified_initial,prediction_mse,100,0.2713638595494938,0.0010979296342820085,,,,,,,
cf_dynamic,projected_initial,certified_initial,negative_prediction_fraction,100,0.0,0.0,,,,,,,
cf_dynamic,fallback,certified_initial,treatment_0,100,-0.3640040822735118,0.012999116686208312,-0.35,-0.014004082273511837,0.012999116686208312,0.13009550625547203,0.00942673632136811,0.016924840747867563,0.002452752068130461
cf_dynamic,fallback,certified_initial,FEV10_0,100,-0.17731794091097103,0.0027621796274728094,-0.18,0.0026820590890289276,0.0027621796274728094,0.027613899291936292,0.0018161273163874467,0.0007625274341051996,0.00010030071363211495
cf_dynamic,fallback,certified_initial,measured_z_0,100,0.2493553901838705,0.010993262625804256,0.25,-0.0006446098161295258,0.010993262625804256,0.10938348145239121,0.007410769097909057,0.011964746014645613,0.0016212314483381785
cf_dynamic,fallback,certified_initial,treatment_1,100,0.05917105815915703,0.011439213201369054,0.05,0.009171058159157032,0.011439213201369054,0.11418762006334078,0.008053063611664652,0.013038812575729865,0.0018391203360693564
cf_dynamic,fallback,certified_initial,FEV10_1,100,0.07614836816460165,0.002774652772719397,0.08,-0.0038516318353983515,0.002774652772719397,0.02787483041566779,0.0018374311375509728,0.0007770061707022383,0.00010243616271940186
cf_dynamic,fallback,certified_initial,measured_z_1,100,-0.20397092390306987,0.010005884172212747,-0.2,-0.003970923903069858,0.010005884172212747,0.09963645078659711,0.0064301807124558805,0.009927422325349987,0.0012813607682110725
cf_dynamic,fallback,certified_initial,nu0,100,0.3507751261421522,0.01338773559012944,0.4,-0.049224873857847795,0.01338773559012944,0.142010574131688,0.010588812015611527,0.02016700316521165,0.0030074465474190185
cf_dynamic,fallback,certified_initial,nu1,100,0.04237009412477438,0.005306940436342038,0.06,-0.01762990587522561,0.005306940436342038,0.05566876722061172,0.005956954580463261,0.0030990116438626538,0.000663232635767132
cf_dynamic,fallback,certified_initial,theta,100,0.0017084775232918926,0.006684704190895728,-0.03,0.03170847752329189,0.006684704190895728,0.0736835754337642,0.006357488016772557,0.00542926928870322,0.0009368848957062255
cf_dynamic,fallback,certified_initial,cumulative_relative_0,100,0.9831045316313641,0.008243700007555681,1.0,-0.016895468368635785,0.008243700007555681,0.08374578940483128,0.006079398631852762,0.007013357243038352,0.0010182480750623216
cf_dynamic,fallback,certified_initial,baseline_relative_ISE_0,100,0.019973324037189606,0.0013457528172088082,,,,,,,
cf_dynamic,fallback,certified_initial,cumulative_relative_1,100,0.9459854365355136,0.013103941136072725,1.0,-0.05401456346448647,0.013103941136072722,0.1411282647903221,0.010516705161329758,0.019917187122727265,0.002968408701459786
cf_dynamic,fallback,certified_initial,baseline_relative_ISE_1,100,0.04707488439778205,0.004111075906901714,,,,,,,
cf_dynamic,fallback,certified_initial,prediction_mse,100,0.1985652903337216,0.0009350428630611951,,,,,,,
cf_dynamic,fallback,certified_initial,negative_prediction_fraction,100,0.0,0.0,,,,,,,
cf_dynamic,initial,coupled_accepted,treatment_0,100,-0.38876489961107974,0.013623945983449742,-0.35,-0.03876489961107979,0.013623945983449742,0.140990410857238,0.010543388707830339,0.019878295953692778,0.0029730334114891266
cf_dynamic,initial,coupled_accepted,FEV10_0,100,-0.1893243426511805,0.0029312085986791135,-0.18,-0.009324342651180532,0.0029312085986791135,0.030619434464481725,0.0022210056893881085,0.0009375497669246913,0.00013601187630292048
cf_dynamic,initial,coupled_accepted,measured_z_0,100,0.26417839693494855,0.011586245752972757,0.25,0.014178396934948576,0.011586245752972757,0.11615031172504277,0.007843745616988147,0.013490894913824608,0.0018221069970102226
cf_dynamic,initial,coupled_accepted,treatment_1,100,0.10267089709781513,0.015768601124717386,0.05,0.05267089709781508,0.015768601124717386,0.1655006125750054,0.010505241021345164,0.027390452762702036,0.0034772476485613996
cf_dynamic,initial,coupled_accepted,FEV10_1,100,0.10049085581681105,0.0032837541878315696,0.08,0.02049085581681104,0.0032837541878315696,0.038566776986797516,0.00238926177967425,0.0014873962871493746,0.00018429225243955146
cf_dynamic,initial,coupled_accepted,measured_z_1,100,-0.25923928071220126,0.014381564558969506,-0.2,-0.05923928071220134,0.014381564558969506,0.1548722147336828,0.009881467965531285,0.02398540289651595,0.0030607296572835374
cf_dynamic,initial,coupled_accepted,nu0,100,0.28601801621587947,0.0016612613517648321,0.4,-0.11398198378412054,0.001661261351764832,0.11517426694349482,0.0016600104686357788,0.013265111765971404,0.00038238097768730626
cf_dynamic,initial,coupled_accepted,nu1,100,0.10980483923448363,0.0010624094411860927,0.06,0.04980483923448362,0.0010624094411860927,0.050914287576516,0.001026993499352289,0.002592264679424171,0.00010457728473046987
cf_dynamic,initial,coupled_accepted,theta,100,-0.01410345711985708,0.0006393267854441257,-0.03,0.015896542880142916,0.0006393267854441257,0.01712206794345438,0.0006380541402617758,0.00029316521066026805,2.184961268232899e-05
cf_dynamic,initial,coupled_accepted,cumulative_relative_0,100,1.0749617881075055,0.010063634384394182,1.0,0.07496178810750577,0.010063634384394182,0.1250826392491297,0.007977030699892008,0.015645666641527924,0.0019955761066276496
cf_dynamic,initial,coupled_accepted,baseline_relative_ISE_0,100,0.04531432942447949,0.00342266013210197,,,,,,,
cf_dynamic,initial,coupled_accepted,cumulative_relative_1,100,3.134894240199239,0.07795131100282357,1.0,2.134894240199239,0.07795131100282357,2.2714175526870255,0.08549417497598996,5.159337698654717,0.3883859393859189
cf_dynamic,initial,coupled_accepted,baseline_relative_ISE_1,100,7.460690005534708,0.6285899031927095,,,,,,,
cf_dynamic,initial,coupled_accepted,prediction_mse,100,0.2713638595494938,0.0010979296342820085,,,,,,,
cf_dynamic,initial,coupled_accepted,negative_prediction_fraction,100,0.0,0.0,,,,,,,
cf_dynamic,projected_initial,coupled_accepted,treatment_0,100,-0.38876489961107974,0.013623945983449742,-0.35,-0.03876489961107979,0.013623945983449742,0.140990410857238,0.010543388707830339,0.019878295953692778,0.0029730334114891266
cf_dynamic,projected_initial,coupled_accepted,FEV10_0,100,-0.1893243426511805,0.0029312085986791135,-0.18,-0.009324342651180532,0.0029312085986791135,0.030619434464481725,0.0022210056893881085,0.0009375497669246913,0.00013601187630292048
cf_dynamic,projected_initial,coupled_accepted,measured_z_0,100,0.26417839693494855,0.011586245752972757,0.25,0.014178396934948576,0.011586245752972757,0.11615031172504277,0.007843745616988147,0.013490894913824608,0.0018221069970102226
cf_dynamic,projected_initial,coupled_accepted,treatment_1,100,0.10267089709781513,0.015768601124717386,0.05,0.05267089709781508,0.015768601124717386,0.1655006125750054,0.010505241021345164,0.027390452762702036,0.0034772476485613996
cf_dynamic,projected_initial,coupled_accepted,FEV10_1,100,0.10049085581681105,0.0032837541878315696,0.08,0.02049085581681104,0.0032837541878315696,0.038566776986797516,0.00238926177967425,0.0014873962871493746,0.00018429225243955146
cf_dynamic,projected_initial,coupled_accepted,measured_z_1,100,-0.25923928071220126,0.014381564558969506,-0.2,-0.05923928071220134,0.014381564558969506,0.1548722147336828,0.009881467965531285,0.02398540289651595,0.0030607296572835374
cf_dynamic,projected_initial,coupled_accepted,nu0,100,0.28601801621587947,0.0016612613517648328,0.4,-0.11398198378412053,0.0016612613517648328,0.11517426694349481,0.0016600104686357799,0.013265111765971402,0.0003823809776873065
cf_dynamic,projected_initial,coupled_accepted,nu1,100,0.10980483923448363,0.001062409441186093,0.06,0.049804839234483624,0.001062409441186093,0.050914287576516004,0.0010269934993522888,0.002592264679424172,0.00010457728473046987
cf_dynamic,projected_initial,coupled_accepted,theta,100,-0.01410345711985708,0.0006393267854441257,-0.03,0.015896542880142916,0.0006393267854441257,0.01712206794345438,0.0006380541402617758,0.00029316521066026805,2.184961268232899e-05
cf_dynamic,projected_initial,coupled_accepted,cumulative_relative_0,100,1.0749617881075055,0.010063634384394182,1.0,0.07496178810750577,0.010063634384394182,0.1250826392491297,0.007977030699892008,0.015645666641527924,0.0019955761066276496
cf_dynamic,projected_initial,coupled_accepted,baseline_relative_ISE_0,100,0.04531432942447949,0.00342266013210197,,,,,,,
cf_dynamic,projected_initial,coupled_accepted,cumulative_relative_1,100,3.134894240199239,0.07795131100282357,1.0,2.134894240199239,0.07795131100282357,2.2714175526870255,0.08549417497598996,5.159337698654717,0.3883859393859189
cf_dynamic,projected_initial,coupled_accepted,baseline_relative_ISE_1,100,7.460690005534708,0.6285899031927095,,,,,,,
cf_dynamic,projected_initial,coupled_accepted,prediction_mse,100,0.2713638595494938,0.0010979296342820085,,,,,,,
cf_dynamic,projected_initial,coupled_accepted,negative_prediction_fraction,100,0.0,0.0,,,,,,,
cf_dynamic,coupled,coupled_accepted,treatment_0,100,-0.3640040822735118,0.012999116686208312,-0.35,-0.014004082273511837,0.012999116686208312,0.13009550625547203,0.00942673632136811,0.016924840747867563,0.002452752068130461
cf_dynamic,coupled,coupled_accepted,FEV10_0,100,-0.17731794091097103,0.0027621796274728094,-0.18,0.0026820590890289276,0.0027621796274728094,0.027613899291936292,0.0018161273163874467,0.0007625274341051996,0.00010030071363211495
cf_dynamic,coupled,coupled_accepted,measured_z_0,100,0.2493553901838705,0.010993262625804256,0.25,-0.0006446098161295258,0.010993262625804256,0.10938348145239121,0.007410769097909057,0.011964746014645613,0.0016212314483381785
cf_dynamic,coupled,coupled_accepted,treatment_1,100,0.05917105815915703,0.011439213201369054,0.05,0.009171058159157032,0.011439213201369054,0.11418762006334078,0.008053063611664652,0.013038812575729865,0.0018391203360693564
cf_dynamic,coupled,coupled_accepted,FEV10_1,100,0.07614836816460165,0.002774652772719397,0.08,-0.0038516318353983515,0.002774652772719397,0.02787483041566779,0.0018374311375509728,0.0007770061707022383,0.00010243616271940186
cf_dynamic,coupled,coupled_accepted,measured_z_1,100,-0.20397092390306987,0.010005884172212747,-0.2,-0.003970923903069858,0.010005884172212747,0.09963645078659711,0.0064301807124558805,0.009927422325349987,0.0012813607682110725
cf_dynamic,coupled,coupled_accepted,nu0,100,0.3507751261421522,0.01338773559012944,0.4,-0.049224873857847795,0.01338773559012944,0.142010574131688,0.010588812015611527,0.02016700316521165,0.0030074465474190185
cf_dynamic,coupled,coupled_accepted,nu1,100,0.04237009412477438,0.005306940436342038,0.06,-0.01762990587522561,0.005306940436342038,0.05566876722061172,0.005956954580463261,0.0030990116438626538,0.000663232635767132
cf_dynamic,coupled,coupled_accepted,theta,100,0.0017084775232918926,0.006684704190895728,-0.03,0.03170847752329189,0.006684704190895728,0.0736835754337642,0.006357488016772557,0.00542926928870322,0.0009368848957062255
cf_dynamic,coupled,coupled_accepted,cumulative_relative_0,100,0.9831045316313641,0.008243700007555681,1.0,-0.016895468368635785,0.008243700007555681,0.08374578940483128,0.006079398631852762,0.007013357243038352,0.0010182480750623216
cf_dynamic,coupled,coupled_accepted,baseline_relative_ISE_0,100,0.019973324037189606,0.0013457528172088082,,,,,,,
cf_dynamic,coupled,coupled_accepted,cumulative_relative_1,100,0.9459854365355136,0.013103941136072725,1.0,-0.05401456346448647,0.013103941136072722,0.1411282647903221,0.010516705161329758,0.019917187122727265,0.002968408701459786
cf_dynamic,coupled,coupled_accepted,baseline_relative_ISE_1,100,0.04707488439778205,0.004111075906901714,,,,,,,
cf_dynamic,coupled,coupled_accepted,prediction_mse,100,0.1985652903337216,0.0009350428630611951,,,,,,,
cf_dynamic,coupled,coupled_accepted,negative_prediction_fraction,100,0.0,0.0,,,,,,,
cf_early,initial,certified_initial,treatment_0,100,-0.4106507606361831,0.011922934018710255,-0.35,-0.06065076063618322,0.011922934018710255,0.1332366089766056,0.007687485214859415,0.017751993971584903,0.0020485089231713216
cf_early,initial,certified_initial,FEV10_0,100,-0.2017319434669536,0.0025379893251588894,-0.18,-0.021731943466953618,0.0025379893251588894,0.03331628668531796,0.002280688746340355,0.001109974958498295,0.00015196816022610736
cf_early,initial,certified_initial,early2_0,100,0.6405669744488022,0.01829190021739872,0.25,0.39056697444880223,0.01829190021739872,0.430891319560809,0.016463295186692907,0.1856673292728552,0.014187781974626446
cf_early,initial,certified_initial,treatment_1,100,0.06795359710657878,0.01597115111014178,0.05,0.017953597106578793,0.01597115111014178,0.15992192082257098,0.012925961098714257,0.02557502075958066,0.004134289054768428
cf_early,initial,certified_initial,FEV10_1,100,0.10786536589122026,0.0029434394395061003,0.08,0.027865365891220267,0.0029434394395061007,0.040425219281056975,0.0022605932998378364,0.0016341983539215404,0.00018276995970246542
cf_early,initial,certified_initial,early2_1,100,0.08830165182549209,0.032166349507547286,-0.2,0.28830165182549217,0.032166349507547286,0.43075581536275787,0.026572590477686543,0.18555057246883436,0.022892595755033045
cf_early,initial,certified_initial,nu0,100,0.33872134030908896,0.0016593453888999019,0.4,-0.061278659690910946,0.001659345388899902,0.06346387490818022,0.0016076704310316263,0.004027663418361146,0.0002040579902571426
cf_early,initial,certified_initial,nu1,100,0.13865848721121468,0.0011286957951918363,0.06,0.07865848721121468,0.0011286957951918363,0.07945614561484289,0.001149814419892706,0.006313279075967116,0.0001827196439540819
cf_early,initial,certified_initial,theta,100,-0.013412947942168695,0.0006988247467807505,-0.03,0.016587052057831304,0.0006988247467807505,0.017985481439589283,0.0006553182743737729,0.00032347754261381057,2.3572429321546342e-05
cf_early,initial,certified_initial,cumulative_relative_0,100,0.8008669612758769,0.015278399274377083,1.0,-0.1991330387241231,0.015278399274377083,0.25052641790007785,0.012172877163771773,0.06276348606584445,0.006099254622754803
cf_early,initial,certified_initial,baseline_relative_ISE_0,100,0.08727327307493354,0.0056909762945269015,,,,,,,
cf_early,initial,certified_initial,cumulative_relative_1,100,2.1987832967925214,0.08636452300491253,1.0,1.1987832967925214,0.08636452300491253,1.4749595401981328,0.10582650547308445,2.1755056452214876,0.31217962770671165
cf_early,initial,certified_initial,baseline_relative_ISE_1,100,3.1318077570825555,0.42589834614444627,,,,,,,
cf_early,initial,certified_initial,prediction_mse,100,0.2826892461141943,0.0011871427989131299,,,,,,,
cf_early,initial,certified_initial,negative_prediction_fraction,100,0.0,0.0,,,,,,,
cf_early,projected_initial,certified_initial,treatment_0,100,-0.4106507606361831,0.011922934018710255,-0.35,-0.06065076063618322,0.011922934018710255,0.1332366089766056,0.007687485214859415,0.017751993971584903,0.0020485089231713216
cf_early,projected_initial,certified_initial,FEV10_0,100,-0.2017319434669536,0.0025379893251588894,-0.18,-0.021731943466953618,0.0025379893251588894,0.03331628668531796,0.002280688746340355,0.001109974958498295,0.00015196816022610736
cf_early,projected_initial,certified_initial,early2_0,100,0.6405669744488022,0.01829190021739872,0.25,0.39056697444880223,0.01829190021739872,0.430891319560809,0.016463295186692907,0.1856673292728552,0.014187781974626446
cf_early,projected_initial,certified_initial,treatment_1,100,0.06795359710657878,0.01597115111014178,0.05,0.017953597106578793,0.01597115111014178,0.15992192082257098,0.012925961098714257,0.02557502075958066,0.004134289054768428
cf_early,projected_initial,certified_initial,FEV10_1,100,0.10786536589122026,0.0029434394395061003,0.08,0.027865365891220267,0.0029434394395061007,0.040425219281056975,0.0022605932998378364,0.0016341983539215404,0.00018276995970246542
cf_early,projected_initial,certified_initial,early2_1,100,0.08830165182549209,0.032166349507547286,-0.2,0.28830165182549217,0.032166349507547286,0.43075581536275787,0.026572590477686543,0.18555057246883436,0.022892595755033045
cf_early,projected_initial,certified_initial,nu0,100,0.33872134030908896,0.0016593453888999019,0.4,-0.061278659690910946,0.0016593453888999019,0.06346387490818022,0.0016076704310316263,0.004027663418361147,0.0002040579902571426
cf_early,projected_initial,certified_initial,nu1,100,0.13865848721121468,0.0011286957951918365,0.06,0.07865848721121468,0.0011286957951918365,0.07945614561484289,0.0011498144198927058,0.006313279075967116,0.00018271964395408187
cf_early,projected_initial,certified_initial,theta,100,-0.013412947942168695,0.0006988247467807505,-0.03,0.016587052057831304,0.0006988247467807505,0.01798548143958928,0.000655318274373773,0.00032347754261381046,2.3572429321546342e-05
cf_early,projected_initial,certified_initial,cumulative_relative_0,100,0.8008669612758769,0.015278399274377083,1.0,-0.1991330387241231,0.015278399274377083,0.25052641790007785,0.012172877163771773,0.06276348606584445,0.006099254622754803
cf_early,projected_initial,certified_initial,baseline_relative_ISE_0,100,0.08727327307493354,0.0056909762945269015,,,,,,,
cf_early,projected_initial,certified_initial,cumulative_relative_1,100,2.1987832967925214,0.08636452300491253,1.0,1.1987832967925214,0.08636452300491253,1.4749595401981328,0.10582650547308445,2.1755056452214876,0.31217962770671165
cf_early,projected_initial,certified_initial,baseline_relative_ISE_1,100,3.1318077570825555,0.42589834614444627,,,,,,,
cf_early,projected_initial,certified_initial,prediction_mse,100,0.2826892461141943,0.0011871427989131299,,,,,,,
cf_early,projected_initial,certified_initial,negative_prediction_fraction,100,0.0,0.0,,,,,,,
cf_early,fallback,certified_initial,treatment_0,100,-0.3591207999624107,0.01068437573379271,-0.35,-0.009120799962410636,0.01068437573379271,0.10669874221010905,0.006436044079785344,0.011384621589219306,0.00137343561624383
cf_early,fallback,certified_initial,FEV10_0,100,-0.17881659691110122,0.002287504338762428,-0.18,0.0011834030888987915,0.002287504338762428,0.022791124955926414,0.0016676810745083746,0.0005194353767566518,7.601665551150799e-05
cf_early,fallback,certified_initial,early2_0,100,0.18708199646201223,0.021158465988424458,0.25,-0.06291800353798775,0.021158465988424458,0.21972497078064288,0.01608472626454552,0.04827906278455437,0.007068432016983807
cf_early,fallback,certified_initial,treatment_1,100,0.034369629969187854,0.011568450831421351,0.05,-0.01563037003081214,0.011568450831421353,0.11616102993931499,0.00875731739310996,0.013493384876562433,0.0020345180157782597
cf_early,fallback,certified_initial,FEV10_1,100,0.08033162356911379,0.0023211702307881945,0.08,0.0003316235691137984,0.0023211702307881945,0.02309773294029149,0.0015491071349330943,0.0005335052669810266,7.156172579716941e-05
cf_early,fallback,certified_initial,early2_1,100,-0.20630750804912537,0.02431153771594114,-0.2,-0.0063075080491253495,0.02431153771594114,0.241978966860839,0.013661511404788424,0.05855382040303902,0.0066115968309765445
cf_early,fallback,certified_initial,nu0,100,0.29083137942888937,0.011488350260336212,0.4,-0.10916862057111067,0.011488350260336212,0.1580633565887795,0.008702784239615312,0.024984024696111665,0.002751182577163051
cf_early,fallback,certified_initial,nu1,100,0.04344014247791392,0.004918410957263049,0.06,-0.01655985752208607,0.00491841095726305,0.05166347596958404,0.003982556480413446,0.0026691147492597877,0.0004115054220467025
cf_early,fallback,certified_initial,theta,100,-0.007115274212614416,0.006643279932817038,-0.03,0.022884725787385582,0.006643279932817038,0.06994922681970843,0.006567004973891079,0.004892894332675016,0.0009187138408897211
cf_early,fallback,certified_initial,cumulative_relative_0,100,1.0670680273595774,0.021707437403846508,1.0,0.06706802735957729,0.02170743740384651,0.22615965891258002,0.01859817793751264,0.05114819131945454,0.00841231515748666
cf_early,fallback,certified_initial,baseline_relative_ISE_0,100,0.06680446002040857,0.00848713001194091,,,,,,,
cf_early,fallback,certified_initial,cumulative_relative_1,100,1.0070409732205976,0.027505185999038846,1.0,0.007040973220597451,0.027505185999038846,0.27376370418889295,0.02064020398118527,0.0749465657312237,0.01130107739420723
cf_early,fallback,certified_initial,baseline_relative_ISE_1,100,0.10177861074383586,0.012609959660602188,,,,,,,
cf_early,fallback,certified_initial,prediction_mse,100,0.19384368652876519,0.0010443997879853446,,,,,,,
cf_early,fallback,certified_initial,negative_prediction_fraction,100,0.0,0.0,,,,,,,
cf_early,initial,coupled_accepted,treatment_0,100,-0.4106507606361831,0.011922934018710255,-0.35,-0.06065076063618322,0.011922934018710255,0.1332366089766056,0.007687485214859415,0.017751993971584903,0.0020485089231713216
cf_early,initial,coupled_accepted,FEV10_0,100,-0.2017319434669536,0.0025379893251588894,-0.18,-0.021731943466953618,0.0025379893251588894,0.03331628668531796,0.002280688746340355,0.001109974958498295,0.00015196816022610736
cf_early,initial,coupled_accepted,early2_0,100,0.6405669744488022,0.01829190021739872,0.25,0.39056697444880223,0.01829190021739872,0.430891319560809,0.016463295186692907,0.1856673292728552,0.014187781974626446
cf_early,initial,coupled_accepted,treatment_1,100,0.06795359710657878,0.01597115111014178,0.05,0.017953597106578793,0.01597115111014178,0.15992192082257098,0.012925961098714257,0.02557502075958066,0.004134289054768428
cf_early,initial,coupled_accepted,FEV10_1,100,0.10786536589122026,0.0029434394395061003,0.08,0.027865365891220267,0.0029434394395061007,0.040425219281056975,0.0022605932998378364,0.0016341983539215404,0.00018276995970246542
cf_early,initial,coupled_accepted,early2_1,100,0.08830165182549209,0.032166349507547286,-0.2,0.28830165182549217,0.032166349507547286,0.43075581536275787,0.026572590477686543,0.18555057246883436,0.022892595755033045
cf_early,initial,coupled_accepted,nu0,100,0.33872134030908896,0.0016593453888999019,0.4,-0.061278659690910946,0.001659345388899902,0.06346387490818022,0.0016076704310316263,0.004027663418361146,0.0002040579902571426
cf_early,initial,coupled_accepted,nu1,100,0.13865848721121468,0.0011286957951918363,0.06,0.07865848721121468,0.0011286957951918363,0.07945614561484289,0.001149814419892706,0.006313279075967116,0.0001827196439540819
cf_early,initial,coupled_accepted,theta,100,-0.013412947942168695,0.0006988247467807505,-0.03,0.016587052057831304,0.0006988247467807505,0.017985481439589283,0.0006553182743737729,0.00032347754261381057,2.3572429321546342e-05
cf_early,initial,coupled_accepted,cumulative_relative_0,100,0.8008669612758769,0.015278399274377083,1.0,-0.1991330387241231,0.015278399274377083,0.25052641790007785,0.012172877163771773,0.06276348606584445,0.006099254622754803
cf_early,initial,coupled_accepted,baseline_relative_ISE_0,100,0.08727327307493354,0.0056909762945269015,,,,,,,
cf_early,initial,coupled_accepted,cumulative_relative_1,100,2.1987832967925214,0.08636452300491253,1.0,1.1987832967925214,0.08636452300491253,1.4749595401981328,0.10582650547308445,2.1755056452214876,0.31217962770671165
cf_early,initial,coupled_accepted,baseline_relative_ISE_1,100,3.1318077570825555,0.42589834614444627,,,,,,,
cf_early,initial,coupled_accepted,prediction_mse,100,0.2826892461141943,0.0011871427989131299,,,,,,,
cf_early,initial,coupled_accepted,negative_prediction_fraction,100,0.0,0.0,,,,,,,
cf_early,projected_initial,coupled_accepted,treatment_0,100,-0.4106507606361831,0.011922934018710255,-0.35,-0.06065076063618322,0.011922934018710255,0.1332366089766056,0.007687485214859415,0.017751993971584903,0.0020485089231713216
cf_early,projected_initial,coupled_accepted,FEV10_0,100,-0.2017319434669536,0.0025379893251588894,-0.18,-0.021731943466953618,0.0025379893251588894,0.03331628668531796,0.002280688746340355,0.001109974958498295,0.00015196816022610736
cf_early,projected_initial,coupled_accepted,early2_0,100,0.6405669744488022,0.01829190021739872,0.25,0.39056697444880223,0.01829190021739872,0.430891319560809,0.016463295186692907,0.1856673292728552,0.014187781974626446
cf_early,projected_initial,coupled_accepted,treatment_1,100,0.06795359710657878,0.01597115111014178,0.05,0.017953597106578793,0.01597115111014178,0.15992192082257098,0.012925961098714257,0.02557502075958066,0.004134289054768428
cf_early,projected_initial,coupled_accepted,FEV10_1,100,0.10786536589122026,0.0029434394395061003,0.08,0.027865365891220267,0.0029434394395061007,0.040425219281056975,0.0022605932998378364,0.0016341983539215404,0.00018276995970246542
cf_early,projected_initial,coupled_accepted,early2_1,100,0.08830165182549209,0.032166349507547286,-0.2,0.28830165182549217,0.032166349507547286,0.43075581536275787,0.026572590477686543,0.18555057246883436,0.022892595755033045
cf_early,projected_initial,coupled_accepted,nu0,100,0.33872134030908896,0.0016593453888999019,0.4,-0.061278659690910946,0.0016593453888999019,0.06346387490818022,0.0016076704310316263,0.004027663418361147,0.0002040579902571426
cf_early,projected_initial,coupled_accepted,nu1,100,0.13865848721121468,0.0011286957951918365,0.06,0.07865848721121468,0.0011286957951918365,0.07945614561484289,0.0011498144198927058,0.006313279075967116,0.00018271964395408187
cf_early,projected_initial,coupled_accepted,theta,100,-0.013412947942168695,0.0006988247467807505,-0.03,0.016587052057831304,0.0006988247467807505,0.01798548143958928,0.000655318274373773,0.00032347754261381046,2.3572429321546342e-05
cf_early,projected_initial,coupled_accepted,cumulative_relative_0,100,0.8008669612758769,0.015278399274377083,1.0,-0.1991330387241231,0.015278399274377083,0.25052641790007785,0.012172877163771773,0.06276348606584445,0.006099254622754803
cf_early,projected_initial,coupled_accepted,baseline_relative_ISE_0,100,0.08727327307493354,0.0056909762945269015,,,,,,,
cf_early,projected_initial,coupled_accepted,cumulative_relative_1,100,2.1987832967925214,0.08636452300491253,1.0,1.1987832967925214,0.08636452300491253,1.4749595401981328,0.10582650547308445,2.1755056452214876,0.31217962770671165
cf_early,projected_initial,coupled_accepted,baseline_relative_ISE_1,100,3.1318077570825555,0.42589834614444627,,,,,,,
cf_early,projected_initial,coupled_accepted,prediction_mse,100,0.2826892461141943,0.0011871427989131299,,,,,,,
cf_early,projected_initial,coupled_accepted,negative_prediction_fraction,100,0.0,0.0,,,,,,,
cf_early,coupled,coupled_accepted,treatment_0,100,-0.3591207999624107,0.01068437573379271,-0.35,-0.009120799962410636,0.01068437573379271,0.10669874221010905,0.006436044079785344,0.011384621589219306,0.00137343561624383
cf_early,coupled,coupled_accepted,FEV10_0,100,-0.17881659691110122,0.002287504338762428,-0.18,0.0011834030888987915,0.002287504338762428,0.022791124955926414,0.0016676810745083746,0.0005194353767566518,7.601665551150799e-05
cf_early,coupled,coupled_accepted,early2_0,100,0.18708199646201223,0.021158465988424458,0.25,-0.06291800353798775,0.021158465988424458,0.21972497078064288,0.01608472626454552,0.04827906278455437,0.007068432016983807
cf_early,coupled,coupled_accepted,treatment_1,100,0.034369629969187854,0.011568450831421351,0.05,-0.01563037003081214,0.011568450831421353,0.11616102993931499,0.00875731739310996,0.013493384876562433,0.0020345180157782597
cf_early,coupled,coupled_accepted,FEV10_1,100,0.08033162356911379,0.0023211702307881945,0.08,0.0003316235691137984,0.0023211702307881945,0.02309773294029149,0.0015491071349330943,0.0005335052669810266,7.156172579716941e-05
cf_early,coupled,coupled_accepted,early2_1,100,-0.20630750804912537,0.02431153771594114,-0.2,-0.0063075080491253495,0.02431153771594114,0.241978966860839,0.013661511404788424,0.05855382040303902,0.0066115968309765445
cf_early,coupled,coupled_accepted,nu0,100,0.29083137942888937,0.011488350260336212,0.4,-0.10916862057111067,0.011488350260336212,0.1580633565887795,0.008702784239615312,0.024984024696111665,0.002751182577163051
cf_early,coupled,coupled_accepted,nu1,100,0.04344014247791392,0.004918410957263049,0.06,-0.01655985752208607,0.00491841095726305,0.05166347596958404,0.003982556480413446,0.0026691147492597877,0.0004115054220467025
cf_early,coupled,coupled_accepted,theta,100,-0.007115274212614416,0.006643279932817038,-0.03,0.022884725787385582,0.006643279932817038,0.06994922681970843,0.006567004973891079,0.004892894332675016,0.0009187138408897211
cf_early,coupled,coupled_accepted,cumulative_relative_0,100,1.0670680273595774,0.021707437403846508,1.0,0.06706802735957729,0.02170743740384651,0.22615965891258002,0.01859817793751264,0.05114819131945454,0.00841231515748666
cf_early,coupled,coupled_accepted,baseline_relative_ISE_0,100,0.06680446002040857,0.00848713001194091,,,,,,,
cf_early,coupled,coupled_accepted,cumulative_relative_1,100,1.0070409732205976,0.027505185999038846,1.0,0.007040973220597451,0.027505185999038846,0.27376370418889295,0.02064020398118527,0.0749465657312237,0.01130107739420723
cf_early,coupled,coupled_accepted,baseline_relative_ISE_1,100,0.10177861074383586,0.012609959660602188,,,,,,,
cf_early,coupled,coupled_accepted,prediction_mse,100,0.19384368652876519,0.0010443997879853446,,,,,,,
cf_early,coupled,coupled_accepted,negative_prediction_fraction,100,0.0,0.0,,,,,,,
skin_reference,initial,certified_initial,treatment_0,200,0.12928494041928515,0.0041089901887155535,0.125,0.00428494041928515,0.0041089901887155535,0.058122603075034404,0.002757875564916032,0.003378236988217999,0.0003205898135799016
skin_reference,initial,certified_initial,age10_0,200,-0.05499800962045152,0.002149420786335485,-0.05,-0.00499800962045151,0.002149420786335485,0.030730474024908985,0.0015512281417614686,0.0009443620337956058,9.533995223421729e-05
skin_reference,initial,certified_initial,treatment_1,200,0.2567391725807598,0.007147435718595858,0.246,0.010739172580759827,0.007147435718595858,0.10139729513483021,0.0050889691108154745,0.010281411460659863,0.0010320154057227823
skin_reference,initial,certified_initial,age10_1,200,0.14157456259246978,0.0036153558522599937,0.156,-0.014425437407530202,0.0036153558522599937,0.053001717275520596,0.0023395879057803116,0.0028091820341542184,0.0002480043534467908
skin_reference,initial,certified_initial,sigma0,200,0.0001370152887051967,0.00015994561892527213,0.002,-0.0018629847112948033,0.00015994561892527213,0.002926029671104254,9.054768219245518e-05,8.561649636182467e-06,5.298904094896843e-07
skin_reference,initial,certified_initial,sigma1,200,-0.00014508508177323506,0.00011301621837622031,0.003,-0.003145085081773235,0.0001130162183762203,0.0035260914096473446,8.051455577970224e-05,1.2433320629188797e-05,5.678033669727601e-07
skin_reference,initial,certified_initial,nu0,200,0.36915271619881745,0.0014039492281960769,0.95,-0.5808472838011826,0.0014039492281960769,0.5811848335192915,0.0013991552063642094,0.33777581071284657,0.001626335571356866
skin_reference,initial,certified_initial,nu1,200,0.2891289606808322,0.0019279719048951914,1.85,-1.5608710393191678,0.001927971904895192,1.561107971744058,0.0019214682527371062,2.4370580994428463,0.005999238813602046
skin_reference,initial,certified_initial,theta,200,0.03138276353441392,0.0010015971272680027,0.3,-0.2686172364655861,0.0010015971272680027,0.26898857948000976,0.0009884045945410041,0.07235485589067353,0.0005317390956741994
skin_reference,initial,certified_initial,cumulative_relative_0,200,1.142437317862462,0.003789544693773364,1.0,0.14243731786246216,0.0037895446937733644,0.1521386166234173,0.003659530275386322,0.023146158668087145,0.0011135117471775767
skin_reference,initial,certified_initial,baseline_relative_ISE_0,200,0.029435448315525373,0.001126099106592184,,,,,,,
skin_reference,initial,certified_initial,cumulative_relative_1,200,1.2468229623482576,0.007197317585096844,1.0,0.24682296234825782,0.007197317585096844,0.26688958287295067,0.006919827114597981,0.0712300494460976,0.003693659544335978
skin_reference,initial,certified_initial,baseline_relative_ISE_1,200,0.08379726277043051,0.0037645829662606165,,,,,,,
skin_reference,initial,certified_initial,prediction_mse,200,0.8839158656023426,0.0019044752075169002,,,,,,,
skin_reference,initial,certified_initial,negative_prediction_fraction,200,0.0,0.0,,,,,,,
skin_reference,projected_initial,certified_initial,treatment_0,200,0.12928494041928515,0.0041089901887155535,0.125,0.00428494041928515,0.0041089901887155535,0.058122603075034404,0.002757875564916032,0.003378236988217999,0.0003205898135799016
skin_reference,projected_initial,certified_initial,age10_0,200,-0.05499800962045152,0.002149420786335485,-0.05,-0.00499800962045151,0.002149420786335485,0.030730474024908985,0.0015512281417614686,0.0009443620337956058,9.533995223421729e-05
skin_reference,projected_initial,certified_initial,treatment_1,200,0.2567391725807598,0.007147435718595858,0.246,0.010739172580759827,0.007147435718595858,0.10139729513483021,0.0050889691108154745,0.010281411460659863,0.0010320154057227823
skin_reference,projected_initial,certified_initial,age10_1,200,0.14157456259246978,0.0036153558522599937,0.156,-0.014425437407530202,0.0036153558522599937,0.053001717275520596,0.0023395879057803116,0.0028091820341542184,0.0002480043534467908
skin_reference,projected_initial,certified_initial,sigma0,200,0.0009516720692436921,0.00011438662530592881,0.002,-0.001048327930756308,0.00011438662530592881,0.001924257560757061,6.728353964026791e-05,3.7027671601307144e-06,2.589417197345659e-07
skin_reference,projected_initial,certified_initial,sigma1,200,0.0005518219452151602,7.752645071392434e-05,0.003,-0.00244817805478484,7.752645071392436e-05,0.002681349576133163,3.9446623520764115e-05,7.189635549429492e-06,2.1154037451457062e-07
skin_reference,projected_initial,certified_initial,nu0,200,0.36915271619881745,0.001403949228196077,0.95,-0.5808472838011824,0.0014039492281960773,0.5811848335192915,0.0013991552063642098,0.33777581071284657,0.0016263355713568666
skin_reference,projected_initial,certified_initial,nu1,200,0.2891289606808322,0.0019279719048951914,1.85,-1.5608710393191678,0.0019279719048951914,1.561107971744058,0.0019214682527371055,2.4370580994428463,0.005999238813602043
skin_reference,projected_initial,certified_initial,theta,200,0.03138276353441392,0.0010015971272680031,0.3,-0.2686172364655861,0.001001597127268003,0.26898857948000976,0.0009884045945410043,0.07235485589067353,0.0005317390956741995
skin_reference,projected_initial,certified_initial,cumulative_relative_0,200,1.142437317862462,0.003789544693773364,1.0,0.14243731786246216,0.0037895446937733644,0.1521386166234173,0.003659530275386322,0.023146158668087145,0.0011135117471775767
skin_reference,projected_initial,certified_initial,baseline_relative_ISE_0,200,0.029435448315525373,0.001126099106592184,,,,,,,
skin_reference,projected_initial,certified_initial,cumulative_relative_1,200,1.2468229623482576,0.007197317585096844,1.0,0.24682296234825782,0.007197317585096844,0.26688958287295067,0.006919827114597981,0.0712300494460976,0.003693659544335978
skin_reference,projected_initial,certified_initial,baseline_relative_ISE_1,200,0.08379726277043051,0.0037645829662606165,,,,,,,
skin_reference,projected_initial,certified_initial,prediction_mse,200,0.8839158656023426,0.0019044752075169002,,,,,,,
skin_reference,projected_initial,certified_initial,negative_prediction_fraction,200,0.0,0.0,,,,,,,
skin_reference,fallback,certified_initial,treatment_0,200,0.1301111621146375,0.0039470204800857575,0.125,0.0051111621146374955,0.0039470204800857575,0.05591367580060507,0.002682488269372258,0.0031263391415351695,0.0002999755588652132
skin_reference,fallback,certified_initial,age10_0,200,-0.05732007932209804,0.002028127220025091,-0.05,-0.007320079322098037,0.002028127220025091,0.02953185170934158,0.0014707913796211617,0.0008721302653825412,8.687038583670013e-05
skin_reference,fallback,certified_initial,treatment_1,200,0.25614332939716905,0.007176333459894179,0.246,0.010143329397169052,0.007176333459894179,0.10174153406967693,0.005072408226803969,0.01035133975485123,0.0010321491888453712
skin_reference,fallback,certified_initial,age10_1,200,0.14194166558877913,0.003626133865706756,0.156,-0.014058334411220863,0.003626133865706756,0.05304957381554329,0.0023558093177480886,0.002814257282010776,0.0002499493605944438
skin_reference,fallback,certified_initial,sigma0,200,0.0019783654845003888,0.0002243553784188784,0.002,-2.1634515499611256e-05,0.0002243553784188784,0.003164996031834961,0.00023627091941973773,1.001719988153105e-05,1.4955930448029355e-06
skin_reference,fallback,certified_initial,sigma1,200,0.0035409440879557753,0.0005203994763115083,0.003,0.0005409440879557751,0.0005203994763115082,0.007361041222572214,0.0008943582073441563,5.4184927880407425e-05,1.3166815264012243e-05
skin_reference,fallback,certified_initial,nu0,200,0.4350446763426243,0.0055852671876587545,0.95,-0.5149553236573756,0.0055852671876587545,0.5209480128237581,0.00538605397320487,0.2713868320650225,0.005611708228605168
skin_reference,fallback,certified_initial,nu1,200,1.1241784921969415,0.01805560716258526,1.85,-0.7258215078030587,0.01805560716258526,0.7692150845123983,0.01572508708880907,0.591691846241416,0.02419194838796618
skin_reference,fallback,certified_initial,theta,200,0.18118034271023198,0.005973223323133132,0.3,-0.11881965728976798,0.005973223323133132,0.1456650642233553,0.004832087165725085,0.021218310935194218,0.0014077325746563907
skin_reference,fallback,certified_initial,cumulative_relative_0,200,1.2217272231149394,0.004367557757906794,1.0,0.22172722311493942,0.004367557757906794,0.23012822091873877,0.004282436880667195,0.052958998063223836,0.0019710191610894695
skin_reference,fallback,certified_initial,baseline_relative_ISE_0,200,0.06165941418121066,0.0020166489243639185,,,,,,,
skin_reference,fallback,certified_initial,cumulative_relative_1,200,1.23146966586146,0.007569027938468913,1.0,0.23146966586145987,0.007569027938468912,0.25490969541535125,0.007590661246499805,0.06497895281674715,0.0038698662926927516
skin_reference,fallback,certified_initial,baseline_relative_ISE_1,200,0.07700087925191994,0.003991335653375283,,,,,,,
skin_reference,fallback,certified_initial,prediction_mse,200,0.9192564108012081,0.0029716042551573563,,,,,,,
skin_reference,fallback,certified_initial,negative_prediction_fraction,200,0.0,0.0,,,,,,,
skin_reference,initial,coupled_accepted,treatment_0,200,0.12928494041928515,0.0041089901887155535,0.125,0.00428494041928515,0.0041089901887155535,0.058122603075034404,0.002757875564916032,0.003378236988217999,0.0003205898135799016
skin_reference,initial,coupled_accepted,age10_0,200,-0.05499800962045152,0.002149420786335485,-0.05,-0.00499800962045151,0.002149420786335485,0.030730474024908985,0.0015512281417614686,0.0009443620337956058,9.533995223421729e-05
skin_reference,initial,coupled_accepted,treatment_1,200,0.2567391725807598,0.007147435718595858,0.246,0.010739172580759827,0.007147435718595858,0.10139729513483021,0.0050889691108154745,0.010281411460659863,0.0010320154057227823
skin_reference,initial,coupled_accepted,age10_1,200,0.14157456259246978,0.0036153558522599937,0.156,-0.014425437407530202,0.0036153558522599937,0.053001717275520596,0.0023395879057803116,0.0028091820341542184,0.0002480043534467908
skin_reference,initial,coupled_accepted,sigma0,200,0.0001370152887051967,0.00015994561892527213,0.002,-0.0018629847112948033,0.00015994561892527213,0.002926029671104254,9.054768219245518e-05,8.561649636182467e-06,5.298904094896843e-07
skin_reference,initial,coupled_accepted,sigma1,200,-0.00014508508177323506,0.00011301621837622031,0.003,-0.003145085081773235,0.0001130162183762203,0.0035260914096473446,8.051455577970224e-05,1.2433320629188797e-05,5.678033669727601e-07
skin_reference,initial,coupled_accepted,nu0,200,0.36915271619881745,0.0014039492281960769,0.95,-0.5808472838011826,0.0014039492281960769,0.5811848335192915,0.0013991552063642094,0.33777581071284657,0.001626335571356866
skin_reference,initial,coupled_accepted,nu1,200,0.2891289606808322,0.0019279719048951914,1.85,-1.5608710393191678,0.001927971904895192,1.561107971744058,0.0019214682527371062,2.4370580994428463,0.005999238813602046
skin_reference,initial,coupled_accepted,theta,200,0.03138276353441392,0.0010015971272680027,0.3,-0.2686172364655861,0.0010015971272680027,0.26898857948000976,0.0009884045945410041,0.07235485589067353,0.0005317390956741994
skin_reference,initial,coupled_accepted,cumulative_relative_0,200,1.142437317862462,0.003789544693773364,1.0,0.14243731786246216,0.0037895446937733644,0.1521386166234173,0.003659530275386322,0.023146158668087145,0.0011135117471775767
skin_reference,initial,coupled_accepted,baseline_relative_ISE_0,200,0.029435448315525373,0.001126099106592184,,,,,,,
skin_reference,initial,coupled_accepted,cumulative_relative_1,200,1.2468229623482576,0.007197317585096844,1.0,0.24682296234825782,0.007197317585096844,0.26688958287295067,0.006919827114597981,0.0712300494460976,0.003693659544335978
skin_reference,initial,coupled_accepted,baseline_relative_ISE_1,200,0.08379726277043051,0.0037645829662606165,,,,,,,
skin_reference,initial,coupled_accepted,prediction_mse,200,0.8839158656023426,0.0019044752075169002,,,,,,,
skin_reference,initial,coupled_accepted,negative_prediction_fraction,200,0.0,0.0,,,,,,,
skin_reference,projected_initial,coupled_accepted,treatment_0,200,0.12928494041928515,0.0041089901887155535,0.125,0.00428494041928515,0.0041089901887155535,0.058122603075034404,0.002757875564916032,0.003378236988217999,0.0003205898135799016
skin_reference,projected_initial,coupled_accepted,age10_0,200,-0.05499800962045152,0.002149420786335485,-0.05,-0.00499800962045151,0.002149420786335485,0.030730474024908985,0.0015512281417614686,0.0009443620337956058,9.533995223421729e-05
skin_reference,projected_initial,coupled_accepted,treatment_1,200,0.2567391725807598,0.007147435718595858,0.246,0.010739172580759827,0.007147435718595858,0.10139729513483021,0.0050889691108154745,0.010281411460659863,0.0010320154057227823
skin_reference,projected_initial,coupled_accepted,age10_1,200,0.14157456259246978,0.0036153558522599937,0.156,-0.014425437407530202,0.0036153558522599937,0.053001717275520596,0.0023395879057803116,0.0028091820341542184,0.0002480043534467908
skin_reference,projected_initial,coupled_accepted,sigma0,200,0.0009516720692436921,0.00011438662530592881,0.002,-0.001048327930756308,0.00011438662530592881,0.001924257560757061,6.728353964026791e-05,3.7027671601307144e-06,2.589417197345659e-07
skin_reference,projected_initial,coupled_accepted,sigma1,200,0.0005518219452151602,7.752645071392434e-05,0.003,-0.00244817805478484,7.752645071392436e-05,0.002681349576133163,3.9446623520764115e-05,7.189635549429492e-06,2.1154037451457062e-07
skin_reference,projected_initial,coupled_accepted,nu0,200,0.36915271619881745,0.001403949228196077,0.95,-0.5808472838011824,0.0014039492281960773,0.5811848335192915,0.0013991552063642098,0.33777581071284657,0.0016263355713568666
skin_reference,projected_initial,coupled_accepted,nu1,200,0.2891289606808322,0.0019279719048951914,1.85,-1.5608710393191678,0.0019279719048951914,1.561107971744058,0.0019214682527371055,2.4370580994428463,0.005999238813602043
skin_reference,projected_initial,coupled_accepted,theta,200,0.03138276353441392,0.0010015971272680031,0.3,-0.2686172364655861,0.001001597127268003,0.26898857948000976,0.0009884045945410043,0.07235485589067353,0.0005317390956741995
skin_reference,projected_initial,coupled_accepted,cumulative_relative_0,200,1.142437317862462,0.003789544693773364,1.0,0.14243731786246216,0.0037895446937733644,0.1521386166234173,0.003659530275386322,0.023146158668087145,0.0011135117471775767
skin_reference,projected_initial,coupled_accepted,baseline_relative_ISE_0,200,0.029435448315525373,0.001126099106592184,,,,,,,
skin_reference,projected_initial,coupled_accepted,cumulative_relative_1,200,1.2468229623482576,0.007197317585096844,1.0,0.24682296234825782,0.007197317585096844,0.26688958287295067,0.006919827114597981,0.0712300494460976,0.003693659544335978
skin_reference,projected_initial,coupled_accepted,baseline_relative_ISE_1,200,0.08379726277043051,0.0037645829662606165,,,,,,,
skin_reference,projected_initial,coupled_accepted,prediction_mse,200,0.8839158656023426,0.0019044752075169002,,,,,,,
skin_reference,projected_initial,coupled_accepted,negative_prediction_fraction,200,0.0,0.0,,,,,,,
skin_reference,coupled,coupled_accepted,treatment_0,200,0.1301111621146375,0.0039470204800857575,0.125,0.0051111621146374955,0.0039470204800857575,0.05591367580060507,0.002682488269372258,0.0031263391415351695,0.0002999755588652132
skin_reference,coupled,coupled_accepted,age10_0,200,-0.05732007932209804,0.002028127220025091,-0.05,-0.007320079322098037,0.002028127220025091,0.02953185170934158,0.0014707913796211617,0.0008721302653825412,8.687038583670013e-05
skin_reference,coupled,coupled_accepted,treatment_1,200,0.25614332939716905,0.007176333459894179,0.246,0.010143329397169052,0.007176333459894179,0.10174153406967693,0.005072408226803969,0.01035133975485123,0.0010321491888453712
skin_reference,coupled,coupled_accepted,age10_1,200,0.14194166558877913,0.003626133865706756,0.156,-0.014058334411220863,0.003626133865706756,0.05304957381554329,0.0023558093177480886,0.002814257282010776,0.0002499493605944438
skin_reference,coupled,coupled_accepted,sigma0,200,0.0019783654845003888,0.0002243553784188784,0.002,-2.1634515499611256e-05,0.0002243553784188784,0.003164996031834961,0.00023627091941973773,1.001719988153105e-05,1.4955930448029355e-06
skin_reference,coupled,coupled_accepted,sigma1,200,0.0035409440879557753,0.0005203994763115083,0.003,0.0005409440879557751,0.0005203994763115082,0.007361041222572214,0.0008943582073441563,5.4184927880407425e-05,1.3166815264012243e-05
skin_reference,coupled,coupled_accepted,nu0,200,0.4350446763426243,0.0055852671876587545,0.95,-0.5149553236573756,0.0055852671876587545,0.5209480128237581,0.00538605397320487,0.2713868320650225,0.005611708228605168
skin_reference,coupled,coupled_accepted,nu1,200,1.1241784921969415,0.01805560716258526,1.85,-0.7258215078030587,0.01805560716258526,0.7692150845123983,0.01572508708880907,0.591691846241416,0.02419194838796618
skin_reference,coupled,coupled_accepted,theta,200,0.18118034271023198,0.005973223323133132,0.3,-0.11881965728976798,0.005973223323133132,0.1456650642233553,0.004832087165725085,0.021218310935194218,0.0014077325746563907
skin_reference,coupled,coupled_accepted,cumulative_relative_0,200,1.2217272231149394,0.004367557757906794,1.0,0.22172722311493942,0.004367557757906794,0.23012822091873877,0.004282436880667195,0.052958998063223836,0.0019710191610894695
skin_reference,coupled,coupled_accepted,baseline_relative_ISE_0,200,0.06165941418121066,0.0020166489243639185,,,,,,,
skin_reference,coupled,coupled_accepted,cumulative_relative_1,200,1.23146966586146,0.007569027938468913,1.0,0.23146966586145987,0.007569027938468912,0.25490969541535125,0.007590661246499805,0.06497895281674715,0.0038698662926927516
skin_reference,coupled,coupled_accepted,baseline_relative_ISE_1,200,0.07700087925191994,0.003991335653375283,,,,,,,
skin_reference,coupled,coupled_accepted,prediction_mse,200,0.9192564108012081,0.0029716042551573563,,,,,,,
skin_reference,coupled,coupled_accepted,negative_prediction_fraction,200,0.0,0.0,,,,,,,
skin_patients_quarter,initial,certified_initial,treatment_0,100,0.12124150236797542,0.012478593166935368,0.125,-0.003758497632024557,0.012478593166935368,0.12421730861523547,0.007467875095957072,0.015429939759612654,0.0018552786909890617
skin_patients_quarter,initial,certified_initial,age10_0,100,-0.04521950738707442,0.006498423135937591,-0.05,0.004780492612925578,0.006498423135937591,0.06483497460273616,0.005949868238571065,0.004203573931737442,0.0007715191122747631
skin_patients_quarter,initial,certified_initial,treatment_1,100,0.25660104099347747,0.021042281688246494,0.246,0.010601040993477438,0.021042281688246494,0.20963627147096764,0.019064614809731387,0.04394736631624924,0.007993269531484559
skin_patients_quarter,initial,certified_initial,age10_1,100,0.15469340677682958,0.010104579981328072,0.156,-0.0013065932231704257,0.010104579981328073,0.1005477911699575,0.0074829991763945185,0.010109858309157383,0.00150479807702616
skin_patients_quarter,initial,certified_initial,sigma0,100,-0.002445047011248911,0.0007357664850183921,0.002,-0.004445047011248911,0.0007357664850183921,0.008564597051780575,0.0004977180907094716,7.335232265936853e-05,8.525509784616393e-06
skin_patients_quarter,initial,certified_initial,sigma1,100,-0.0009368304472969367,0.0005852774931027573,0.003,-0.003936830447296936,0.0005852774931027573,0.007029300009253865,0.0003562353808344627,4.9411058620096385e-05,5.0081707315924856e-06
skin_patients_quarter,initial,certified_initial,nu0,100,0.37609320297183174,0.004618837696702152,0.95,-0.5739067970281682,0.0046188376967021515,0.5757439050309697,0.0043741168091375,0.33148104418031027,0.005036742185508859
skin_patients_quarter,initial,certified_initial,nu1,100,0.291297666470109,0.005308528389406209,1.85,-1.5587023335298908,0.005308528389406208,1.5595970093084879,0.005265098892710819,2.4323428314439797,0.01642286497357045
skin_patients_quarter,initial,certified_initial,theta,100,0.03478719247339454,0.0027523933948987375,0.3,-0.2652128075266054,0.0027523933948987375,0.2666230007834512,0.0026663319890343697,0.0710878245467722,0.0014218108720025035
skin_patients_quarter,initial,certified_initial,cumulative_relative_0,100,1.1564768725693666,0.010838328739990037,1.0,0.15647687256936654,0.01083832873999004,0.19003809951381612,0.009427044374932072,0.03611447926682308,0.003582995194089003
skin_patients_quarter,initial,certified_initial,baseline_relative_ISE_0,100,0.04997208338956826,0.003909255850802702,,,,,,,
skin_patients_quarter,initial,certified_initial,cumulative_relative_1,100,1.2558006302764606,0.020153564253595838,1.0,0.2558006302764608,0.020153564253595838,0.32502986248972937,0.014750506070679775,0.10564441151009238,0.009588709919613931
skin_patients_quarter,initial,certified_initial,baseline_relative_ISE_1,100,0.14135890552995636,0.010760775942506259,,,,,,,
skin_patients_quarter,initial,certified_initial,prediction_mse,100,0.8839260684386795,0.005974771296972071,,,,,,,
skin_patients_quarter,initial,certified_initial,negative_prediction_fraction,100,0.0,0.0,,,,,,,
skin_patients_quarter,projected_initial,certified_initial,treatment_0,100,0.12124150236797542,0.012478593166935368,0.125,-0.003758497632024557,0.012478593166935368,0.12421730861523547,0.007467875095957072,0.015429939759612654,0.0018552786909890617
skin_patients_quarter,projected_initial,certified_initial,age10_0,100,-0.04521950738707442,0.006498423135937591,-0.05,0.004780492612925578,0.006498423135937591,0.06483497460273616,0.005949868238571065,0.004203573931737442,0.0007715191122747631
skin_patients_quarter,projected_initial,certified_initial,treatment_1,100,0.25660104099347747,0.021042281688246494,0.246,0.010601040993477438,0.021042281688246494,0.20963627147096764,0.019064614809731387,0.04394736631624924,0.007993269531484559
skin_patients_quarter,projected_initial,certified_initial,age10_1,100,0.15469340677682958,0.010104579981328072,0.156,-0.0013065932231704257,0.010104579981328073,0.1005477911699575,0.0074829991763945185,0.010109858309157383,0.00150479807702616
skin_patients_quarter,projected_initial,certified_initial,sigma0,100,0.0019186142911836945,0.00042241690536940255,0.002,-8.138570881630565e-05,0.0004224169053694025,0.004203783032679487,0.0007609563383787005,1.7671791785843946e-05,6.397790687772583e-06
skin_patients_quarter,projected_initial,certified_initial,sigma1,100,0.0019268632570305676,0.00035269288300634544,0.003,-0.0010731367429694322,0.00035269288300634544,0.0036696671745160324,0.00032975929842976847,1.3466457171720481e-05,2.420213745878315e-06
skin_patients_quarter,projected_initial,certified_initial,nu0,100,0.37609320297183174,0.00461883769670215,0.95,-0.5739067970281682,0.00461883769670215,0.5757439050309696,0.0043741168091375,0.33148104418031016,0.005036742185508858
skin_patients_quarter,projected_initial,certified_initial,nu1,100,0.291297666470109,0.0053085283894062085,1.85,-1.5587023335298908,0.005308528389406208,1.5595970093084879,0.005265098892710819,2.4323428314439797,0.01642286497357045
skin_patients_quarter,projected_initial,certified_initial,theta,100,0.03478719247339454,0.0027523933948987375,0.3,-0.2652128075266054,0.0027523933948987375,0.2666230007834512,0.0026663319890343697,0.0710878245467722,0.0014218108720025035
skin_patients_quarter,projected_initial,certified_initial,cumulative_relative_0,100,1.1564768725693666,0.010838328739990037,1.0,0.15647687256936654,0.01083832873999004,0.19003809951381612,0.009427044374932072,0.03611447926682308,0.003582995194089003
skin_patients_quarter,projected_initial,certified_initial,baseline_relative_ISE_0,100,0.04997208338956826,0.003909255850802702,,,,,,,
skin_patients_quarter,projected_initial,certified_initial,cumulative_relative_1,100,1.2558006302764606,0.020153564253595838,1.0,0.2558006302764608,0.020153564253595838,0.32502986248972937,0.014750506070679775,0.10564441151009238,0.009588709919613931
skin_patients_quarter,projected_initial,certified_initial,baseline_relative_ISE_1,100,0.14135890552995636,0.010760775942506259,,,,,,,
skin_patients_quarter,projected_initial,certified_initial,prediction_mse,100,0.8839260684386795,0.005974771296972071,,,,,,,
skin_patients_quarter,projected_initial,certified_initial,negative_prediction_fraction,100,0.0,0.0,,,,,,,
skin_patients_quarter,fallback,certified_initial,treatment_0,100,0.12299448214335686,0.011928383849564584,0.125,-0.0020055178566431658,0.011928383849564584,0.1187028638528409,0.0073703136869545756,0.014090369886866082,0.0017497546842705977
skin_patients_quarter,fallback,certified_initial,age10_0,100,-0.04715105755862255,0.006168672042708785,-0.05,0.002848942441377456,0.006168672042708785,0.06144359555977727,0.005632155012143317,0.0037753154353134814,0.0006921197093922129
skin_patients_quarter,fallback,certified_initial,treatment_1,100,0.25780014050492156,0.021233023971431272,0.246,0.011800140504921586,0.02123302397143127,0.21159520955376568,0.018960439938716645,0.044772532706102014,0.008023876524128674
skin_patients_quarter,fallback,certified_initial,age10_1,100,0.15512083893686102,0.010195969027594745,0.156,-0.0008791610631389815,0.010195969027594745,0.10145242028128458,0.007589939026069879,0.010292593580930402,0.0015400353679643304
skin_patients_quarter,fallback,certified_initial,sigma0,100,0.0032235218968646793,0.0007389936952844395,0.002,0.0012235218968646793,0.0007389936952844395,0.007453996399076959,0.0011186343430941408,5.556206231745227e-05,1.667659273061509e-05
skin_patients_quarter,fallback,certified_initial,sigma1,100,0.00906832987239007,0.001962014018996832,0.003,0.006068329872390071,0.001962014018996832,0.020443214754617526,0.003392803158030072,0.00041792502950341174,0.0001387196071595066
skin_patients_quarter,fallback,certified_initial,nu0,100,0.4549299044848918,0.020368434656121006,0.95,-0.4950700955151083,0.020368434656121006,0.5349456415160935,0.013527542894589548,0.2861668393770648,0.014473000223765357
skin_patients_quarter,fallback,certified_initial,nu1,100,1.1583128074086548,0.05262639923107217,1.85,-0.691687192591345,0.05262639923107217,0.8675341054400616,0.03768803670734991,0.7526154241016879,0.06539131442140601
skin_patients_quarter,fallback,certified_initial,theta,100,0.19977162078372468,0.01596556359060223,0.3,-0.10022837921627532,0.01596556359060223,0.1878317088675719,0.011201322544144687,0.035280750856112285,0.004207927110087109
skin_patients_quarter,fallback,certified_initial,cumulative_relative_0,100,1.2338358898861623,0.012364491223026495,1.0,0.23383588988616236,0.012364491223026495,0.2642241606592385,0.010867501073130866,0.06981440707607905,0.005742912699022753
skin_patients_quarter,fallback,certified_initial,baseline_relative_ISE_0,100,0.08631023865909575,0.006189052482593331,,,,,,,
skin_patients_quarter,fallback,certified_initial,cumulative_relative_1,100,1.241834139695709,0.02171616676597541,1.0,0.24183413969570922,0.02171616676597541,0.3243013245796595,0.016766397505688004,0.10517134912412164,0.010874729839047437
skin_patients_quarter,fallback,certified_initial,baseline_relative_ISE_1,100,0.14329887080809076,0.01311818512027616,,,,,,,
skin_patients_quarter,fallback,certified_initial,prediction_mse,100,0.941954401438303,0.009429787560351347,,,,,,,
skin_patients_quarter,fallback,certified_initial,negative_prediction_fraction,100,0.0,0.0,,,,,,,
skin_patients_quarter,initial,coupled_accepted,treatment_0,100,0.12124150236797542,0.012478593166935368,0.125,-0.003758497632024557,0.012478593166935368,0.12421730861523547,0.007467875095957072,0.015429939759612654,0.0018552786909890617
skin_patients_quarter,initial,coupled_accepted,age10_0,100,-0.04521950738707442,0.006498423135937591,-0.05,0.004780492612925578,0.006498423135937591,0.06483497460273616,0.005949868238571065,0.004203573931737442,0.0007715191122747631
skin_patients_quarter,initial,coupled_accepted,treatment_1,100,0.25660104099347747,0.021042281688246494,0.246,0.010601040993477438,0.021042281688246494,0.20963627147096764,0.019064614809731387,0.04394736631624924,0.007993269531484559
skin_patients_quarter,initial,coupled_accepted,age10_1,100,0.15469340677682958,0.010104579981328072,0.156,-0.0013065932231704257,0.010104579981328073,0.1005477911699575,0.0074829991763945185,0.010109858309157383,0.00150479807702616
skin_patients_quarter,initial,coupled_accepted,sigma0,100,-0.002445047011248911,0.0007357664850183921,0.002,-0.004445047011248911,0.0007357664850183921,0.008564597051780575,0.0004977180907094716,7.335232265936853e-05,8.525509784616393e-06
skin_patients_quarter,initial,coupled_accepted,sigma1,100,-0.0009368304472969367,0.0005852774931027573,0.003,-0.003936830447296936,0.0005852774931027573,0.007029300009253865,0.0003562353808344627,4.9411058620096385e-05,5.0081707315924856e-06
skin_patients_quarter,initial,coupled_accepted,nu0,100,0.37609320297183174,0.004618837696702152,0.95,-0.5739067970281682,0.0046188376967021515,0.5757439050309697,0.0043741168091375,0.33148104418031027,0.005036742185508859
skin_patients_quarter,initial,coupled_accepted,nu1,100,0.291297666470109,0.005308528389406209,1.85,-1.5587023335298908,0.005308528389406208,1.5595970093084879,0.005265098892710819,2.4323428314439797,0.01642286497357045
skin_patients_quarter,initial,coupled_accepted,theta,100,0.03478719247339454,0.0027523933948987375,0.3,-0.2652128075266054,0.0027523933948987375,0.2666230007834512,0.0026663319890343697,0.0710878245467722,0.0014218108720025035
skin_patients_quarter,initial,coupled_accepted,cumulative_relative_0,100,1.1564768725693666,0.010838328739990037,1.0,0.15647687256936654,0.01083832873999004,0.19003809951381612,0.009427044374932072,0.03611447926682308,0.003582995194089003
skin_patients_quarter,initial,coupled_accepted,baseline_relative_ISE_0,100,0.04997208338956826,0.003909255850802702,,,,,,,
skin_patients_quarter,initial,coupled_accepted,cumulative_relative_1,100,1.2558006302764606,0.020153564253595838,1.0,0.2558006302764608,0.020153564253595838,0.32502986248972937,0.014750506070679775,0.10564441151009238,0.009588709919613931
skin_patients_quarter,initial,coupled_accepted,baseline_relative_ISE_1,100,0.14135890552995636,0.010760775942506259,,,,,,,
skin_patients_quarter,initial,coupled_accepted,prediction_mse,100,0.8839260684386795,0.005974771296972071,,,,,,,
skin_patients_quarter,initial,coupled_accepted,negative_prediction_fraction,100,0.0,0.0,,,,,,,
skin_patients_quarter,projected_initial,coupled_accepted,treatment_0,100,0.12124150236797542,0.012478593166935368,0.125,-0.003758497632024557,0.012478593166935368,0.12421730861523547,0.007467875095957072,0.015429939759612654,0.0018552786909890617
skin_patients_quarter,projected_initial,coupled_accepted,age10_0,100,-0.04521950738707442,0.006498423135937591,-0.05,0.004780492612925578,0.006498423135937591,0.06483497460273616,0.005949868238571065,0.004203573931737442,0.0007715191122747631
skin_patients_quarter,projected_initial,coupled_accepted,treatment_1,100,0.25660104099347747,0.021042281688246494,0.246,0.010601040993477438,0.021042281688246494,0.20963627147096764,0.019064614809731387,0.04394736631624924,0.007993269531484559
skin_patients_quarter,projected_initial,coupled_accepted,age10_1,100,0.15469340677682958,0.010104579981328072,0.156,-0.0013065932231704257,0.010104579981328073,0.1005477911699575,0.0074829991763945185,0.010109858309157383,0.00150479807702616
skin_patients_quarter,projected_initial,coupled_accepted,sigma0,100,0.0019186142911836945,0.00042241690536940255,0.002,-8.138570881630565e-05,0.0004224169053694025,0.004203783032679487,0.0007609563383787005,1.7671791785843946e-05,6.397790687772583e-06
skin_patients_quarter,projected_initial,coupled_accepted,sigma1,100,0.0019268632570305676,0.00035269288300634544,0.003,-0.0010731367429694322,0.00035269288300634544,0.0036696671745160324,0.00032975929842976847,1.3466457171720481e-05,2.420213745878315e-06
skin_patients_quarter,projected_initial,coupled_accepted,nu0,100,0.37609320297183174,0.00461883769670215,0.95,-0.5739067970281682,0.00461883769670215,0.5757439050309696,0.0043741168091375,0.33148104418031016,0.005036742185508858
skin_patients_quarter,projected_initial,coupled_accepted,nu1,100,0.291297666470109,0.0053085283894062085,1.85,-1.5587023335298908,0.005308528389406208,1.5595970093084879,0.005265098892710819,2.4323428314439797,0.01642286497357045
skin_patients_quarter,projected_initial,coupled_accepted,theta,100,0.03478719247339454,0.0027523933948987375,0.3,-0.2652128075266054,0.0027523933948987375,0.2666230007834512,0.0026663319890343697,0.0710878245467722,0.0014218108720025035
skin_patients_quarter,projected_initial,coupled_accepted,cumulative_relative_0,100,1.1564768725693666,0.010838328739990037,1.0,0.15647687256936654,0.01083832873999004,0.19003809951381612,0.009427044374932072,0.03611447926682308,0.003582995194089003
skin_patients_quarter,projected_initial,coupled_accepted,baseline_relative_ISE_0,100,0.04997208338956826,0.003909255850802702,,,,,,,
skin_patients_quarter,projected_initial,coupled_accepted,cumulative_relative_1,100,1.2558006302764606,0.020153564253595838,1.0,0.2558006302764608,0.020153564253595838,0.32502986248972937,0.014750506070679775,0.10564441151009238,0.009588709919613931
skin_patients_quarter,projected_initial,coupled_accepted,baseline_relative_ISE_1,100,0.14135890552995636,0.010760775942506259,,,,,,,
skin_patients_quarter,projected_initial,coupled_accepted,prediction_mse,100,0.8839260684386795,0.005974771296972071,,,,,,,
skin_patients_quarter,projected_initial,coupled_accepted,negative_prediction_fraction,100,0.0,0.0,,,,,,,
skin_patients_quarter,coupled,coupled_accepted,treatment_0,100,0.12299448214335686,0.011928383849564584,0.125,-0.0020055178566431658,0.011928383849564584,0.1187028638528409,0.0073703136869545756,0.014090369886866082,0.0017497546842705977
skin_patients_quarter,coupled,coupled_accepted,age10_0,100,-0.04715105755862255,0.006168672042708785,-0.05,0.002848942441377456,0.006168672042708785,0.06144359555977727,0.005632155012143317,0.0037753154353134814,0.0006921197093922129
skin_patients_quarter,coupled,coupled_accepted,treatment_1,100,0.25780014050492156,0.021233023971431272,0.246,0.011800140504921586,0.02123302397143127,0.21159520955376568,0.018960439938716645,0.044772532706102014,0.008023876524128674
skin_patients_quarter,coupled,coupled_accepted,age10_1,100,0.15512083893686102,0.010195969027594745,0.156,-0.0008791610631389815,0.010195969027594745,0.10145242028128458,0.007589939026069879,0.010292593580930402,0.0015400353679643304
skin_patients_quarter,coupled,coupled_accepted,sigma0,100,0.0032235218968646793,0.0007389936952844395,0.002,0.0012235218968646793,0.0007389936952844395,0.007453996399076959,0.0011186343430941408,5.556206231745227e-05,1.667659273061509e-05
skin_patients_quarter,coupled,coupled_accepted,sigma1,100,0.00906832987239007,0.001962014018996832,0.003,0.006068329872390071,0.001962014018996832,0.020443214754617526,0.003392803158030072,0.00041792502950341174,0.0001387196071595066
skin_patients_quarter,coupled,coupled_accepted,nu0,100,0.4549299044848918,0.020368434656121006,0.95,-0.4950700955151083,0.020368434656121006,0.5349456415160935,0.013527542894589548,0.2861668393770648,0.014473000223765357
skin_patients_quarter,coupled,coupled_accepted,nu1,100,1.1583128074086548,0.05262639923107217,1.85,-0.691687192591345,0.05262639923107217,0.8675341054400616,0.03768803670734991,0.7526154241016879,0.06539131442140601
skin_patients_quarter,coupled,coupled_accepted,theta,100,0.19977162078372468,0.01596556359060223,0.3,-0.10022837921627532,0.01596556359060223,0.1878317088675719,0.011201322544144687,0.035280750856112285,0.004207927110087109
skin_patients_quarter,coupled,coupled_accepted,cumulative_relative_0,100,1.2338358898861623,0.012364491223026495,1.0,0.23383588988616236,0.012364491223026495,0.2642241606592385,0.010867501073130866,0.06981440707607905,0.005742912699022753
skin_patients_quarter,coupled,coupled_accepted,baseline_relative_ISE_0,100,0.08631023865909575,0.006189052482593331,,,,,,,
skin_patients_quarter,coupled,coupled_accepted,cumulative_relative_1,100,1.241834139695709,0.02171616676597541,1.0,0.24183413969570922,0.02171616676597541,0.3243013245796595,0.016766397505688004,0.10517134912412164,0.010874729839047437
skin_patients_quarter,coupled,coupled_accepted,baseline_relative_ISE_1,100,0.14329887080809076,0.01311818512027616,,,,,,,
skin_patients_quarter,coupled,coupled_accepted,prediction_mse,100,0.941954401438303,0.009429787560351347,,,,,,,
skin_patients_quarter,coupled,coupled_accepted,negative_prediction_fraction,100,0.0,0.0,,,,,,,
skin_patients_fourfold,initial,certified_initial,treatment_0,100,0.12889400662759154,0.0031644379869229626,0.125,0.0038940066275915397,0.0031644379869229626,0.03172564258058063,0.001982980775372091,0.001006516397150751,0.00012582267864723519
skin_patients_fourfold,initial,certified_initial,age10_0,100,-0.0579401673634412,0.0015279383997486681,-0.05,-0.007940167363441204,0.0015279383997486681,0.017151420855097757,0.0010955680588084192,0.0002941712373486823,3.758109770405137e-05
skin_patients_fourfold,initial,certified_initial,treatment_1,100,0.26279673419301514,0.0053233256815468765,0.246,0.016796734193015094,0.0053233256815468765,0.05556592583967837,0.003443604534170189,0.0030875721144206364,0.00038269414833376177
skin_patients_fourfold,initial,certified_initial,age10_1,100,0.14886559188366974,0.002860545676925266,0.156,-0.007134408116330256,0.002860545676925266,0.02934261771857048,0.0018665243616458305,0.0008609892145781662,0.0001095374216123448
skin_patients_fourfold,initial,certified_initial,sigma0,100,0.0004243070593501402,7.136985100644488e-05,0.002,-0.0015756929406498602,7.136985100644488e-05,0.001728317144175031,5.482322203138373e-05,2.9870801508493347e-06,1.8950382907150953e-07
skin_patients_fourfold,initial,certified_initial,sigma1,100,0.00013938483400670993,5.6563922950165154e-05,0.003,-0.0028606151659932907,5.656392295016517e-05,0.002915453204646325,4.7932152261175586e-05,8.499867388482526e-06,2.794878938308799e-07
skin_patients_fourfold,initial,certified_initial,nu0,100,0.37204930697994676,0.0011852195810924627,0.95,-0.5779506930200532,0.0011852195810924627,0.5780709933584671,0.0011761117275395703,0.3341660733624449,0.0013597521492786846
skin_patients_fourfold,initial,certified_initial,nu1,100,0.29479532195094227,0.0013583239967713827,1.85,-1.5552046780490583,0.0013583239967713827,1.5552634021250593,0.001356773456707278,2.418844249989614,0.004220280204383076
skin_patients_fourfold,initial,certified_initial,theta,100,0.03225394735265634,0.0006456079153277222,0.3,-0.26774605264734364,0.0006456079153277226,0.2678230999310686,0.0006441222085909028,0.07172921285668717,0.000345021613278524
skin_patients_fourfold,initial,certified_initial,cumulative_relative_0,100,1.1454919687781322,0.003195074774222581,1.0,0.1454919687781322,0.003195074774222581,0.1489246613473117,0.003147487087059606,0.02217855475741147,0.0009374768970707768
skin_patients_fourfold,initial,certified_initial,baseline_relative_ISE_0,100,0.026858411589565576,0.0009477589784084795,,,,,,,
skin_patients_fourfold,initial,certified_initial,cumulative_relative_1,100,1.2579451685779632,0.005510883202296991,1.0,0.2579451685779633,0.005510883202296991,0.2637087854546762,0.005650130267454786,0.06954232352598044,0.002979977980982413
skin_patients_fourfold,initial,certified_initial,baseline_relative_ISE_1,100,0.07806951263148601,0.0031111103499254027,,,,,,,
skin_patients_fourfold,initial,certified_initial,prediction_mse,100,0.8866520424412961,0.002333409128245942,,,,,,,
skin_patients_fourfold,initial,certified_initial,negative_prediction_fraction,100,0.0,0.0,,,,,,,
skin_patients_fourfold,projected_initial,certified_initial,treatment_0,100,0.12889400662759154,0.0031644379869229626,0.125,0.0038940066275915397,0.0031644379869229626,0.03172564258058063,0.001982980775372091,0.001006516397150751,0.00012582267864723519
skin_patients_fourfold,projected_initial,certified_initial,age10_0,100,-0.0579401673634412,0.0015279383997486681,-0.05,-0.007940167363441204,0.0015279383997486681,0.017151420855097757,0.0010955680588084192,0.0002941712373486823,3.758109770405137e-05
skin_patients_fourfold,projected_initial,certified_initial,treatment_1,100,0.26279673419301514,0.0053233256815468765,0.246,0.016796734193015094,0.0053233256815468765,0.05556592583967837,0.003443604534170189,0.0030875721144206364,0.00038269414833376177
skin_patients_fourfold,projected_initial,certified_initial,age10_1,100,0.14886559188366974,0.002860545676925266,0.156,-0.007134408116330256,0.002860545676925266,0.02934261771857048,0.0018665243616458305,0.0008609892145781662,0.0001095374216123448
skin_patients_fourfold,projected_initial,certified_initial,sigma0,100,0.000510609433673937,6.25245647130063e-05,0.002,-0.0014893905663260632,6.25245647130063e-05,0.0016140963593056054,4.293448313926487e-05,2.6053070571236104e-06,1.3860078584751065e-07
skin_patients_fourfold,projected_initial,certified_initial,sigma1,100,0.00027328291194396746,4.621080842305371e-05,0.003,-0.0027267170880560325,4.621080842305371e-05,0.002765211478529784,3.6769626753556464e-05,7.646394520992873e-06,2.0335158792038035e-07
skin_patients_fourfold,projected_initial,certified_initial,nu0,100,0.37204930697994676,0.0011852195810924632,0.95,-0.5779506930200532,0.0011852195810924632,0.5780709933584671,0.001176111727539571,0.33416607336244497,0.0013597521492786852
skin_patients_fourfold,projected_initial,certified_initial,nu1,100,0.29479532195094227,0.0013583239967713831,1.85,-1.5552046780490583,0.0013583239967713827,1.5552634021250593,0.0013567734567072783,2.418844249989614,0.004220280204383077
skin_patients_fourfold,projected_initial,certified_initial,theta,100,0.03225394735265634,0.000645607915327722,0.3,-0.26774605264734364,0.000645607915327722,0.2678230999310686,0.0006441222085909022,0.07172921285668717,0.0003450216132785236
skin_patients_fourfold,projected_initial,certified_initial,cumulative_relative_0,100,1.1454919687781322,0.003195074774222581,1.0,0.1454919687781322,0.003195074774222581,0.1489246613473117,0.003147487087059606,0.02217855475741147,0.0009374768970707768
skin_patients_fourfold,projected_initial,certified_initial,baseline_relative_ISE_0,100,0.026858411589565576,0.0009477589784084795,,,,,,,
skin_patients_fourfold,projected_initial,certified_initial,cumulative_relative_1,100,1.2579451685779632,0.005510883202296991,1.0,0.2579451685779633,0.005510883202296991,0.2637087854546762,0.005650130267454786,0.06954232352598044,0.002979977980982413
skin_patients_fourfold,projected_initial,certified_initial,baseline_relative_ISE_1,100,0.07806951263148601,0.0031111103499254027,,,,,,,
skin_patients_fourfold,projected_initial,certified_initial,prediction_mse,100,0.8866520424412961,0.002333409128245942,,,,,,,
skin_patients_fourfold,projected_initial,certified_initial,negative_prediction_fraction,100,0.0,0.0,,,,,,,
skin_patients_fourfold,fallback,certified_initial,treatment_0,100,0.12950650410340794,0.0030305554860725332,0.125,0.004506504103407943,0.0030305554860725332,0.03048853830698187,0.0019160497885254875,0.000929550968096301,0.00011683511475108768
skin_patients_fourfold,fallback,certified_initial,age10_0,100,-0.05965570168272774,0.0014525713672286975,-0.05,-0.009655701682727738,0.0014525713672286975,0.017381569811101744,0.001127049433629766,0.00030211896909820347,3.917977682239692e-05
skin_patients_fourfold,fallback,certified_initial,treatment_1,100,0.26138026812937665,0.005355431534857612,0.246,0.01538026812937665,0.005355431534857612,0.05546112776766902,0.0034802762795859434,0.003075936693261707,0.00038604009481780756
skin_patients_fourfold,fallback,certified_initial,age10_1,100,0.14886870828787868,0.0028345817041016148,0.156,-0.00713129171212129,0.0028345817041016143,0.029091335682104792,0.0018250794902520888,0.0008463058117689035,0.00010618800019489643
skin_patients_fourfold,fallback,certified_initial,sigma0,100,0.0013906341410569894,0.00016485959658224555,0.002,-0.0006093658589430105,0.00016485959658224555,0.0017498619151196382,0.00010503534841853843,3.0620167219861675e-06,3.6759471187784426e-07
skin_patients_fourfold,fallback,certified_initial,sigma1,100,0.002233479403738585,0.00036570291239181355,0.003,-0.0007665205962614145,0.00036570291239181355,0.0037185584865034125,0.0004803463675963089,1.3827677217546548e-05,3.5723921233726845e-06
skin_patients_fourfold,fallback,certified_initial,nu0,100,0.4371418561670826,0.0045917782118594696,0.95,-0.5128581438329174,0.0045917782118594696,0.514889147276663,0.00444424922116305,0.26511083398328916,0.004576591383539233
skin_patients_fourfold,fallback,certified_initial,nu1,100,1.1520022082827255,0.012909590576328196,1.85,-0.6979977917172744,0.012909590576328192,0.7097182628326437,0.012306865562284173,0.5037000125981855,0.01746881449555842
skin_patients_fourfold,fallback,certified_initial,theta,100,0.1843535096665306,0.0036796917409552044,0.3,-0.11564649033346934,0.0036796917409552044,0.12130368389288992,0.0035315708712775166,0.014714583725986162,0.0008567851132295714
skin_patients_fourfold,fallback,certified_initial,cumulative_relative_0,100,1.2264902507467286,0.0034436185232817077,1.0,0.2264902507467285,0.0034436185232817077,0.2290672958503046,0.003430399594040215,0.05247182602817098,0.0015715847173855494
skin_patients_fourfold,fallback,certified_initial,baseline_relative_ISE_0,100,0.05932646958660622,0.001613944236919014,,,,,,,
skin_patients_fourfold,fallback,certified_initial,cumulative_relative_1,100,1.2382547444776264,0.0058289337445993124,1.0,0.23825474447762626,0.0058289337445993124,0.24521214011013584,0.005987576722603267,0.060128993657392896,0.0029364530044463603
skin_patients_fourfold,fallback,certified_initial,baseline_relative_ISE_1,100,0.06744019865825496,0.0031042970573342773,,,,,,,
skin_patients_fourfold,fallback,certified_initial,prediction_mse,100,0.9124168548618531,0.0031030322358618946,,,,,,,
skin_patients_fourfold,fallback,certified_initial,negative_prediction_fraction,100,0.0,0.0,,,,,,,
skin_patients_fourfold,initial,coupled_accepted,treatment_0,100,0.12889400662759154,0.0031644379869229626,0.125,0.0038940066275915397,0.0031644379869229626,0.03172564258058063,0.001982980775372091,0.001006516397150751,0.00012582267864723519
skin_patients_fourfold,initial,coupled_accepted,age10_0,100,-0.0579401673634412,0.0015279383997486681,-0.05,-0.007940167363441204,0.0015279383997486681,0.017151420855097757,0.0010955680588084192,0.0002941712373486823,3.758109770405137e-05
skin_patients_fourfold,initial,coupled_accepted,treatment_1,100,0.26279673419301514,0.0053233256815468765,0.246,0.016796734193015094,0.0053233256815468765,0.05556592583967837,0.003443604534170189,0.0030875721144206364,0.00038269414833376177
skin_patients_fourfold,initial,coupled_accepted,age10_1,100,0.14886559188366974,0.002860545676925266,0.156,-0.007134408116330256,0.002860545676925266,0.02934261771857048,0.0018665243616458305,0.0008609892145781662,0.0001095374216123448
skin_patients_fourfold,initial,coupled_accepted,sigma0,100,0.0004243070593501402,7.136985100644488e-05,0.002,-0.0015756929406498602,7.136985100644488e-05,0.001728317144175031,5.482322203138373e-05,2.9870801508493347e-06,1.8950382907150953e-07
skin_patients_fourfold,initial,coupled_accepted,sigma1,100,0.00013938483400670993,5.6563922950165154e-05,0.003,-0.0028606151659932907,5.656392295016517e-05,0.002915453204646325,4.7932152261175586e-05,8.499867388482526e-06,2.794878938308799e-07
skin_patients_fourfold,initial,coupled_accepted,nu0,100,0.37204930697994676,0.0011852195810924627,0.95,-0.5779506930200532,0.0011852195810924627,0.5780709933584671,0.0011761117275395703,0.3341660733624449,0.0013597521492786846
skin_patients_fourfold,initial,coupled_accepted,nu1,100,0.29479532195094227,0.0013583239967713827,1.85,-1.5552046780490583,0.0013583239967713827,1.5552634021250593,0.001356773456707278,2.418844249989614,0.004220280204383076
skin_patients_fourfold,initial,coupled_accepted,theta,100,0.03225394735265634,0.0006456079153277222,0.3,-0.26774605264734364,0.0006456079153277226,0.2678230999310686,0.0006441222085909028,0.07172921285668717,0.000345021613278524
skin_patients_fourfold,initial,coupled_accepted,cumulative_relative_0,100,1.1454919687781322,0.003195074774222581,1.0,0.1454919687781322,0.003195074774222581,0.1489246613473117,0.003147487087059606,0.02217855475741147,0.0009374768970707768
skin_patients_fourfold,initial,coupled_accepted,baseline_relative_ISE_0,100,0.026858411589565576,0.0009477589784084795,,,,,,,
skin_patients_fourfold,initial,coupled_accepted,cumulative_relative_1,100,1.2579451685779632,0.005510883202296991,1.0,0.2579451685779633,0.005510883202296991,0.2637087854546762,0.005650130267454786,0.06954232352598044,0.002979977980982413
skin_patients_fourfold,initial,coupled_accepted,baseline_relative_ISE_1,100,0.07806951263148601,0.0031111103499254027,,,,,,,
skin_patients_fourfold,initial,coupled_accepted,prediction_mse,100,0.8866520424412961,0.002333409128245942,,,,,,,
skin_patients_fourfold,initial,coupled_accepted,negative_prediction_fraction,100,0.0,0.0,,,,,,,
skin_patients_fourfold,projected_initial,coupled_accepted,treatment_0,100,0.12889400662759154,0.0031644379869229626,0.125,0.0038940066275915397,0.0031644379869229626,0.03172564258058063,0.001982980775372091,0.001006516397150751,0.00012582267864723519
skin_patients_fourfold,projected_initial,coupled_accepted,age10_0,100,-0.0579401673634412,0.0015279383997486681,-0.05,-0.007940167363441204,0.0015279383997486681,0.017151420855097757,0.0010955680588084192,0.0002941712373486823,3.758109770405137e-05
skin_patients_fourfold,projected_initial,coupled_accepted,treatment_1,100,0.26279673419301514,0.0053233256815468765,0.246,0.016796734193015094,0.0053233256815468765,0.05556592583967837,0.003443604534170189,0.0030875721144206364,0.00038269414833376177
skin_patients_fourfold,projected_initial,coupled_accepted,age10_1,100,0.14886559188366974,0.002860545676925266,0.156,-0.007134408116330256,0.002860545676925266,0.02934261771857048,0.0018665243616458305,0.0008609892145781662,0.0001095374216123448
skin_patients_fourfold,projected_initial,coupled_accepted,sigma0,100,0.000510609433673937,6.25245647130063e-05,0.002,-0.0014893905663260632,6.25245647130063e-05,0.0016140963593056054,4.293448313926487e-05,2.6053070571236104e-06,1.3860078584751065e-07
skin_patients_fourfold,projected_initial,coupled_accepted,sigma1,100,0.00027328291194396746,4.621080842305371e-05,0.003,-0.0027267170880560325,4.621080842305371e-05,0.002765211478529784,3.6769626753556464e-05,7.646394520992873e-06,2.0335158792038035e-07
skin_patients_fourfold,projected_initial,coupled_accepted,nu0,100,0.37204930697994676,0.0011852195810924632,0.95,-0.5779506930200532,0.0011852195810924632,0.5780709933584671,0.001176111727539571,0.33416607336244497,0.0013597521492786852
skin_patients_fourfold,projected_initial,coupled_accepted,nu1,100,0.29479532195094227,0.0013583239967713831,1.85,-1.5552046780490583,0.0013583239967713827,1.5552634021250593,0.0013567734567072783,2.418844249989614,0.004220280204383077
skin_patients_fourfold,projected_initial,coupled_accepted,theta,100,0.03225394735265634,0.000645607915327722,0.3,-0.26774605264734364,0.000645607915327722,0.2678230999310686,0.0006441222085909022,0.07172921285668717,0.0003450216132785236
skin_patients_fourfold,projected_initial,coupled_accepted,cumulative_relative_0,100,1.1454919687781322,0.003195074774222581,1.0,0.1454919687781322,0.003195074774222581,0.1489246613473117,0.003147487087059606,0.02217855475741147,0.0009374768970707768
skin_patients_fourfold,projected_initial,coupled_accepted,baseline_relative_ISE_0,100,0.026858411589565576,0.0009477589784084795,,,,,,,
skin_patients_fourfold,projected_initial,coupled_accepted,cumulative_relative_1,100,1.2579451685779632,0.005510883202296991,1.0,0.2579451685779633,0.005510883202296991,0.2637087854546762,0.005650130267454786,0.06954232352598044,0.002979977980982413
skin_patients_fourfold,projected_initial,coupled_accepted,baseline_relative_ISE_1,100,0.07806951263148601,0.0031111103499254027,,,,,,,
skin_patients_fourfold,projected_initial,coupled_accepted,prediction_mse,100,0.8866520424412961,0.002333409128245942,,,,,,,
skin_patients_fourfold,projected_initial,coupled_accepted,negative_prediction_fraction,100,0.0,0.0,,,,,,,
skin_patients_fourfold,coupled,coupled_accepted,treatment_0,100,0.12950650410340794,0.0030305554860725332,0.125,0.004506504103407943,0.0030305554860725332,0.03048853830698187,0.0019160497885254875,0.000929550968096301,0.00011683511475108768
skin_patients_fourfold,coupled,coupled_accepted,age10_0,100,-0.05965570168272774,0.0014525713672286975,-0.05,-0.009655701682727738,0.0014525713672286975,0.017381569811101744,0.001127049433629766,0.00030211896909820347,3.917977682239692e-05
skin_patients_fourfold,coupled,coupled_accepted,treatment_1,100,0.26138026812937665,0.005355431534857612,0.246,0.01538026812937665,0.005355431534857612,0.05546112776766902,0.0034802762795859434,0.003075936693261707,0.00038604009481780756
skin_patients_fourfold,coupled,coupled_accepted,age10_1,100,0.14886870828787868,0.0028345817041016148,0.156,-0.00713129171212129,0.0028345817041016143,0.029091335682104792,0.0018250794902520888,0.0008463058117689035,0.00010618800019489643
skin_patients_fourfold,coupled,coupled_accepted,sigma0,100,0.0013906341410569894,0.00016485959658224555,0.002,-0.0006093658589430105,0.00016485959658224555,0.0017498619151196382,0.00010503534841853843,3.0620167219861675e-06,3.6759471187784426e-07
skin_patients_fourfold,coupled,coupled_accepted,sigma1,100,0.002233479403738585,0.00036570291239181355,0.003,-0.0007665205962614145,0.00036570291239181355,0.0037185584865034125,0.0004803463675963089,1.3827677217546548e-05,3.5723921233726845e-06
skin_patients_fourfold,coupled,coupled_accepted,nu0,100,0.4371418561670826,0.0045917782118594696,0.95,-0.5128581438329174,0.0045917782118594696,0.514889147276663,0.00444424922116305,0.26511083398328916,0.004576591383539233
skin_patients_fourfold,coupled,coupled_accepted,nu1,100,1.1520022082827255,0.012909590576328196,1.85,-0.6979977917172744,0.012909590576328192,0.7097182628326437,0.012306865562284173,0.5037000125981855,0.01746881449555842
skin_patients_fourfold,coupled,coupled_accepted,theta,100,0.1843535096665306,0.0036796917409552044,0.3,-0.11564649033346934,0.0036796917409552044,0.12130368389288992,0.0035315708712775166,0.014714583725986162,0.0008567851132295714
skin_patients_fourfold,coupled,coupled_accepted,cumulative_relative_0,100,1.2264902507467286,0.0034436185232817077,1.0,0.2264902507467285,0.0034436185232817077,0.2290672958503046,0.003430399594040215,0.05247182602817098,0.0015715847173855494
skin_patients_fourfold,coupled,coupled_accepted,baseline_relative_ISE_0,100,0.05932646958660622,0.001613944236919014,,,,,,,
skin_patients_fourfold,coupled,coupled_accepted,cumulative_relative_1,100,1.2382547444776264,0.0058289337445993124,1.0,0.23825474447762626,0.0058289337445993124,0.24521214011013584,0.005987576722603267,0.060128993657392896,0.0029364530044463603
skin_patients_fourfold,coupled,coupled_accepted,baseline_relative_ISE_1,100,0.06744019865825496,0.0031042970573342773,,,,,,,
skin_patients_fourfold,coupled,coupled_accepted,prediction_mse,100,0.9124168548618531,0.0031030322358618946,,,,,,,
skin_patients_fourfold,coupled,coupled_accepted,negative_prediction_fraction,100,0.0,0.0,,,,,,,
skin_clinics28,initial,certified_initial,treatment_0,100,0.13428277018370582,0.0034609105759780276,0.125,0.009282770183705841,0.0034609105759780276,0.03566485835889773,0.0021892016968897074,0.0012719821217602376,0.00015615513687725996
skin_clinics28,initial,certified_initial,age10_0,100,-0.053971748831504456,0.0015271920911705758,-0.05,-0.0039717488315044605,0.0015271920911705758,0.015705860098403357,0.0010578039863105646,0.00024667404143061876,3.322744284105422e-05
skin_clinics28,initial,certified_initial,treatment_1,100,0.25505263356289865,0.004867846725152655,0.246,0.00905263356289869,0.004867846725152655,0.0492731916628351,0.00373551548774257,0.0024278474166424826,0.0003681215411740572
skin_clinics28,initial,certified_initial,age10_1,100,0.15524795338382322,0.0023355414118100826,0.156,-0.0007520466161767704,0.0023355414118100826,0.023250509436453355,0.001562031701015863,0.0005405861890546065,7.263606560901722e-05
skin_clinics28,initial,certified_initial,sigma0,100,0.00037213950480492525,0.00011390863940486515,0.002,-0.0016278604951950751,0.00011390863940486515,0.0019835504598553692,7.908877619647855e-05,3.934472426792447e-06,3.137531567878468e-07
skin_clinics28,initial,certified_initial,sigma1,100,0.00011627651581093683,0.00010317105493915405,0.003,-0.002883723484189063,0.00010317105493915405,0.003060987344699753,8.628127441373607e-05,9.369643524412045e-06,5.282117781300254e-07
skin_clinics28,initial,certified_initial,nu0,100,0.3714854171746053,0.0009311588951146259,0.95,-0.5785145828253947,0.0009311588951146265,0.5785887668919502,0.0009317560010920213,0.3347649611735475,0.0010782071114320143
skin_clinics28,initial,certified_initial,nu1,100,0.294623800301202,0.0011448035997249594,1.85,-1.555376199698798,0.0011448035997249594,1.5554179083263726,0.0011453272782121304,2.419324869542388,0.0035629251188516987
skin_clinics28,initial,certified_initial,theta,100,0.032448531671476245,0.0006511833184385768,0.3,-0.2675514683285238,0.0006511833184385769,0.2676299088974476,0.000655015998840149,0.07162576813645609,0.00035060374419191946
skin_clinics28,initial,certified_initial,cumulative_relative_0,100,1.1443651677504296,0.003261660456982312,1.0,0.1443651677504295,0.003261660456982312,0.14796792261952324,0.0031144522767817357,0.021894506124337215,0.0009216780669860756
skin_clinics28,initial,certified_initial,baseline_relative_ISE_0,100,0.02652806030514361,0.0009180514413930539,,,,,,,
skin_clinics28,initial,certified_initial,cumulative_relative_1,100,1.2618219183738464,0.004649586071955292,1.0,0.2618219183738464,0.004649586071955292,0.2658777225612793,0.004510538099849262,0.0706909633543726,0.002398503195027604
skin_clinics28,initial,certified_initial,baseline_relative_ISE_1,100,0.08031761021331794,0.0024992392657308036,,,,,,,
skin_clinics28,initial,certified_initial,prediction_mse,100,0.8845451775747765,0.0014716459258343156,,,,,,,
skin_clinics28,initial,certified_initial,negative_prediction_fraction,100,0.0,0.0,,,,,,,
skin_clinics28,projected_initial,certified_initial,treatment_0,100,0.13428277018370582,0.0034609105759780276,0.125,0.009282770183705841,0.0034609105759780276,0.03566485835889773,0.0021892016968897074,0.0012719821217602376,0.00015615513687725996
skin_clinics28,projected_initial,certified_initial,age10_0,100,-0.053971748831504456,0.0015271920911705758,-0.05,-0.0039717488315044605,0.0015271920911705758,0.015705860098403357,0.0010578039863105646,0.00024667404143061876,3.322744284105422e-05
skin_clinics28,projected_initial,certified_initial,treatment_1,100,0.25505263356289865,0.004867846725152655,0.246,0.00905263356289869,0.004867846725152655,0.0492731916628351,0.00373551548774257,0.0024278474166424826,0.0003681215411740572
skin_clinics28,projected_initial,certified_initial,age10_1,100,0.15524795338382322,0.0023355414118100826,0.156,-0.0007520466161767704,0.0023355414118100826,0.023250509436453355,0.001562031701015863,0.0005405861890546065,7.263606560901722e-05
skin_clinics28,projected_initial,certified_initial,sigma0,100,0.000629696787675223,9.01252704714528e-05,0.002,-0.0013703032123247774,9.01252704714528e-05,0.0016376399992322193,4.527119206267457e-05,2.681864767085303e-06,1.4827582986952007e-07
skin_clinics28,projected_initial,certified_initial,sigma1,100,0.00044579878895048027,7.501140931654063e-05,0.003,-0.0025542012110495193,7.501140931654064e-05,0.0026610126395349085,5.232835438905552e-05,7.080988267764542e-06,2.784928248706775e-07
skin_clinics28,projected_initial,certified_initial,nu0,100,0.37148541717460537,0.0009311588951146258,0.95,-0.5785145828253947,0.0009311588951146255,0.5785887668919502,0.0009317560010920207,0.3347649611735475,0.0010782071114320137
skin_clinics28,projected_initial,certified_initial,nu1,100,0.294623800301202,0.0011448035997249592,1.85,-1.555376199698798,0.0011448035997249583,1.5554179083263724,0.0011453272782121298,2.4193248695423875,0.003562925118851696
skin_clinics28,projected_initial,certified_initial,theta,100,0.03244853167147625,0.0006511833184385768,0.3,-0.2675514683285238,0.0006511833184385768,0.2676299088974476,0.0006550159988401489,0.07162576813645609,0.0003506037441919194
skin_clinics28,projected_initial,certified_initial,cumulative_relative_0,100,1.1443651677504296,0.003261660456982312,1.0,0.1443651677504295,0.003261660456982312,0.14796792261952324,0.0031144522767817357,0.021894506124337215,0.0009216780669860756
skin_clinics28,projected_initial,certified_initial,baseline_relative_ISE_0,100,0.02652806030514361,0.0009180514413930539,,,,,,,
skin_clinics28,projected_initial,certified_initial,cumulative_relative_1,100,1.2618219183738464,0.004649586071955292,1.0,0.2618219183738464,0.004649586071955292,0.2658777225612793,0.004510538099849262,0.0706909633543726,0.002398503195027604
skin_clinics28,projected_initial,certified_initial,baseline_relative_ISE_1,100,0.08031761021331794,0.0024992392657308036,,,,,,,
skin_clinics28,projected_initial,certified_initial,prediction_mse,100,0.8845451775747765,0.0014716459258343156,,,,,,,
skin_clinics28,projected_initial,certified_initial,negative_prediction_fraction,100,0.0,0.0,,,,,,,
skin_clinics28,fallback,certified_initial,treatment_0,100,0.13444273144418167,0.0034097513873515457,0.125,0.009442731444181668,0.0034097513873515457,0.03521617845476664,0.0022008206573092782,0.0012401792249579703,0.0001550089860294807
skin_clinics28,fallback,certified_initial,age10_0,100,-0.05619347797165926,0.0014395248189237307,-0.05,-0.006193477971659261,0.0014395248189237307,0.015604810415729857,0.0010077903737994876,0.00024351010811087104,3.145275544387706e-05
skin_clinics28,fallback,certified_initial,treatment_1,100,0.25356872452619056,0.004881837561625982,0.246,0.00756872452619058,0.004881837561625983,0.04915981133797696,0.0037806866823106274,0.002416687050785488,0.00037171568806078494
skin_clinics28,fallback,certified_initial,age10_1,100,0.15548790956524355,0.0023527441577845527,0.156,-0.0005120904347564563,0.002352744157784553,0.02341510919770212,0.0015858949528812782,0.0005482673387403143,7.426780699559958e-05
skin_clinics28,fallback,certified_initial,sigma0,100,0.0018554768787698713,0.00019148872820638494,0.002,-0.00014452312123012847,0.00019148872820638494,0.001910762230773331,0.00017530328251401267,3.6510123025498762e-06,6.699257823167246e-07
skin_clinics28,fallback,certified_initial,sigma1,100,0.0026445677844113774,0.0003795103373826649,0.003,-0.0003554322155886226,0.0003795103373826649,0.0037927712271805087,0.00047219066634715165,1.4385113581728343e-05,3.581822346129337e-06
skin_clinics28,fallback,certified_initial,nu0,100,0.44021288701387706,0.003660009064996047,0.95,-0.509787112986123,0.0036600090649960464,0.5110861684060287,0.0036517617992358332,0.2612090715359556,0.003732729891805895
skin_clinics28,fallback,certified_initial,nu1,100,1.154367976050287,0.012163076338983326,1.85,-0.6956320239497131,0.012163076338983326,0.7060807424941854,0.012077589692624537,0.49855001492114015,0.017055506995416907
skin_clinics28,fallback,certified_initial,theta,100,0.18610427188948533,0.003810559684890546,0.3,-0.11389572811051464,0.003810559684890546,0.12004063073777758,0.003977674192642626,0.014409753027923472,0.0009549650379084022
skin_clinics28,fallback,certified_initial,cumulative_relative_0,100,1.2222655085409233,0.0037001202487732593,1.0,0.22226550854092322,0.0037001202487732593,0.2252939288632475,0.003605035102490573,0.05075735438263802,0.0016243850438600427
skin_clinics28,fallback,certified_initial,baseline_relative_ISE_0,100,0.0571920767646523,0.001655972070155989,,,,,,,
skin_clinics28,fallback,certified_initial,cumulative_relative_1,100,1.2408654415855338,0.0050198493446800534,1.0,0.24086544158553355,0.005019849344680053,0.24598953393809114,0.0048888453874754625,0.0605108508070793,0.002405209596720951
skin_clinics28,fallback,certified_initial,baseline_relative_ISE_1,100,0.06860382809561866,0.0025227642036454315,,,,,,,
skin_clinics28,fallback,certified_initial,prediction_mse,100,0.907564317667276,0.00216172803861872,,,,,,,
skin_clinics28,fallback,certified_initial,negative_prediction_fraction,100,0.0,0.0,,,,,,,
skin_clinics28,initial,coupled_accepted,treatment_0,100,0.13428277018370582,0.0034609105759780276,0.125,0.009282770183705841,0.0034609105759780276,0.03566485835889773,0.0021892016968897074,0.0012719821217602376,0.00015615513687725996
skin_clinics28,initial,coupled_accepted,age10_0,100,-0.053971748831504456,0.0015271920911705758,-0.05,-0.0039717488315044605,0.0015271920911705758,0.015705860098403357,0.0010578039863105646,0.00024667404143061876,3.322744284105422e-05
skin_clinics28,initial,coupled_accepted,treatment_1,100,0.25505263356289865,0.004867846725152655,0.246,0.00905263356289869,0.004867846725152655,0.0492731916628351,0.00373551548774257,0.0024278474166424826,0.0003681215411740572
skin_clinics28,initial,coupled_accepted,age10_1,100,0.15524795338382322,0.0023355414118100826,0.156,-0.0007520466161767704,0.0023355414118100826,0.023250509436453355,0.001562031701015863,0.0005405861890546065,7.263606560901722e-05
skin_clinics28,initial,coupled_accepted,sigma0,100,0.00037213950480492525,0.00011390863940486515,0.002,-0.0016278604951950751,0.00011390863940486515,0.0019835504598553692,7.908877619647855e-05,3.934472426792447e-06,3.137531567878468e-07
skin_clinics28,initial,coupled_accepted,sigma1,100,0.00011627651581093683,0.00010317105493915405,0.003,-0.002883723484189063,0.00010317105493915405,0.003060987344699753,8.628127441373607e-05,9.369643524412045e-06,5.282117781300254e-07
skin_clinics28,initial,coupled_accepted,nu0,100,0.3714854171746053,0.0009311588951146259,0.95,-0.5785145828253947,0.0009311588951146265,0.5785887668919502,0.0009317560010920213,0.3347649611735475,0.0010782071114320143
skin_clinics28,initial,coupled_accepted,nu1,100,0.294623800301202,0.0011448035997249594,1.85,-1.555376199698798,0.0011448035997249594,1.5554179083263726,0.0011453272782121304,2.419324869542388,0.0035629251188516987
skin_clinics28,initial,coupled_accepted,theta,100,0.032448531671476245,0.0006511833184385768,0.3,-0.2675514683285238,0.0006511833184385769,0.2676299088974476,0.000655015998840149,0.07162576813645609,0.00035060374419191946
skin_clinics28,initial,coupled_accepted,cumulative_relative_0,100,1.1443651677504296,0.003261660456982312,1.0,0.1443651677504295,0.003261660456982312,0.14796792261952324,0.0031144522767817357,0.021894506124337215,0.0009216780669860756
skin_clinics28,initial,coupled_accepted,baseline_relative_ISE_0,100,0.02652806030514361,0.0009180514413930539,,,,,,,
skin_clinics28,initial,coupled_accepted,cumulative_relative_1,100,1.2618219183738464,0.004649586071955292,1.0,0.2618219183738464,0.004649586071955292,0.2658777225612793,0.004510538099849262,0.0706909633543726,0.002398503195027604
skin_clinics28,initial,coupled_accepted,baseline_relative_ISE_1,100,0.08031761021331794,0.0024992392657308036,,,,,,,
skin_clinics28,initial,coupled_accepted,prediction_mse,100,0.8845451775747765,0.0014716459258343156,,,,,,,
skin_clinics28,initial,coupled_accepted,negative_prediction_fraction,100,0.0,0.0,,,,,,,
skin_clinics28,projected_initial,coupled_accepted,treatment_0,100,0.13428277018370582,0.0034609105759780276,0.125,0.009282770183705841,0.0034609105759780276,0.03566485835889773,0.0021892016968897074,0.0012719821217602376,0.00015615513687725996
skin_clinics28,projected_initial,coupled_accepted,age10_0,100,-0.053971748831504456,0.0015271920911705758,-0.05,-0.0039717488315044605,0.0015271920911705758,0.015705860098403357,0.0010578039863105646,0.00024667404143061876,3.322744284105422e-05
skin_clinics28,projected_initial,coupled_accepted,treatment_1,100,0.25505263356289865,0.004867846725152655,0.246,0.00905263356289869,0.004867846725152655,0.0492731916628351,0.00373551548774257,0.0024278474166424826,0.0003681215411740572
skin_clinics28,projected_initial,coupled_accepted,age10_1,100,0.15524795338382322,0.0023355414118100826,0.156,-0.0007520466161767704,0.0023355414118100826,0.023250509436453355,0.001562031701015863,0.0005405861890546065,7.263606560901722e-05
skin_clinics28,projected_initial,coupled_accepted,sigma0,100,0.000629696787675223,9.01252704714528e-05,0.002,-0.0013703032123247774,9.01252704714528e-05,0.0016376399992322193,4.527119206267457e-05,2.681864767085303e-06,1.4827582986952007e-07
skin_clinics28,projected_initial,coupled_accepted,sigma1,100,0.00044579878895048027,7.501140931654063e-05,0.003,-0.0025542012110495193,7.501140931654064e-05,0.0026610126395349085,5.232835438905552e-05,7.080988267764542e-06,2.784928248706775e-07
skin_clinics28,projected_initial,coupled_accepted,nu0,100,0.37148541717460537,0.0009311588951146258,0.95,-0.5785145828253947,0.0009311588951146255,0.5785887668919502,0.0009317560010920207,0.3347649611735475,0.0010782071114320137
skin_clinics28,projected_initial,coupled_accepted,nu1,100,0.294623800301202,0.0011448035997249592,1.85,-1.555376199698798,0.0011448035997249583,1.5554179083263724,0.0011453272782121298,2.4193248695423875,0.003562925118851696
skin_clinics28,projected_initial,coupled_accepted,theta,100,0.03244853167147625,0.0006511833184385768,0.3,-0.2675514683285238,0.0006511833184385768,0.2676299088974476,0.0006550159988401489,0.07162576813645609,0.0003506037441919194
skin_clinics28,projected_initial,coupled_accepted,cumulative_relative_0,100,1.1443651677504296,0.003261660456982312,1.0,0.1443651677504295,0.003261660456982312,0.14796792261952324,0.0031144522767817357,0.021894506124337215,0.0009216780669860756
skin_clinics28,projected_initial,coupled_accepted,baseline_relative_ISE_0,100,0.02652806030514361,0.0009180514413930539,,,,,,,
skin_clinics28,projected_initial,coupled_accepted,cumulative_relative_1,100,1.2618219183738464,0.004649586071955292,1.0,0.2618219183738464,0.004649586071955292,0.2658777225612793,0.004510538099849262,0.0706909633543726,0.002398503195027604
skin_clinics28,projected_initial,coupled_accepted,baseline_relative_ISE_1,100,0.08031761021331794,0.0024992392657308036,,,,,,,
skin_clinics28,projected_initial,coupled_accepted,prediction_mse,100,0.8845451775747765,0.0014716459258343156,,,,,,,
skin_clinics28,projected_initial,coupled_accepted,negative_prediction_fraction,100,0.0,0.0,,,,,,,
skin_clinics28,coupled,coupled_accepted,treatment_0,100,0.13444273144418167,0.0034097513873515457,0.125,0.009442731444181668,0.0034097513873515457,0.03521617845476664,0.0022008206573092782,0.0012401792249579703,0.0001550089860294807
skin_clinics28,coupled,coupled_accepted,age10_0,100,-0.05619347797165926,0.0014395248189237307,-0.05,-0.006193477971659261,0.0014395248189237307,0.015604810415729857,0.0010077903737994876,0.00024351010811087104,3.145275544387706e-05
skin_clinics28,coupled,coupled_accepted,treatment_1,100,0.25356872452619056,0.004881837561625982,0.246,0.00756872452619058,0.004881837561625983,0.04915981133797696,0.0037806866823106274,0.002416687050785488,0.00037171568806078494
skin_clinics28,coupled,coupled_accepted,age10_1,100,0.15548790956524355,0.0023527441577845527,0.156,-0.0005120904347564563,0.002352744157784553,0.02341510919770212,0.0015858949528812782,0.0005482673387403143,7.426780699559958e-05
skin_clinics28,coupled,coupled_accepted,sigma0,100,0.0018554768787698713,0.00019148872820638494,0.002,-0.00014452312123012847,0.00019148872820638494,0.001910762230773331,0.00017530328251401267,3.6510123025498762e-06,6.699257823167246e-07
skin_clinics28,coupled,coupled_accepted,sigma1,100,0.0026445677844113774,0.0003795103373826649,0.003,-0.0003554322155886226,0.0003795103373826649,0.0037927712271805087,0.00047219066634715165,1.4385113581728343e-05,3.581822346129337e-06
skin_clinics28,coupled,coupled_accepted,nu0,100,0.44021288701387706,0.003660009064996047,0.95,-0.509787112986123,0.0036600090649960464,0.5110861684060287,0.0036517617992358332,0.2612090715359556,0.003732729891805895
skin_clinics28,coupled,coupled_accepted,nu1,100,1.154367976050287,0.012163076338983326,1.85,-0.6956320239497131,0.012163076338983326,0.7060807424941854,0.012077589692624537,0.49855001492114015,0.017055506995416907
skin_clinics28,coupled,coupled_accepted,theta,100,0.18610427188948533,0.003810559684890546,0.3,-0.11389572811051464,0.003810559684890546,0.12004063073777758,0.003977674192642626,0.014409753027923472,0.0009549650379084022
skin_clinics28,coupled,coupled_accepted,cumulative_relative_0,100,1.2222655085409233,0.0037001202487732593,1.0,0.22226550854092322,0.0037001202487732593,0.2252939288632475,0.003605035102490573,0.05075735438263802,0.0016243850438600427
skin_clinics28,coupled,coupled_accepted,baseline_relative_ISE_0,100,0.0571920767646523,0.001655972070155989,,,,,,,
skin_clinics28,coupled,coupled_accepted,cumulative_relative_1,100,1.2408654415855338,0.0050198493446800534,1.0,0.24086544158553355,0.005019849344680053,0.24598953393809114,0.0048888453874754625,0.0605108508070793,0.002405209596720951
skin_clinics28,coupled,coupled_accepted,baseline_relative_ISE_1,100,0.06860382809561866,0.0025227642036454315,,,,,,,
skin_clinics28,coupled,coupled_accepted,prediction_mse,100,0.907564317667276,0.00216172803861872,,,,,,,
skin_clinics28,coupled,coupled_accepted,negative_prediction_fraction,100,0.0,0.0,,,,,,,
skin_long4,initial,certified_initial,treatment_0,100,0.11217452345473405,0.005070636283080444,0.125,-0.012825476545265948,0.005070636283080444,0.052056860526035004,0.0034257376537147597,0.0027099167278270614,0.0003566662944764313
skin_long4,initial,certified_initial,age10_0,100,-0.04292727697544243,0.0022055671397831745,-0.05,0.007072723024557576,0.0022055671397831745,0.0230567023961179,0.001500801472763392,0.000531611525383149,6.920706582632195e-05
skin_long4,initial,certified_initial,treatment_1,100,0.22634100638195412,0.006040971226195971,0.246,-0.019658993618045885,0.006040971226195971,0.06324014573268634,0.003939962345402913,0.003999316032291406,0.0004983275858091538
skin_long4,initial,certified_initial,age10_1,100,0.13259917017737982,0.0036039754175400786,0.156,-0.023400829822620182,0.0036039754175400786,0.042819085447967184,0.002404114420848233,0.0018334740786003151,0.00020588396162598126
skin_long4,initial,certified_initial,sigma0,100,0.0002539593096600454,0.0002595859367459421,0.002,-0.001746040690339955,0.0002595859367459421,0.003117652817328027,0.00014379534582683372,9.719759089393385e-06,8.966079300713723e-07
skin_long4,initial,certified_initial,sigma1,100,-3.475304494107401e-05,0.00021210633265615056,0.003,-0.003034753044941074,0.00021210633265615056,0.00369643701186838,0.00013490860097370447,1.3663646582710438e-05,9.973622917171674e-07
skin_long4,initial,certified_initial,nu0,100,0.35721359676893827,0.001710845921856552,0.95,-0.5927864032310616,0.0017108459218565513,0.59303076837436,0.0017005550746640558,0.35168549223868373,0.0020169629651818843
skin_long4,initial,certified_initial,nu1,100,0.3179510628558057,0.0019849428584276458,1.85,-1.5320489371441945,0.0019849428584276458,1.5321762319072916,0.0019856099602306525,2.3475640056216265,0.006084608773807577
skin_long4,initial,certified_initial,theta,100,0.048250673973202526,0.0013742459180892891,0.3,-0.25174932602679745,0.0013742459180892891,0.2521203874886795,0.0013716049099925835,0.06356468978744188,0.0006916191227774109
skin_long4,initial,certified_initial,cumulative_relative_0,100,1.2377566502930926,0.00475655189238492,1.0,0.23775665029309243,0.00475655189238492,0.2424212832306231,0.00478687898714942,0.05876807856318198,0.0023208826934689353
skin_long4,initial,certified_initial,baseline_relative_ISE_0,100,0.06291223522335171,0.0022794686140468565,,,,,,,
skin_long4,initial,certified_initial,cumulative_relative_1,100,1.546621796712563,0.007382970395065372,1.0,0.5466217967125628,0.007382970395065372,0.5515357699867318,0.0073792393295917845,0.3041917055748572,0.008139828891125559
skin_long4,initial,certified_initial,baseline_relative_ISE_1,100,0.31078179304065134,0.008257616282934435,,,,,,,
skin_long4,initial,certified_initial,prediction_mse,100,0.6750913596439431,0.0029332099437390487,,,,,,,
skin_long4,initial,certified_initial,negative_prediction_fraction,100,0.0,0.0,,,,,,,
skin_long4,projected_initial,certified_initial,treatment_0,100,0.11217452345473405,0.005070636283080444,0.125,-0.012825476545265948,0.005070636283080444,0.052056860526035004,0.0034257376537147597,0.0027099167278270614,0.0003566662944764313
skin_long4,projected_initial,certified_initial,age10_0,100,-0.04292727697544243,0.0022055671397831745,-0.05,0.007072723024557576,0.0022055671397831745,0.0230567023961179,0.001500801472763392,0.000531611525383149,6.920706582632195e-05
skin_long4,projected_initial,certified_initial,treatment_1,100,0.22634100638195412,0.006040971226195971,0.246,-0.019658993618045885,0.006040971226195971,0.06324014573268634,0.003939962345402913,0.003999316032291406,0.0004983275858091538
skin_long4,projected_initial,certified_initial,age10_1,100,0.13259917017737982,0.0036039754175400786,0.156,-0.023400829822620182,0.0036039754175400786,0.042819085447967184,0.002404114420848233,0.0018334740786003151,0.00020588396162598126
skin_long4,projected_initial,certified_initial,sigma0,100,0.00109157142823082,0.00020050885314790685,0.002,-0.00090842857176918,0.00020050885314790685,0.0021921265220978445,0.0001654621258134737,4.805418688884791e-06,7.254278287968122e-07
skin_long4,projected_initial,certified_initial,sigma1,100,0.0008299660355690336,0.00014845467967295394,0.003,-0.002170033964430966,0.00014845467967295394,0.0026250500579126325,6.606834304135858e-05,6.890887806547115e-06,3.4686541545382e-07
skin_long4,projected_initial,certified_initial,nu0,100,0.35721359676893827,0.0017108459218565524,0.95,-0.5927864032310616,0.001710845921856552,0.59303076837436,0.0017005550746640563,0.35168549223868373,0.0020169629651818847
skin_long4,projected_initial,certified_initial,nu1,100,0.3179510628558057,0.001984942858427646,1.85,-1.5320489371441945,0.001984942858427645,1.5321762319072918,0.0019856099602306517,2.347564005621627,0.0060846087738075745
skin_long4,projected_initial,certified_initial,theta,100,0.048250673973202526,0.001374245918089289,0.3,-0.25174932602679745,0.0013742459180892891,0.2521203874886795,0.0013716049099925835,0.0635646897874419,0.0006916191227774109
skin_long4,projected_initial,certified_initial,cumulative_relative_0,100,1.2377566502930926,0.00475655189238492,1.0,0.23775665029309243,0.00475655189238492,0.2424212832306231,0.00478687898714942,0.05876807856318198,0.0023208826934689353
skin_long4,projected_initial,certified_initial,baseline_relative_ISE_0,100,0.06291223522335171,0.0022794686140468565,,,,,,,
skin_long4,projected_initial,certified_initial,cumulative_relative_1,100,1.546621796712563,0.007382970395065372,1.0,0.5466217967125628,0.007382970395065372,0.5515357699867318,0.0073792393295917845,0.3041917055748572,0.008139828891125559
skin_long4,projected_initial,certified_initial,baseline_relative_ISE_1,100,0.31078179304065134,0.008257616282934435,,,,,,,
skin_long4,projected_initial,certified_initial,prediction_mse,100,0.6750913596439431,0.0029332099437390487,,,,,,,
skin_long4,projected_initial,certified_initial,negative_prediction_fraction,100,0.0,0.0,,,,,,,
skin_long4,fallback,certified_initial,treatment_0,100,0.11552339745062115,0.00387099211104358,0.125,-0.00947660254937886,0.00387099211104358,0.039664586324973765,0.0029347855909982444,0.001573279408331296,0.00023281411283887802
skin_long4,fallback,certified_initial,age10_0,100,-0.04628232131779193,0.0017410967768041238,-0.05,0.003717678682208074,0.0017410967768041238,0.01771811263700842,0.001246623065342275,0.00031393151541771744,4.417561577525427e-05
skin_long4,fallback,certified_initial,treatment_1,100,0.23510451214730752,0.005779632616029548,0.246,-0.01089548785269248,0.005779632616029548,0.058529674695825464,0.0038201127540448496,0.0034257228199991514,0.0004471799135912379
skin_long4,fallback,certified_initial,age10_1,100,0.13779388836935802,0.003569100772038978,0.156,-0.018206111630641977,0.003569100772038978,0.03990704264266334,0.0023887998277705475,0.0015925720524833506,0.00019065987318325216
skin_long4,fallback,certified_initial,sigma0,100,0.0009123232176924758,0.00015209240237466418,0.002,-0.0010876767823075242,0.00015209240237466418,0.0018636304810558417,0.00010621380599282047,3.4731185699204277e-06,3.958865727143437e-07
skin_long4,fallback,certified_initial,sigma1,100,0.0017770678945595664,0.0003748985935152274,0.003,-0.0012229321054404339,0.00037489859351522734,0.003925545760918708,0.0005871275783856771,1.540990952106684e-05,4.609592352900723e-06
skin_long4,fallback,certified_initial,nu0,100,0.1894472726442081,0.004832621388401739,0.95,-0.7605527273557918,0.004832621388401738,0.762071203895813,0.0047113086046143065,0.5807525198072137,0.007180705240486254
skin_long4,fallback,certified_initial,nu1,100,0.49126695692045763,0.01142287055842784,1.85,-1.3587330430795423,0.01142287055842784,1.3634783451026493,0.011246310046253916,1.859073197563859,0.03066820042075518
skin_long4,fallback,certified_initial,theta,100,0.09741003627803609,0.0034000703838219888,0.3,-0.2025899637219639,0.0034000703838219896,0.20539518198766504,0.00323979062627151,0.042187180783746045,0.0013308747705699363
skin_long4,fallback,certified_initial,cumulative_relative_0,100,1.4840812240981784,0.006955672943178804,1.0,0.48408122409817833,0.006955672943178804,0.48900346496476416,0.006755615549492268,0.23912438874754535,0.006607038823343117
skin_long4,fallback,certified_initial,baseline_relative_ISE_0,100,0.24585187115735851,0.0065884155185141555,,,,,,,
skin_long4,fallback,certified_initial,cumulative_relative_1,100,1.710199027913361,0.011087051096576931,1.0,0.7101990279133611,0.011087051096576931,0.7187155256072293,0.011031720925639279,0.5165520067488758,0.01585733820684621
skin_long4,fallback,certified_initial,baseline_relative_ISE_1,100,0.530483909376245,0.016406140953037926,,,,,,,
skin_long4,fallback,certified_initial,prediction_mse,100,0.9433408153026996,0.007563830361842426,,,,,,,
skin_long4,fallback,certified_initial,negative_prediction_fraction,100,0.0,0.0,,,,,,,
skin_long4,initial,coupled_accepted,treatment_0,99,0.11262120058702471,0.0051022035910447405,0.125,-0.012378799412975282,0.0051022035910447405,0.05200401773310137,0.0034636222218883067,0.002704417860384722,0.00036024454289568697
skin_long4,initial,coupled_accepted,age10_0,99,-0.0431235266912724,0.0022191220127053537,-0.05,0.0068764733087276105,0.002219122012705354,0.02301927737524448,0.0015180317812508305,0.0005298871308784424,6.988798927409864e-05
skin_long4,initial,coupled_accepted,treatment_1,99,0.22681823088016662,0.0060832313960921735,0.246,-0.019181769119833405,0.0060832313960921735,0.06320205123229738,0.003982175840452373,0.003994499279969944,0.0005033633629685755
skin_long4,initial,coupled_accepted,age10_1,99,0.13279474536742025,0.00363520051874775,0.156,-0.02320525463257975,0.00363520051874775,0.04281965387634802,0.00242848999324235,0.0018335227580902464,0.00020797420190562437
skin_long4,initial,coupled_accepted,sigma0,99,0.00019801972652301988,0.0002560604631936429,0.002,-0.0018019802734769803,0.0002560604631936429,0.0031100956682186772,0.00014540744942928964,9.672695065472582e-06,9.044621571935202e-07
skin_long4,initial,coupled_accepted,sigma1,99,-1.9415470739306415e-05,0.00021369885154936424,0.003,-0.0030194154707393066,0.00021369885154936424,0.003686767595331248,0.00013628519813031203,1.3592255301984553e-05,1.0049037043802663e-06
skin_long4,initial,coupled_accepted,nu0,99,0.35710394874716017,0.0017246623685117483,0.95,-0.5928960512528396,0.0017246623685117472,0.5931418251136698,0.0017138313236171932,0.35181722469917526,0.0020330900784545566
skin_long4,initial,coupled_accepted,nu1,99,0.31788573751684934,0.002004008928885854,1.85,-1.5321142624831512,0.002004008928885854,1.53224269826272,0.002004557889262247,2.3477676863794206,0.006142938378134015
skin_long4,initial,coupled_accepted,theta,99,0.048177889174129865,0.0013862496080892415,0.3,-0.2518221108258701,0.0013862496080892415,0.252195759128574,0.00138302261180611,0.06360270092243772,0.00069758487495285
skin_long4,initial,coupled_accepted,cumulative_relative_0,99,1.2377800066196303,0.004804785071002849,1.0,0.23778000661963034,0.004804785071002849,0.24249073299144358,0.00483358415745318,0.05880175558672759,0.0023441987306333017
skin_long4,initial,coupled_accepted,baseline_relative_ISE_0,99,0.06295131775350513,0.0023022725503695704,,,,,,,
skin_long4,initial,coupled_accepted,cumulative_relative_1,99,1.5462392705439005,0.007447909279619969,1.0,0.5462392705439005,0.007447909279619969,0.5511928276409287,0.007450741033574514,0.3038135332428026,0.008213590036632464
skin_long4,initial,coupled_accepted,baseline_relative_ISE_1,99,0.3105565267603667,0.00833834771593188,,,,,,,
skin_long4,initial,coupled_accepted,prediction_mse,99,0.6753033669257171,0.0029552398097596384,,,,,,,
skin_long4,initial,coupled_accepted,negative_prediction_fraction,99,0.0,0.0,,,,,,,
skin_long4,projected_initial,coupled_accepted,treatment_0,99,0.11262120058702471,0.0051022035910447405,0.125,-0.012378799412975282,0.0051022035910447405,0.05200401773310137,0.0034636222218883067,0.002704417860384722,0.00036024454289568697
skin_long4,projected_initial,coupled_accepted,age10_0,99,-0.0431235266912724,0.0022191220127053537,-0.05,0.0068764733087276105,0.002219122012705354,0.02301927737524448,0.0015180317812508305,0.0005298871308784424,6.988798927409864e-05
skin_long4,projected_initial,coupled_accepted,treatment_1,99,0.22681823088016662,0.0060832313960921735,0.246,-0.019181769119833405,0.0060832313960921735,0.06320205123229738,0.003982175840452373,0.003994499279969944,0.0005033633629685755
skin_long4,projected_initial,coupled_accepted,age10_1,99,0.13279474536742025,0.00363520051874775,0.156,-0.02320525463257975,0.00363520051874775,0.04281965387634802,0.00242848999324235,0.0018335227580902464,0.00020797420190562437
skin_long4,projected_initial,coupled_accepted,sigma0,99,0.0010440925735642063,0.00019678424565237675,0.002,-0.0009559074264357939,0.00019678424565237675,0.0021699573412716317,0.00016734258591674062,4.708714862938648e-06,7.262525456348201e-07
skin_long4,projected_initial,coupled_accepted,sigma1,99,0.0008383495308778117,0.00014972256289553422,0.003,-0.0021616504691221883,0.00014972256289553422,0.0026209890581566503,6.671631706307289e-05,6.869583642976884e-06,3.497254740456477e-07
skin_long4,projected_initial,coupled_accepted,nu0,99,0.35710394874716017,0.0017246623685117487,0.95,-0.5928960512528396,0.0017246623685117483,0.5931418251136698,0.0017138313236171935,0.35181722469917526,0.002033090078454557
skin_long4,projected_initial,coupled_accepted,nu1,99,0.31788573751684934,0.002004008928885854,1.85,-1.5321142624831512,0.002004008928885853,1.53224269826272,0.002004557889262246,2.3477676863794206,0.006142938378134013
skin_long4,projected_initial,coupled_accepted,theta,99,0.04817788917412986,0.001386249608089241,0.3,-0.2518221108258701,0.0013862496080892415,0.252195759128574,0.00138302261180611,0.06360270092243772,0.00069758487495285
skin_long4,projected_initial,coupled_accepted,cumulative_relative_0,99,1.2377800066196303,0.004804785071002849,1.0,0.23778000661963034,0.004804785071002849,0.24249073299144358,0.00483358415745318,0.05880175558672759,0.0023441987306333017
skin_long4,projected_initial,coupled_accepted,baseline_relative_ISE_0,99,0.06295131775350513,0.0023022725503695704,,,,,,,
skin_long4,projected_initial,coupled_accepted,cumulative_relative_1,99,1.5462392705439005,0.007447909279619969,1.0,0.5462392705439005,0.007447909279619969,0.5511928276409287,0.007450741033574514,0.3038135332428026,0.008213590036632464
skin_long4,projected_initial,coupled_accepted,baseline_relative_ISE_1,99,0.3105565267603667,0.00833834771593188,,,,,,,
skin_long4,projected_initial,coupled_accepted,prediction_mse,99,0.6753033669257171,0.0029552398097596384,,,,,,,
skin_long4,projected_initial,coupled_accepted,negative_prediction_fraction,99,0.0,0.0,,,,,,,
skin_long4,coupled,coupled_accepted,treatment_0,99,0.11600390159297129,0.0038800504537201946,0.125,-0.00899609840702873,0.0038800504537201946,0.03944996015008817,0.0029727715295949147,0.0015562993558435447,0.00023455143675567207
skin_long4,coupled,coupled_accepted,age10_0,99,-0.04651246037041331,0.0017433412684327348,-0.05,0.003487539629586698,0.0017433412684327348,0.01760705349948032,0.0012622153720330456,0.00031000833293356214,4.4447787166504576e-05
skin_long4,coupled,coupled_accepted,treatment_1,99,0.23567025690577603,0.005810272925949198,0.246,-0.010329743094223909,0.005810272925949198,0.05843896129164562,0.0038637985511957317,0.003415112196846455,0.0004515927479440876
skin_long4,coupled,coupled_accepted,age10_1,99,0.13804193546032753,0.0035966187297763936,0.156,-0.01795806453967247,0.0035966187297763936,0.039877153586660635,0.0024146719812198113,0.001590187378174121,0.00019258049091301708
skin_long4,coupled,coupled_accepted,sigma0,99,0.0008630337750406263,0.00014534494404117907,0.002,-0.0011369662249593737,0.00014534494404117907,0.001833836734012886,0.00010472886435875767,3.3629571670150484e-06,3.841112771450854e-07
skin_long4,coupled,coupled_accepted,sigma1,99,0.001795018075312693,0.000378270428088087,0.003,-0.0012049819246873067,0.000378270428088087,0.003933783939400548,0.0005917879782516741,1.54746560818857e-05,4.655932088753513e-06
skin_long4,coupled,coupled_accepted,nu0,99,0.18764301528783678,0.004528693652656363,0.95,-0.7623569847121631,0.004528693652656363,0.7636740539176274,0.0044652413942773955,0.5831980606269833,0.006819977994577235
skin_long4,coupled,coupled_accepted,nu1,99,0.4929522971781138,0.011412560213334269,1.85,-1.3570477028218861,0.011412560213334269,1.3617424968529148,0.011238832878019819,1.8543426277352106,0.03060879269005468
skin_long4,coupled,coupled_accepted,theta,99,0.09783381069416375,0.0034078082397873137,0.3,-0.2021661893058362,0.0034078082397873137,0.20496160002390962,0.0032501659608403896,0.04200925748436111,0.0013323184313541877
skin_long4,coupled,coupled_accepted,cumulative_relative_0,99,1.4865927074328487,0.006552288706864666,1.0,0.4865927074328485,0.006552288706864666,0.4908969817406134,0.0065243150707831555,0.2409798466820441,0.006405533152344495
skin_long4,coupled,coupled_accepted,baseline_relative_ISE_0,99,0.24773882879795647,0.006376504216868524,,,,,,,
skin_long4,coupled,coupled_accepted,cumulative_relative_1,99,1.7114687970093532,0.011125920666374543,1.0,0.7114687970093534,0.011125920666374543,0.7199436699937249,0.011055437502728103,0.5183188879640336,0.015918584498200664
skin_long4,coupled,coupled_accepted,baseline_relative_ISE_1,99,0.5324778563922796,0.0164498506992851,,,,,,,
skin_long4,coupled,coupled_accepted,prediction_mse,99,0.9462624130456733,0.007047636481146618,,,,,,,
skin_long4,coupled,coupled_accepted,negative_prediction_fraction,99,0.0,0.0,,,,,,,
skin_K2,initial,certified_initial,treatment_0,100,0.1316574368523609,0.00544894691776683,0.125,0.006657436852360909,0.00544894691776683,0.054623554389975355,0.003528578452349276,0.0029837326941945957,0.0003854869940223915
skin_K2,initial,certified_initial,age10_0,100,-0.05314526640991984,0.003288429928209594,-0.05,-0.0031452664099198375,0.003288429928209594,0.03287029158177763,0.0023087620607651475,0.0010804560686710812,0.0001517793642605924
skin_K2,initial,certified_initial,treatment_1,100,0.2520384978905439,0.010818581320617178,0.246,0.006038497890543884,0.010818581320617176,0.10781276331707665,0.007218816103405702,0.011623591934063988,0.0015565610239719608
skin_K2,initial,certified_initial,age10_1,100,0.14678744642291802,0.005586358599489999,0.156,-0.009212553577081993,0.00558635859949,0.05634184928823421,0.003535734579063945,0.0031744039812180973,0.000398419649553638
skin_K2,initial,certified_initial,sigma0,100,-5.7507832022086004e-05,0.00022084967982503355,0.002,-0.002057507832022086,0.00022084967982503355,0.0030103192531084452,0.00012168503055222663,9.062022005635387e-06,7.326215805729144e-07
skin_K2,initial,certified_initial,sigma1,100,-8.24415289120888e-05,0.0001632988424953878,0.003,-0.0030824415289120886,0.00016329884249538783,0.00348445554760495,0.00012043351164971198,1.2141430463234913e-05,8.392904355707686e-07
skin_K2,initial,certified_initial,nu0,100,0.3664388282872568,0.00195935711750506,0.95,-0.5835611717127432,0.0019593571175050605,0.5838867270985251,0.001941805579456181,0.34092371008182754,0.002267589008900649
skin_K2,initial,certified_initial,nu1,100,0.2888150670885409,0.0026715631569798892,1.85,-1.561184932911459,0.0026715631569798884,1.5614112150456168,0.0026719297455928505,2.438004982470229,0.008343962141165317
skin_K2,initial,certified_initial,theta,100,0.030829801314650386,0.0013981716505232385,0.3,-0.26917019868534964,0.0013981716505232387,0.2695294591928291,0.0013806726749196255,0.07264612937277894,0.0007442639187868068
skin_K2,initial,certified_initial,cumulative_relative_0,100,1.1445470389084402,0.005378070335457099,1.0,0.14454703890844037,0.005378070335457097,0.15413398998915656,0.005040206531410485,0.02375728686997742,0.0015537342861114106
skin_K2,initial,certified_initial,baseline_relative_ISE_0,100,0.039953305843210295,0.0015578867493793338,,,,,,,
skin_K2,initial,certified_initial,cumulative_relative_1,100,1.246752194272591,0.011687116449522793,1.0,0.24675219427259118,0.011687116449522793,0.27277999519375407,0.010844735351694815,0.07440892577790449,0.005916453714225693
skin_K2,initial,certified_initial,baseline_relative_ISE_1,100,0.08679628974794769,0.005853435555097388,,,,,,,
skin_K2,initial,certified_initial,prediction_mse,100,0.8816914087020171,0.002829852261898474,,,,,,,
skin_K2,initial,certified_initial,negative_prediction_fraction,100,0.0,0.0,,,,,,,
skin_K2,projected_initial,certified_initial,treatment_0,100,0.1316574368523609,0.00544894691776683,0.125,0.006657436852360909,0.00544894691776683,0.054623554389975355,0.003528578452349276,0.0029837326941945957,0.0003854869940223915
skin_K2,projected_initial,certified_initial,age10_0,100,-0.05314526640991984,0.003288429928209594,-0.05,-0.0031452664099198375,0.003288429928209594,0.03287029158177763,0.0023087620607651475,0.0010804560686710812,0.0001517793642605924
skin_K2,projected_initial,certified_initial,treatment_1,100,0.2520384978905439,0.010818581320617178,0.246,0.006038497890543884,0.010818581320617176,0.10781276331707665,0.007218816103405702,0.011623591934063988,0.0015565610239719608
skin_K2,projected_initial,certified_initial,age10_1,100,0.14678744642291802,0.005586358599489999,0.156,-0.009212553577081993,0.00558635859949,0.05634184928823421,0.003535734579063945,0.0031744039812180973,0.000398419649553638
skin_K2,projected_initial,certified_initial,sigma0,100,0.0008400407028927155,0.00015408723958100658,0.002,-0.0011599592971072846,0.00015408723958100658,0.001922511491178501,7.502973056461023e-05,3.6960504337133836e-06,2.8849103838098e-07
skin_K2,projected_initial,certified_initial,sigma1,100,0.00061557168465259,0.00010916014696137232,0.003,-0.0023844283153474097,0.00010916014696137233,0.002620148129745473,5.824547580083894e-05,6.8651762218087004e-06,3.0522354897140675e-07
skin_K2,projected_initial,certified_initial,nu0,100,0.3664388282872568,0.0019593571175050587,0.95,-0.5835611717127432,0.0019593571175050587,0.5838867270985251,0.0019418055794561794,0.34092371008182754,0.002267589008900647
skin_K2,projected_initial,certified_initial,nu1,100,0.2888150670885409,0.0026715631569798892,1.85,-1.5611849329114589,0.0026715631569798892,1.5614112150456168,0.002671929745592852,2.438004982470229,0.008343962141165322
skin_K2,projected_initial,certified_initial,theta,100,0.03082980131465038,0.0013981716505232385,0.3,-0.26917019868534964,0.0013981716505232387,0.2695294591928291,0.0013806726749196255,0.07264612937277894,0.0007442639187868068
skin_K2,projected_initial,certified_initial,cumulative_relative_0,100,1.1445470389084402,0.005378070335457099,1.0,0.14454703890844037,0.005378070335457097,0.15413398998915656,0.005040206531410485,0.02375728686997742,0.0015537342861114106
skin_K2,projected_initial,certified_initial,baseline_relative_ISE_0,100,0.039953305843210295,0.0015578867493793338,,,,,,,
skin_K2,projected_initial,certified_initial,cumulative_relative_1,100,1.246752194272591,0.011687116449522793,1.0,0.24675219427259118,0.011687116449522793,0.27277999519375407,0.010844735351694815,0.07440892577790449,0.005916453714225693
skin_K2,projected_initial,certified_initial,baseline_relative_ISE_1,100,0.08679628974794769,0.005853435555097388,,,,,,,
skin_K2,projected_initial,certified_initial,prediction_mse,100,0.8816914087020171,0.002829852261898474,,,,,,,
skin_K2,projected_initial,certified_initial,negative_prediction_fraction,100,0.0,0.0,,,,,,,
skin_K2,fallback,certified_initial,treatment_0,100,0.13269344739165434,0.005198497545139439,0.125,0.007693447391654321,0.005198497545139439,0.052293426247697804,0.003467807123859535,0.0027346024287234092,0.00036268703214557927
skin_K2,fallback,certified_initial,age10_0,100,-0.055473781636333076,0.003088032124119468,-0.05,-0.005473781636333065,0.003088032124119468,0.031209302827234747,0.0020907270697512917,0.0009740205829620428,0.0001305002684979304
skin_K2,fallback,certified_initial,treatment_1,100,0.25128027480700355,0.01085046126678749,0.246,0.005280274807003553,0.01085046126678749,0.10808977640156807,0.007205597073665461,0.01168339976254098,0.0015577027530645857
skin_K2,fallback,certified_initial,age10_1,100,0.1474157558164259,0.0055959410182653616,0.156,-0.008584244183574105,0.0055959410182653616,0.05633675780796938,0.0035947697970038286,0.0031738302803137985,0.0004050353508584159
skin_K2,fallback,certified_initial,sigma0,100,0.002107669524649263,0.00034417773901555967,0.002,0.0001076695246492629,0.00034417773901555967,0.0034262174498841443,0.00035287505788227677,1.173896601389061e-05,2.4180533618902684e-06
skin_K2,fallback,certified_initial,sigma1,100,0.003947446622181203,0.0008196567221509136,0.003,0.0009474466221812028,0.0008196567221509136,0.00821033082015782,0.0012783558463004597,6.740953217643339e-05,2.0991448808019197e-05
skin_K2,fallback,certified_initial,nu0,100,0.42795973003750526,0.008050833411523642,0.95,-0.5220402699624949,0.008050833411523642,0.5281503757509833,0.007542332201192931,0.2789428194059049,0.007966971172197575
skin_K2,fallback,certified_initial,nu1,100,1.1369731337267983,0.024055835292882147,1.85,-0.7130268662732019,0.024055835292882147,0.752128280268447,0.021649706764223085,0.5656969499795717,0.03256671343378255
skin_K2,fallback,certified_initial,theta,100,0.17861291807985974,0.008430963824018702,0.3,-0.12138708192014025,0.008430963824018704,0.14755289765462465,0.00708133641985029,0.021771857606276132,0.002089743416032272
skin_K2,fallback,certified_initial,cumulative_relative_0,100,1.2267127328240073,0.0065099373941977165,1.0,0.2267127328240072,0.0065099373941977165,0.23578424974389334,0.006294733292921842,0.055594212427290665,0.002968397933618967
skin_K2,fallback,certified_initial,baseline_relative_ISE_0,100,0.07155395649992209,0.002947329759651957,,,,,,,
skin_K2,fallback,certified_initial,cumulative_relative_1,100,1.2287216440364543,0.011825261580602155,1.0,0.2287216440364542,0.011825261580602155,0.2572108761002445,0.01149030906488066,0.06615743478425534,0.005910864922481072
skin_K2,fallback,certified_initial,baseline_relative_ISE_1,100,0.07815688164404175,0.0058075745565707455,,,,,,,
skin_K2,fallback,certified_initial,prediction_mse,100,0.9166381403522195,0.004038999951455564,,,,,,,
skin_K2,fallback,certified_initial,negative_prediction_fraction,100,0.0,0.0,,,,,,,
skin_K2,initial,coupled_accepted,treatment_0,100,0.1316574368523609,0.00544894691776683,0.125,0.006657436852360909,0.00544894691776683,0.054623554389975355,0.003528578452349276,0.0029837326941945957,0.0003854869940223915
skin_K2,initial,coupled_accepted,age10_0,100,-0.05314526640991984,0.003288429928209594,-0.05,-0.0031452664099198375,0.003288429928209594,0.03287029158177763,0.0023087620607651475,0.0010804560686710812,0.0001517793642605924
skin_K2,initial,coupled_accepted,treatment_1,100,0.2520384978905439,0.010818581320617178,0.246,0.006038497890543884,0.010818581320617176,0.10781276331707665,0.007218816103405702,0.011623591934063988,0.0015565610239719608
skin_K2,initial,coupled_accepted,age10_1,100,0.14678744642291802,0.005586358599489999,0.156,-0.009212553577081993,0.00558635859949,0.05634184928823421,0.003535734579063945,0.0031744039812180973,0.000398419649553638
skin_K2,initial,coupled_accepted,sigma0,100,-5.7507832022086004e-05,0.00022084967982503355,0.002,-0.002057507832022086,0.00022084967982503355,0.0030103192531084452,0.00012168503055222663,9.062022005635387e-06,7.326215805729144e-07
skin_K2,initial,coupled_accepted,sigma1,100,-8.24415289120888e-05,0.0001632988424953878,0.003,-0.0030824415289120886,0.00016329884249538783,0.00348445554760495,0.00012043351164971198,1.2141430463234913e-05,8.392904355707686e-07
skin_K2,initial,coupled_accepted,nu0,100,0.3664388282872568,0.00195935711750506,0.95,-0.5835611717127432,0.0019593571175050605,0.5838867270985251,0.001941805579456181,0.34092371008182754,0.002267589008900649
skin_K2,initial,coupled_accepted,nu1,100,0.2888150670885409,0.0026715631569798892,1.85,-1.561184932911459,0.0026715631569798884,1.5614112150456168,0.0026719297455928505,2.438004982470229,0.008343962141165317
skin_K2,initial,coupled_accepted,theta,100,0.030829801314650386,0.0013981716505232385,0.3,-0.26917019868534964,0.0013981716505232387,0.2695294591928291,0.0013806726749196255,0.07264612937277894,0.0007442639187868068
skin_K2,initial,coupled_accepted,cumulative_relative_0,100,1.1445470389084402,0.005378070335457099,1.0,0.14454703890844037,0.005378070335457097,0.15413398998915656,0.005040206531410485,0.02375728686997742,0.0015537342861114106
skin_K2,initial,coupled_accepted,baseline_relative_ISE_0,100,0.039953305843210295,0.0015578867493793338,,,,,,,
skin_K2,initial,coupled_accepted,cumulative_relative_1,100,1.246752194272591,0.011687116449522793,1.0,0.24675219427259118,0.011687116449522793,0.27277999519375407,0.010844735351694815,0.07440892577790449,0.005916453714225693
skin_K2,initial,coupled_accepted,baseline_relative_ISE_1,100,0.08679628974794769,0.005853435555097388,,,,,,,
skin_K2,initial,coupled_accepted,prediction_mse,100,0.8816914087020171,0.002829852261898474,,,,,,,
skin_K2,initial,coupled_accepted,negative_prediction_fraction,100,0.0,0.0,,,,,,,
skin_K2,projected_initial,coupled_accepted,treatment_0,100,0.1316574368523609,0.00544894691776683,0.125,0.006657436852360909,0.00544894691776683,0.054623554389975355,0.003528578452349276,0.0029837326941945957,0.0003854869940223915
skin_K2,projected_initial,coupled_accepted,age10_0,100,-0.05314526640991984,0.003288429928209594,-0.05,-0.0031452664099198375,0.003288429928209594,0.03287029158177763,0.0023087620607651475,0.0010804560686710812,0.0001517793642605924
skin_K2,projected_initial,coupled_accepted,treatment_1,100,0.2520384978905439,0.010818581320617178,0.246,0.006038497890543884,0.010818581320617176,0.10781276331707665,0.007218816103405702,0.011623591934063988,0.0015565610239719608
skin_K2,projected_initial,coupled_accepted,age10_1,100,0.14678744642291802,0.005586358599489999,0.156,-0.009212553577081993,0.00558635859949,0.05634184928823421,0.003535734579063945,0.0031744039812180973,0.000398419649553638
skin_K2,projected_initial,coupled_accepted,sigma0,100,0.0008400407028927155,0.00015408723958100658,0.002,-0.0011599592971072846,0.00015408723958100658,0.001922511491178501,7.502973056461023e-05,3.6960504337133836e-06,2.8849103838098e-07
skin_K2,projected_initial,coupled_accepted,sigma1,100,0.00061557168465259,0.00010916014696137232,0.003,-0.0023844283153474097,0.00010916014696137233,0.002620148129745473,5.824547580083894e-05,6.8651762218087004e-06,3.0522354897140675e-07
skin_K2,projected_initial,coupled_accepted,nu0,100,0.3664388282872568,0.0019593571175050587,0.95,-0.5835611717127432,0.0019593571175050587,0.5838867270985251,0.0019418055794561794,0.34092371008182754,0.002267589008900647
skin_K2,projected_initial,coupled_accepted,nu1,100,0.2888150670885409,0.0026715631569798892,1.85,-1.5611849329114589,0.0026715631569798892,1.5614112150456168,0.002671929745592852,2.438004982470229,0.008343962141165322
skin_K2,projected_initial,coupled_accepted,theta,100,0.03082980131465038,0.0013981716505232385,0.3,-0.26917019868534964,0.0013981716505232387,0.2695294591928291,0.0013806726749196255,0.07264612937277894,0.0007442639187868068
skin_K2,projected_initial,coupled_accepted,cumulative_relative_0,100,1.1445470389084402,0.005378070335457099,1.0,0.14454703890844037,0.005378070335457097,0.15413398998915656,0.005040206531410485,0.02375728686997742,0.0015537342861114106
skin_K2,projected_initial,coupled_accepted,baseline_relative_ISE_0,100,0.039953305843210295,0.0015578867493793338,,,,,,,
skin_K2,projected_initial,coupled_accepted,cumulative_relative_1,100,1.246752194272591,0.011687116449522793,1.0,0.24675219427259118,0.011687116449522793,0.27277999519375407,0.010844735351694815,0.07440892577790449,0.005916453714225693
skin_K2,projected_initial,coupled_accepted,baseline_relative_ISE_1,100,0.08679628974794769,0.005853435555097388,,,,,,,
skin_K2,projected_initial,coupled_accepted,prediction_mse,100,0.8816914087020171,0.002829852261898474,,,,,,,
skin_K2,projected_initial,coupled_accepted,negative_prediction_fraction,100,0.0,0.0,,,,,,,
skin_K2,coupled,coupled_accepted,treatment_0,100,0.13269344739165434,0.005198497545139439,0.125,0.007693447391654321,0.005198497545139439,0.052293426247697804,0.003467807123859535,0.0027346024287234092,0.00036268703214557927
skin_K2,coupled,coupled_accepted,age10_0,100,-0.055473781636333076,0.003088032124119468,-0.05,-0.005473781636333065,0.003088032124119468,0.031209302827234747,0.0020907270697512917,0.0009740205829620428,0.0001305002684979304
skin_K2,coupled,coupled_accepted,treatment_1,100,0.25128027480700355,0.01085046126678749,0.246,0.005280274807003553,0.01085046126678749,0.10808977640156807,0.007205597073665461,0.01168339976254098,0.0015577027530645857
skin_K2,coupled,coupled_accepted,age10_1,100,0.1474157558164259,0.0055959410182653616,0.156,-0.008584244183574105,0.0055959410182653616,0.05633675780796938,0.0035947697970038286,0.0031738302803137985,0.0004050353508584159
skin_K2,coupled,coupled_accepted,sigma0,100,0.002107669524649263,0.00034417773901555967,0.002,0.0001076695246492629,0.00034417773901555967,0.0034262174498841443,0.00035287505788227677,1.173896601389061e-05,2.4180533618902684e-06
skin_K2,coupled,coupled_accepted,sigma1,100,0.003947446622181203,0.0008196567221509136,0.003,0.0009474466221812028,0.0008196567221509136,0.00821033082015782,0.0012783558463004597,6.740953217643339e-05,2.0991448808019197e-05
skin_K2,coupled,coupled_accepted,nu0,100,0.42795973003750526,0.008050833411523642,0.95,-0.5220402699624949,0.008050833411523642,0.5281503757509833,0.007542332201192931,0.2789428194059049,0.007966971172197575
skin_K2,coupled,coupled_accepted,nu1,100,1.1369731337267983,0.024055835292882147,1.85,-0.7130268662732019,0.024055835292882147,0.752128280268447,0.021649706764223085,0.5656969499795717,0.03256671343378255
skin_K2,coupled,coupled_accepted,theta,100,0.17861291807985974,0.008430963824018702,0.3,-0.12138708192014025,0.008430963824018704,0.14755289765462465,0.00708133641985029,0.021771857606276132,0.002089743416032272
skin_K2,coupled,coupled_accepted,cumulative_relative_0,100,1.2267127328240073,0.0065099373941977165,1.0,0.2267127328240072,0.0065099373941977165,0.23578424974389334,0.006294733292921842,0.055594212427290665,0.002968397933618967
skin_K2,coupled,coupled_accepted,baseline_relative_ISE_0,100,0.07155395649992209,0.002947329759651957,,,,,,,
skin_K2,coupled,coupled_accepted,cumulative_relative_1,100,1.2287216440364543,0.011825261580602155,1.0,0.2287216440364542,0.011825261580602155,0.2572108761002445,0.01149030906488066,0.06615743478425534,0.005910864922481072
skin_K2,coupled,coupled_accepted,baseline_relative_ISE_1,100,0.07815688164404175,0.0058075745565707455,,,,,,,
skin_K2,coupled,coupled_accepted,prediction_mse,100,0.9166381403522195,0.004038999951455564,,,,,,,
skin_K2,coupled,coupled_accepted,negative_prediction_fraction,100,0.0,0.0,,,,,,,
skin_K8,initial,certified_initial,treatment_0,100,0.13215822545011854,0.005454766736456728,0.125,0.007158225450118566,0.005454766736456728,0.054744257473830514,0.0035186796851323955,0.0029969337263610484,0.0003852550133016495
skin_K8,initial,certified_initial,age10_0,100,-0.053425691574420224,0.003288969757212272,-0.05,-0.003425691574420212,0.003288969757212272,0.0329036509689258,0.0023148935304567247,0.001082650247084892,0.00015233689751274496
skin_K8,initial,certified_initial,treatment_1,100,0.2510817482694953,0.010798860799625833,0.246,0.005081748269495303,0.010798860799625833,0.107567412481078,0.007201857420426546,0.011570748227874374,0.0015493703355458693
skin_K8,initial,certified_initial,age10_1,100,0.14589997957078712,0.005557344480204485,0.156,-0.010100020429212896,0.005557344480204485,0.056209733162191626,0.00349638854914855,0.0031595341021647847,0.0003930621347579646
skin_K8,initial,certified_initial,sigma0,100,-5.857558489550633e-05,0.0002207751380772924,0.002,-0.002058575584895506,0.00022077513807729245,0.003010507920009443,0.00012177583443061196,9.063157936439584e-06,7.332142280382319e-07
skin_K8,initial,certified_initial,sigma1,100,-8.125193469618082e-05,0.00016198155528416637,0.003,-0.003081251934696181,0.00016198155528416637,0.003477309000656172,0.00011978386251565069,1.2091677886044427e-05,8.330510065180672e-07
skin_K8,initial,certified_initial,nu0,100,0.3671910310127452,0.0019863086814639096,0.95,-0.5828089689872548,0.0019863086814639096,0.583143971183459,0.0019710204660603873,0.3400568911276148,0.0022987774037246528
skin_K8,initial,certified_initial,nu1,100,0.28587282342802117,0.002609512504985757,1.85,-1.564127176571979,0.002609512504985757,1.564342664024377,0.0026104503087987204,2.4471679704868845,0.008167277580738895
skin_K8,initial,certified_initial,theta,100,0.030686498797534743,0.001395616262667123,0.3,-0.2693135012024652,0.0013956162626671232,0.26967126035311906,0.0013782563719323471,0.07272258866043972,0.0007433522658174265
skin_K8,initial,certified_initial,cumulative_relative_0,100,1.1406363373265713,0.005400679550909138,1.0,0.14063633732657124,0.005400679550909138,0.15055280136278545,0.005044882892805691,0.022666145998182338,0.0015190425041181795
skin_K8,initial,certified_initial,baseline_relative_ISE_0,100,0.028777960621467095,0.0015430500818947525,,,,,,,
skin_K8,initial,certified_initial,cumulative_relative_1,100,1.238880620908179,0.011500843541903762,1.0,0.23888062090817894,0.011500843541903762,0.2648747286187127,0.010621240103980077,0.07015862186083668,0.005626596180271821
skin_K8,initial,certified_initial,baseline_relative_ISE_1,100,0.09003817379267552,0.005774908268928106,,,,,,,
skin_K8,initial,certified_initial,prediction_mse,100,0.883211310454081,0.0028327226673581034,,,,,,,
skin_K8,initial,certified_initial,negative_prediction_fraction,100,0.0,0.0,,,,,,,
skin_K8,projected_initial,certified_initial,treatment_0,100,0.13215822545011854,0.005454766736456728,0.125,0.007158225450118566,0.005454766736456728,0.054744257473830514,0.0035186796851323955,0.0029969337263610484,0.0003852550133016495
skin_K8,projected_initial,certified_initial,age10_0,100,-0.053425691574420224,0.003288969757212272,-0.05,-0.003425691574420212,0.003288969757212272,0.0329036509689258,0.0023148935304567247,0.001082650247084892,0.00015233689751274496
skin_K8,projected_initial,certified_initial,treatment_1,100,0.2510817482694953,0.010798860799625833,0.246,0.005081748269495303,0.010798860799625833,0.107567412481078,0.007201857420426546,0.011570748227874374,0.0015493703355458693
skin_K8,projected_initial,certified_initial,age10_1,100,0.14589997957078712,0.005557344480204485,0.156,-0.010100020429212896,0.005557344480204485,0.056209733162191626,0.00349638854914855,0.0031595341021647847,0.0003930621347579646
skin_K8,projected_initial,certified_initial,sigma0,100,0.0008377780985161761,0.000154237004274523,0.002,-0.001162221901483824,0.00015423700427452298,0.0019250652050148895,7.593534626644723e-05,3.7058760435590184e-06,2.9236098585658973e-07
skin_K8,projected_initial,certified_initial,sigma1,100,0.0006121012414358366,0.00010822356625672937,0.003,-0.0023878987585641636,0.00010822356625672937,0.0026194621910215496,5.8261009022077204e-05,6.861582170191418e-06,3.0522502068819323e-07
skin_K8,projected_initial,certified_initial,nu0,100,0.36719103101274514,0.0019863086814639096,0.95,-0.5828089689872548,0.0019863086814639096,0.583143971183459,0.0019710204660603877,0.3400568911276148,0.002298777403724653
skin_K8,projected_initial,certified_initial,nu1,100,0.28587282342802117,0.0026095125049857564,1.85,-1.564127176571979,0.0026095125049857572,1.564342664024377,0.002610450308798721,2.4471679704868845,0.008167277580738897
skin_K8,projected_initial,certified_initial,theta,100,0.030686498797534743,0.0013956162626671226,0.3,-0.2693135012024652,0.001395616262667123,0.26967126035311906,0.001378256371932347,0.07272258866043974,0.0007433522658174264
skin_K8,projected_initial,certified_initial,cumulative_relative_0,100,1.1406363373265713,0.005400679550909138,1.0,0.14063633732657124,0.005400679550909138,0.15055280136278545,0.005044882892805691,0.022666145998182338,0.0015190425041181795
skin_K8,projected_initial,certified_initial,baseline_relative_ISE_0,100,0.028777960621467095,0.0015430500818947525,,,,,,,
skin_K8,projected_initial,certified_initial,cumulative_relative_1,100,1.238880620908179,0.011500843541903762,1.0,0.23888062090817894,0.011500843541903762,0.2648747286187127,0.010621240103980077,0.07015862186083668,0.005626596180271821
skin_K8,projected_initial,certified_initial,baseline_relative_ISE_1,100,0.09003817379267552,0.005774908268928106,,,,,,,
skin_K8,projected_initial,certified_initial,prediction_mse,100,0.883211310454081,0.0028327226673581034,,,,,,,
skin_K8,projected_initial,certified_initial,negative_prediction_fraction,100,0.0,0.0,,,,,,,
skin_K8,fallback,certified_initial,treatment_0,100,0.13295000020791387,0.005189387568237216,0.125,0.00795000020791387,0.005189387568237216,0.052242196482440835,0.003446167366057463,0.0027292470933099533,0.00036007070529789917
skin_K8,fallback,certified_initial,age10_0,100,-0.055718022177252094,0.003082649819854005,-0.05,-0.005718022177252087,0.003082649819854005,0.031200417287150086,0.002092590829892306,0.0009734660388922939,0.0001305794142078073
skin_K8,fallback,certified_initial,treatment_1,100,0.2506305828233858,0.01082765069920987,0.246,0.004630582823385771,0.010827650699209868,0.10783323348592556,0.007188111135733973,0.011628006244030138,0.0015502345328447663
skin_K8,fallback,certified_initial,age10_1,100,0.14661339620076386,0.00556839911862062,0.156,-0.009386603799236153,0.00556839911862062,0.056194378158006784,0.003552021468759144,0.0031578081365650702,0.00039920727528162004
skin_K8,fallback,certified_initial,sigma0,100,0.0021138140261773492,0.0003446913985578109,0.002,0.00011381402617734923,0.0003446913985578109,0.003431524077766164,0.0003516625685941259,1.1775357496288923e-05,2.413477142759677e-06
skin_K8,fallback,certified_initial,sigma1,100,0.003911198831076933,0.0008139600971082182,0.003,0.0009111988310769339,0.0008139600971082182,0.008149899155113119,0.0012819516601501773,6.642085623851353e-05,2.089555350390758e-05
skin_K8,fallback,certified_initial,nu0,100,0.4263266381778205,0.008171812420187087,0.95,-0.5236733618221794,0.008171812420187087,0.5299479815859146,0.007673940514766708,0.2808448631869849,0.008133578573221983
skin_K8,fallback,certified_initial,nu1,100,1.1138045109588945,0.023840730104979172,1.85,-0.7361954890411054,0.023840730104979172,0.7734684601626494,0.021613644268283324,0.5982534588663799,0.03343494430138475
skin_K8,fallback,certified_initial,theta,100,0.17768803762029006,0.008407916949260725,0.3,-0.12231196237970994,0.008407916949260725,0.14818512009077192,0.007085181700898244,0.0219588298163165,0.002099837002425092
skin_K8,fallback,certified_initial,cumulative_relative_0,100,1.2206260048780806,0.006470285358601622,1.0,0.22062600487808062,0.006470285358601622,0.22982695381093707,0.006251619845023889,0.0528204286980146,0.002873581490731686
skin_K8,fallback,certified_initial,baseline_relative_ISE_0,100,0.0627496686318604,0.0029977556790705987,,,,,,,
skin_K8,fallback,certified_initial,cumulative_relative_1,100,1.2237187468901725,0.01171506152324186,1.0,0.22371874689017243,0.01171506152324186,0.2522639524247368,0.0113422043778987,0.06363710169294987,0.0057224586111557585
skin_K8,fallback,certified_initial,baseline_relative_ISE_1,100,0.08273299931360223,0.005848211547778379,,,,,,,
skin_K8,fallback,certified_initial,prediction_mse,100,0.9202806307565012,0.004114310866872363,,,,,,,
skin_K8,fallback,certified_initial,negative_prediction_fraction,100,0.0,0.0,,,,,,,
skin_K8,initial,coupled_accepted,treatment_0,100,0.13215822545011854,0.005454766736456728,0.125,0.007158225450118566,0.005454766736456728,0.054744257473830514,0.0035186796851323955,0.0029969337263610484,0.0003852550133016495
skin_K8,initial,coupled_accepted,age10_0,100,-0.053425691574420224,0.003288969757212272,-0.05,-0.003425691574420212,0.003288969757212272,0.0329036509689258,0.0023148935304567247,0.001082650247084892,0.00015233689751274496
skin_K8,initial,coupled_accepted,treatment_1,100,0.2510817482694953,0.010798860799625833,0.246,0.005081748269495303,0.010798860799625833,0.107567412481078,0.007201857420426546,0.011570748227874374,0.0015493703355458693
skin_K8,initial,coupled_accepted,age10_1,100,0.14589997957078712,0.005557344480204485,0.156,-0.010100020429212896,0.005557344480204485,0.056209733162191626,0.00349638854914855,0.0031595341021647847,0.0003930621347579646
skin_K8,initial,coupled_accepted,sigma0,100,-5.857558489550633e-05,0.0002207751380772924,0.002,-0.002058575584895506,0.00022077513807729245,0.003010507920009443,0.00012177583443061196,9.063157936439584e-06,7.332142280382319e-07
skin_K8,initial,coupled_accepted,sigma1,100,-8.125193469618082e-05,0.00016198155528416637,0.003,-0.003081251934696181,0.00016198155528416637,0.003477309000656172,0.00011978386251565069,1.2091677886044427e-05,8.330510065180672e-07
skin_K8,initial,coupled_accepted,nu0,100,0.3671910310127452,0.0019863086814639096,0.95,-0.5828089689872548,0.0019863086814639096,0.583143971183459,0.0019710204660603873,0.3400568911276148,0.0022987774037246528
skin_K8,initial,coupled_accepted,nu1,100,0.28587282342802117,0.002609512504985757,1.85,-1.564127176571979,0.002609512504985757,1.564342664024377,0.0026104503087987204,2.4471679704868845,0.008167277580738895
skin_K8,initial,coupled_accepted,theta,100,0.030686498797534743,0.001395616262667123,0.3,-0.2693135012024652,0.0013956162626671232,0.26967126035311906,0.0013782563719323471,0.07272258866043972,0.0007433522658174265
skin_K8,initial,coupled_accepted,cumulative_relative_0,100,1.1406363373265713,0.005400679550909138,1.0,0.14063633732657124,0.005400679550909138,0.15055280136278545,0.005044882892805691,0.022666145998182338,0.0015190425041181795
skin_K8,initial,coupled_accepted,baseline_relative_ISE_0,100,0.028777960621467095,0.0015430500818947525,,,,,,,
skin_K8,initial,coupled_accepted,cumulative_relative_1,100,1.238880620908179,0.011500843541903762,1.0,0.23888062090817894,0.011500843541903762,0.2648747286187127,0.010621240103980077,0.07015862186083668,0.005626596180271821
skin_K8,initial,coupled_accepted,baseline_relative_ISE_1,100,0.09003817379267552,0.005774908268928106,,,,,,,
skin_K8,initial,coupled_accepted,prediction_mse,100,0.883211310454081,0.0028327226673581034,,,,,,,
skin_K8,initial,coupled_accepted,negative_prediction_fraction,100,0.0,0.0,,,,,,,
skin_K8,projected_initial,coupled_accepted,treatment_0,100,0.13215822545011854,0.005454766736456728,0.125,0.007158225450118566,0.005454766736456728,0.054744257473830514,0.0035186796851323955,0.0029969337263610484,0.0003852550133016495
skin_K8,projected_initial,coupled_accepted,age10_0,100,-0.053425691574420224,0.003288969757212272,-0.05,-0.003425691574420212,0.003288969757212272,0.0329036509689258,0.0023148935304567247,0.001082650247084892,0.00015233689751274496
skin_K8,projected_initial,coupled_accepted,treatment_1,100,0.2510817482694953,0.010798860799625833,0.246,0.005081748269495303,0.010798860799625833,0.107567412481078,0.007201857420426546,0.011570748227874374,0.0015493703355458693
skin_K8,projected_initial,coupled_accepted,age10_1,100,0.14589997957078712,0.005557344480204485,0.156,-0.010100020429212896,0.005557344480204485,0.056209733162191626,0.00349638854914855,0.0031595341021647847,0.0003930621347579646
skin_K8,projected_initial,coupled_accepted,sigma0,100,0.0008377780985161761,0.000154237004274523,0.002,-0.001162221901483824,0.00015423700427452298,0.0019250652050148895,7.593534626644723e-05,3.7058760435590184e-06,2.9236098585658973e-07
skin_K8,projected_initial,coupled_accepted,sigma1,100,0.0006121012414358366,0.00010822356625672937,0.003,-0.0023878987585641636,0.00010822356625672937,0.0026194621910215496,5.8261009022077204e-05,6.861582170191418e-06,3.0522502068819323e-07
skin_K8,projected_initial,coupled_accepted,nu0,100,0.36719103101274514,0.0019863086814639096,0.95,-0.5828089689872548,0.0019863086814639096,0.583143971183459,0.0019710204660603877,0.3400568911276148,0.002298777403724653
skin_K8,projected_initial,coupled_accepted,nu1,100,0.28587282342802117,0.0026095125049857564,1.85,-1.564127176571979,0.0026095125049857572,1.564342664024377,0.002610450308798721,2.4471679704868845,0.008167277580738897
skin_K8,projected_initial,coupled_accepted,theta,100,0.030686498797534743,0.0013956162626671226,0.3,-0.2693135012024652,0.001395616262667123,0.26967126035311906,0.001378256371932347,0.07272258866043974,0.0007433522658174264
skin_K8,projected_initial,coupled_accepted,cumulative_relative_0,100,1.1406363373265713,0.005400679550909138,1.0,0.14063633732657124,0.005400679550909138,0.15055280136278545,0.005044882892805691,0.022666145998182338,0.0015190425041181795
skin_K8,projected_initial,coupled_accepted,baseline_relative_ISE_0,100,0.028777960621467095,0.0015430500818947525,,,,,,,
skin_K8,projected_initial,coupled_accepted,cumulative_relative_1,100,1.238880620908179,0.011500843541903762,1.0,0.23888062090817894,0.011500843541903762,0.2648747286187127,0.010621240103980077,0.07015862186083668,0.005626596180271821
skin_K8,projected_initial,coupled_accepted,baseline_relative_ISE_1,100,0.09003817379267552,0.005774908268928106,,,,,,,
skin_K8,projected_initial,coupled_accepted,prediction_mse,100,0.883211310454081,0.0028327226673581034,,,,,,,
skin_K8,projected_initial,coupled_accepted,negative_prediction_fraction,100,0.0,0.0,,,,,,,
skin_K8,coupled,coupled_accepted,treatment_0,100,0.13295000020791387,0.005189387568237216,0.125,0.00795000020791387,0.005189387568237216,0.052242196482440835,0.003446167366057463,0.0027292470933099533,0.00036007070529789917
skin_K8,coupled,coupled_accepted,age10_0,100,-0.055718022177252094,0.003082649819854005,-0.05,-0.005718022177252087,0.003082649819854005,0.031200417287150086,0.002092590829892306,0.0009734660388922939,0.0001305794142078073
skin_K8,coupled,coupled_accepted,treatment_1,100,0.2506305828233858,0.01082765069920987,0.246,0.004630582823385771,0.010827650699209868,0.10783323348592556,0.007188111135733973,0.011628006244030138,0.0015502345328447663
skin_K8,coupled,coupled_accepted,age10_1,100,0.14661339620076386,0.00556839911862062,0.156,-0.009386603799236153,0.00556839911862062,0.056194378158006784,0.003552021468759144,0.0031578081365650702,0.00039920727528162004
skin_K8,coupled,coupled_accepted,sigma0,100,0.0021138140261773492,0.0003446913985578109,0.002,0.00011381402617734923,0.0003446913985578109,0.003431524077766164,0.0003516625685941259,1.1775357496288923e-05,2.413477142759677e-06
skin_K8,coupled,coupled_accepted,sigma1,100,0.003911198831076933,0.0008139600971082182,0.003,0.0009111988310769339,0.0008139600971082182,0.008149899155113119,0.0012819516601501773,6.642085623851353e-05,2.089555350390758e-05
skin_K8,coupled,coupled_accepted,nu0,100,0.4263266381778205,0.008171812420187087,0.95,-0.5236733618221794,0.008171812420187087,0.5299479815859146,0.007673940514766708,0.2808448631869849,0.008133578573221983
skin_K8,coupled,coupled_accepted,nu1,100,1.1138045109588945,0.023840730104979172,1.85,-0.7361954890411054,0.023840730104979172,0.7734684601626494,0.021613644268283324,0.5982534588663799,0.03343494430138475
skin_K8,coupled,coupled_accepted,theta,100,0.17768803762029006,0.008407916949260725,0.3,-0.12231196237970994,0.008407916949260725,0.14818512009077192,0.007085181700898244,0.0219588298163165,0.002099837002425092
skin_K8,coupled,coupled_accepted,cumulative_relative_0,100,1.2206260048780806,0.006470285358601622,1.0,0.22062600487808062,0.006470285358601622,0.22982695381093707,0.006251619845023889,0.0528204286980146,0.002873581490731686
skin_K8,coupled,coupled_accepted,baseline_relative_ISE_0,100,0.0627496686318604,0.0029977556790705987,,,,,,,
skin_K8,coupled,coupled_accepted,cumulative_relative_1,100,1.2237187468901725,0.01171506152324186,1.0,0.22371874689017243,0.01171506152324186,0.2522639524247368,0.0113422043778987,0.06363710169294987,0.0057224586111557585
skin_K8,coupled,coupled_accepted,baseline_relative_ISE_1,100,0.08273299931360223,0.005848211547778379,,,,,,,
skin_K8,coupled,coupled_accepted,prediction_mse,100,0.9202806307565012,0.004114310866872363,,,,,,,
skin_K8,coupled,coupled_accepted,negative_prediction_fraction,100,0.0,0.0,,,,,,,
skin_zero_clinics,initial,certified_initial,treatment_0,200,0.12694280904631208,0.0046723868653410355,0.125,0.0019428090463120729,0.0046723868653410355,0.06594075455932626,0.0029197430422980156,0.004348183111853307,0.000385060118656948
skin_zero_clinics,initial,certified_initial,age10_0,200,-0.057365379194737935,0.002136717909393512,-0.05,-0.007365379194737925,0.002136717909393512,0.031028953126435832,0.0014108714666452805,0.000962795932122552,8.755572921192438e-05
skin_zero_clinics,initial,certified_initial,treatment_1,200,0.24625535352117717,0.006821691339106557,0.246,0.0002553535211771496,0.0068216913391065575,0.09623213744847935,0.004695417457982755,0.00926062427790302,0.000903700116389172
skin_zero_clinics,initial,certified_initial,age10_1,200,0.1439798528995026,0.003767442907157523,0.156,-0.012020147100497387,0.003767442907157523,0.05448867333673311,0.0028354610164686082,0.0029690155219972095,0.0003090010181707984
skin_zero_clinics,initial,certified_initial,sigma0,200,-0.00027969707520542677,0.00017008894530140824,0.0,-0.00027969707520542677,0.00017008894530140824,0.002415646925217718,0.00018067163357334952,5.835350067313816e-06,8.72877752231048e-07
skin_zero_clinics,initial,certified_initial,sigma1,200,-0.00016486711121150227,0.0001303572164287067,0.0,-0.00016486711121150227,0.0001303572164287067,0.0018462905880419584,0.00012330022434837225,3.4087889354923206e-06,4.5529608743572317e-07
skin_zero_clinics,initial,certified_initial,nu0,200,0.37289545890307685,0.0013870377316753033,0.95,-0.5771045410969231,0.0013870377316753033,0.5774361455735512,0.0013881673327542888,0.33343250221483933,0.0016031559880735075
skin_zero_clinics,initial,certified_initial,nu1,200,0.2923639528223394,0.0018138069633767064,1.85,-1.5576360471776607,0.0018138069633767062,1.5578461877578371,0.0018087724626354843,2.426884744711626,0.005635578570876088
skin_zero_clinics,initial,certified_initial,theta,200,0.031995891081088634,0.0009253441012117817,0.3,-0.26800410891891135,0.0009253441012117818,0.26832181886094086,0.0009224564558035148,0.07199659847684355,0.0004950303880824324
skin_zero_clinics,initial,certified_initial,cumulative_relative_0,200,1.1431811231830762,0.003998757635658143,1.0,0.14318112318307613,0.003998757635658143,0.15389235360824574,0.003952094461041177,0.023682856499085345,0.0012163942365834763
skin_zero_clinics,initial,certified_initial,baseline_relative_ISE_0,200,0.03045835640953347,0.0012357853730495176,,,,,,,
skin_zero_clinics,initial,certified_initial,cumulative_relative_1,200,1.2573108048950374,0.00633066791323533,1.0,0.25731080489503744,0.00633066791323533,0.2723678472306117,0.006246876476572524,0.07418424420503784,0.003402896595679214
skin_zero_clinics,initial,certified_initial,baseline_relative_ISE_1,200,0.08870930232684167,0.003519200230164174,,,,,,,
skin_zero_clinics,initial,certified_initial,prediction_mse,200,0.8831340667353615,0.0019233749979984027,,,,,,,
skin_zero_clinics,initial,certified_initial,negative_prediction_fraction,200,0.0,0.0,,,,,,,
skin_zero_clinics,projected_initial,certified_initial,treatment_0,200,0.12694280904631208,0.0046723868653410355,0.125,0.0019428090463120729,0.0046723868653410355,0.06594075455932626,0.0029197430422980156,0.004348183111853307,0.000385060118656948
skin_zero_clinics,projected_initial,certified_initial,age10_0,200,-0.057365379194737935,0.002136717909393512,-0.05,-0.007365379194737925,0.002136717909393512,0.031028953126435832,0.0014108714666452805,0.000962795932122552,8.755572921192438e-05
skin_zero_clinics,projected_initial,certified_initial,treatment_1,200,0.24625535352117717,0.006821691339106557,0.246,0.0002553535211771496,0.0068216913391065575,0.09623213744847935,0.004695417457982755,0.00926062427790302,0.000903700116389172
skin_zero_clinics,projected_initial,certified_initial,age10_1,200,0.1439798528995026,0.003767442907157523,0.156,-0.012020147100497387,0.003767442907157523,0.05448867333673311,0.0028354610164686082,0.0029690155219972095,0.0003090010181707984
skin_zero_clinics,projected_initial,certified_initial,sigma0,200,0.000776694512915192,0.00012379200639983144,0.0,0.000776694512915192,0.00012379200639983144,0.0019112357455958314,0.00023439031357278176,3.652822075243254e-06,8.959502914434326e-07
skin_zero_clinics,projected_initial,certified_initial,sigma1,200,0.0006335207061915498,9.241638186809828e-05,0.0,0.0006335207061915498,9.241638186809828e-05,0.001449470670642867,0.00016153080210376858,2.1009652250538826e-06,4.6826832010965936e-07
skin_zero_clinics,projected_initial,certified_initial,nu0,200,0.3728954589030768,0.0013870377316753033,0.95,-0.5771045410969231,0.0013870377316753037,0.5774361455735512,0.0013881673327542892,0.33343250221483933,0.001603155988073508
skin_zero_clinics,projected_initial,certified_initial,nu1,200,0.2923639528223394,0.0018138069633767064,1.85,-1.5576360471776605,0.0018138069633767064,1.5578461877578371,0.0018087724626354848,2.426884744711626,0.00563557857087609
skin_zero_clinics,projected_initial,certified_initial,theta,200,0.031995891081088634,0.0009253441012117817,0.3,-0.26800410891891135,0.0009253441012117817,0.26832181886094086,0.0009224564558035147,0.07199659847684355,0.0004950303880824323
skin_zero_clinics,projected_initial,certified_initial,cumulative_relative_0,200,1.1431811231830762,0.003998757635658143,1.0,0.14318112318307613,0.003998757635658143,0.15389235360824574,0.003952094461041177,0.023682856499085345,0.0012163942365834763
skin_zero_clinics,projected_initial,certified_initial,baseline_relative_ISE_0,200,0.03045835640953347,0.0012357853730495176,,,,,,,
skin_zero_clinics,projected_initial,certified_initial,cumulative_relative_1,200,1.2573108048950374,0.00633066791323533,1.0,0.25731080489503744,0.00633066791323533,0.2723678472306117,0.006246876476572524,0.07418424420503784,0.003402896595679214
skin_zero_clinics,projected_initial,certified_initial,baseline_relative_ISE_1,200,0.08870930232684167,0.003519200230164174,,,,,,,
skin_zero_clinics,projected_initial,certified_initial,prediction_mse,200,0.8831340667353615,0.0019233749979984027,,,,,,,
skin_zero_clinics,projected_initial,certified_initial,negative_prediction_fraction,200,0.0,0.0,,,,,,,
skin_zero_clinics,fallback,certified_initial,treatment_0,200,0.12813993368782145,0.004464522556778722,0.125,0.003139933687821445,0.004464522556778722,0.0630580649393964,0.0027939679382943585,0.003976319553901134,0.0003523644233831143
skin_zero_clinics,fallback,certified_initial,age10_0,200,-0.05921150419563073,0.0020465201231704803,-0.05,-0.009211504195630726,0.0020465201231704803,0.03030367119409667,0.001343934172241606,0.0009183124878399243,8.145227852424022e-05
skin_zero_clinics,fallback,certified_initial,treatment_1,200,0.2449474269444631,0.006837248884207997,0.246,-0.0010525730555369305,0.006837248884207997,0.09645700803287101,0.004655128779856777,0.009303954398653341,0.0008980395882253883
skin_zero_clinics,fallback,certified_initial,age10_1,200,0.14426503610557886,0.00378915723041358,0.156,-0.011734963894421151,0.00378915723041358,0.05472562624991765,0.0028115254014651606,0.0029948941684456755,0.0003077249766254641
skin_zero_clinics,fallback,certified_initial,sigma0,200,0.0013376010460242266,0.00020974862436895855,0.0,0.0013376010460242266,0.00020974862436895855,0.0032471647876007974,0.00042010273493126883,1.0544079157834533e-05,2.7282856160872153e-06
skin_zero_clinics,fallback,certified_initial,sigma1,200,0.003291819193265848,0.0005240002361933748,0.0,0.003291819193265848,0.0005240002361933748,0.008091770316795036,0.0009866288021858575,6.547674685976524e-05,1.5967147310445128e-05
skin_zero_clinics,fallback,certified_initial,nu0,200,0.4451076434938271,0.005362829814618306,0.95,-0.5048923565061729,0.0053628298146183055,0.5105286675974696,0.0052632067846973656,0.26063952043884764,0.005374035894163016
skin_zero_clinics,fallback,certified_initial,nu1,200,1.1506476492936415,0.018874144871092815,1.85,-0.6993523507063587,0.018874144871092815,0.7483208843917791,0.017073727584844347,0.5599841460168945,0.02555325385231007
skin_zero_clinics,fallback,certified_initial,theta,200,0.18353079806088782,0.005343854744780615,0.3,-0.11646920193911214,0.005343854744780615,0.13873671079949684,0.00480793594846366,0.019247874923463228,0.0013340744384490147
skin_zero_clinics,fallback,certified_initial,cumulative_relative_0,200,1.2210332247150504,0.004398870668928245,1.0,0.2210332247150503,0.004398870668928245,0.2295786335815322,0.004335024543633376,0.052706348997163414,0.001990458022539511
skin_zero_clinics,fallback,certified_initial,baseline_relative_ISE_0,200,0.06210646692667005,0.0020314710489467446,,,,,,,
skin_zero_clinics,fallback,certified_initial,cumulative_relative_1,200,1.2395124558618384,0.007027657770079248,1.0,0.23951245586183853,0.007027657770079247,0.2592188713923175,0.007124260742715823,0.06719442328590682,0.0036934856584627785
skin_zero_clinics,fallback,certified_initial,baseline_relative_ISE_1,200,0.08087394314235002,0.0038575984713479987,,,,,,,
skin_zero_clinics,fallback,certified_initial,prediction_mse,200,0.9136231444184378,0.003223038587313101,,,,,,,
skin_zero_clinics,fallback,certified_initial,negative_prediction_fraction,200,0.0,0.0,,,,,,,
skin_zero_clinics,initial,coupled_accepted,treatment_0,200,0.12694280904631208,0.0046723868653410355,0.125,0.0019428090463120729,0.0046723868653410355,0.06594075455932626,0.0029197430422980156,0.004348183111853307,0.000385060118656948
skin_zero_clinics,initial,coupled_accepted,age10_0,200,-0.057365379194737935,0.002136717909393512,-0.05,-0.007365379194737925,0.002136717909393512,0.031028953126435832,0.0014108714666452805,0.000962795932122552,8.755572921192438e-05
skin_zero_clinics,initial,coupled_accepted,treatment_1,200,0.24625535352117717,0.006821691339106557,0.246,0.0002553535211771496,0.0068216913391065575,0.09623213744847935,0.004695417457982755,0.00926062427790302,0.000903700116389172
skin_zero_clinics,initial,coupled_accepted,age10_1,200,0.1439798528995026,0.003767442907157523,0.156,-0.012020147100497387,0.003767442907157523,0.05448867333673311,0.0028354610164686082,0.0029690155219972095,0.0003090010181707984
skin_zero_clinics,initial,coupled_accepted,sigma0,200,-0.00027969707520542677,0.00017008894530140824,0.0,-0.00027969707520542677,0.00017008894530140824,0.002415646925217718,0.00018067163357334952,5.835350067313816e-06,8.72877752231048e-07
skin_zero_clinics,initial,coupled_accepted,sigma1,200,-0.00016486711121150227,0.0001303572164287067,0.0,-0.00016486711121150227,0.0001303572164287067,0.0018462905880419584,0.00012330022434837225,3.4087889354923206e-06,4.5529608743572317e-07
skin_zero_clinics,initial,coupled_accepted,nu0,200,0.37289545890307685,0.0013870377316753033,0.95,-0.5771045410969231,0.0013870377316753033,0.5774361455735512,0.0013881673327542888,0.33343250221483933,0.0016031559880735075
skin_zero_clinics,initial,coupled_accepted,nu1,200,0.2923639528223394,0.0018138069633767064,1.85,-1.5576360471776607,0.0018138069633767062,1.5578461877578371,0.0018087724626354843,2.426884744711626,0.005635578570876088
skin_zero_clinics,initial,coupled_accepted,theta,200,0.031995891081088634,0.0009253441012117817,0.3,-0.26800410891891135,0.0009253441012117818,0.26832181886094086,0.0009224564558035148,0.07199659847684355,0.0004950303880824324
skin_zero_clinics,initial,coupled_accepted,cumulative_relative_0,200,1.1431811231830762,0.003998757635658143,1.0,0.14318112318307613,0.003998757635658143,0.15389235360824574,0.003952094461041177,0.023682856499085345,0.0012163942365834763
skin_zero_clinics,initial,coupled_accepted,baseline_relative_ISE_0,200,0.03045835640953347,0.0012357853730495176,,,,,,,
skin_zero_clinics,initial,coupled_accepted,cumulative_relative_1,200,1.2573108048950374,0.00633066791323533,1.0,0.25731080489503744,0.00633066791323533,0.2723678472306117,0.006246876476572524,0.07418424420503784,0.003402896595679214
skin_zero_clinics,initial,coupled_accepted,baseline_relative_ISE_1,200,0.08870930232684167,0.003519200230164174,,,,,,,
skin_zero_clinics,initial,coupled_accepted,prediction_mse,200,0.8831340667353615,0.0019233749979984027,,,,,,,
skin_zero_clinics,initial,coupled_accepted,negative_prediction_fraction,200,0.0,0.0,,,,,,,
skin_zero_clinics,projected_initial,coupled_accepted,treatment_0,200,0.12694280904631208,0.0046723868653410355,0.125,0.0019428090463120729,0.0046723868653410355,0.06594075455932626,0.0029197430422980156,0.004348183111853307,0.000385060118656948
skin_zero_clinics,projected_initial,coupled_accepted,age10_0,200,-0.057365379194737935,0.002136717909393512,-0.05,-0.007365379194737925,0.002136717909393512,0.031028953126435832,0.0014108714666452805,0.000962795932122552,8.755572921192438e-05
skin_zero_clinics,projected_initial,coupled_accepted,treatment_1,200,0.24625535352117717,0.006821691339106557,0.246,0.0002553535211771496,0.0068216913391065575,0.09623213744847935,0.004695417457982755,0.00926062427790302,0.000903700116389172
skin_zero_clinics,projected_initial,coupled_accepted,age10_1,200,0.1439798528995026,0.003767442907157523,0.156,-0.012020147100497387,0.003767442907157523,0.05448867333673311,0.0028354610164686082,0.0029690155219972095,0.0003090010181707984
skin_zero_clinics,projected_initial,coupled_accepted,sigma0,200,0.000776694512915192,0.00012379200639983144,0.0,0.000776694512915192,0.00012379200639983144,0.0019112357455958314,0.00023439031357278176,3.652822075243254e-06,8.959502914434326e-07
skin_zero_clinics,projected_initial,coupled_accepted,sigma1,200,0.0006335207061915498,9.241638186809828e-05,0.0,0.0006335207061915498,9.241638186809828e-05,0.001449470670642867,0.00016153080210376858,2.1009652250538826e-06,4.6826832010965936e-07
skin_zero_clinics,projected_initial,coupled_accepted,nu0,200,0.3728954589030768,0.0013870377316753033,0.95,-0.5771045410969231,0.0013870377316753037,0.5774361455735512,0.0013881673327542892,0.33343250221483933,0.001603155988073508
skin_zero_clinics,projected_initial,coupled_accepted,nu1,200,0.2923639528223394,0.0018138069633767064,1.85,-1.5576360471776605,0.0018138069633767064,1.5578461877578371,0.0018087724626354848,2.426884744711626,0.00563557857087609
skin_zero_clinics,projected_initial,coupled_accepted,theta,200,0.031995891081088634,0.0009253441012117817,0.3,-0.26800410891891135,0.0009253441012117817,0.26832181886094086,0.0009224564558035147,0.07199659847684355,0.0004950303880824323
skin_zero_clinics,projected_initial,coupled_accepted,cumulative_relative_0,200,1.1431811231830762,0.003998757635658143,1.0,0.14318112318307613,0.003998757635658143,0.15389235360824574,0.003952094461041177,0.023682856499085345,0.0012163942365834763
skin_zero_clinics,projected_initial,coupled_accepted,baseline_relative_ISE_0,200,0.03045835640953347,0.0012357853730495176,,,,,,,
skin_zero_clinics,projected_initial,coupled_accepted,cumulative_relative_1,200,1.2573108048950374,0.00633066791323533,1.0,0.25731080489503744,0.00633066791323533,0.2723678472306117,0.006246876476572524,0.07418424420503784,0.003402896595679214
skin_zero_clinics,projected_initial,coupled_accepted,baseline_relative_ISE_1,200,0.08870930232684167,0.003519200230164174,,,,,,,
skin_zero_clinics,projected_initial,coupled_accepted,prediction_mse,200,0.8831340667353615,0.0019233749979984027,,,,,,,
skin_zero_clinics,projected_initial,coupled_accepted,negative_prediction_fraction,200,0.0,0.0,,,,,,,
skin_zero_clinics,coupled,coupled_accepted,treatment_0,200,0.12813993368782145,0.004464522556778722,0.125,0.003139933687821445,0.004464522556778722,0.0630580649393964,0.0027939679382943585,0.003976319553901134,0.0003523644233831143
skin_zero_clinics,coupled,coupled_accepted,age10_0,200,-0.05921150419563073,0.0020465201231704803,-0.05,-0.009211504195630726,0.0020465201231704803,0.03030367119409667,0.001343934172241606,0.0009183124878399243,8.145227852424022e-05
skin_zero_clinics,coupled,coupled_accepted,treatment_1,200,0.2449474269444631,0.006837248884207997,0.246,-0.0010525730555369305,0.006837248884207997,0.09645700803287101,0.004655128779856777,0.009303954398653341,0.0008980395882253883
skin_zero_clinics,coupled,coupled_accepted,age10_1,200,0.14426503610557886,0.00378915723041358,0.156,-0.011734963894421151,0.00378915723041358,0.05472562624991765,0.0028115254014651606,0.0029948941684456755,0.0003077249766254641
skin_zero_clinics,coupled,coupled_accepted,sigma0,200,0.0013376010460242266,0.00020974862436895855,0.0,0.0013376010460242266,0.00020974862436895855,0.0032471647876007974,0.00042010273493126883,1.0544079157834533e-05,2.7282856160872153e-06
skin_zero_clinics,coupled,coupled_accepted,sigma1,200,0.003291819193265848,0.0005240002361933748,0.0,0.003291819193265848,0.0005240002361933748,0.008091770316795036,0.0009866288021858575,6.547674685976524e-05,1.5967147310445128e-05
skin_zero_clinics,coupled,coupled_accepted,nu0,200,0.4451076434938271,0.005362829814618306,0.95,-0.5048923565061729,0.0053628298146183055,0.5105286675974696,0.0052632067846973656,0.26063952043884764,0.005374035894163016
skin_zero_clinics,coupled,coupled_accepted,nu1,200,1.1506476492936415,0.018874144871092815,1.85,-0.6993523507063587,0.018874144871092815,0.7483208843917791,0.017073727584844347,0.5599841460168945,0.02555325385231007
skin_zero_clinics,coupled,coupled_accepted,theta,200,0.18353079806088782,0.005343854744780615,0.3,-0.11646920193911214,0.005343854744780615,0.13873671079949684,0.00480793594846366,0.019247874923463228,0.0013340744384490147
skin_zero_clinics,coupled,coupled_accepted,cumulative_relative_0,200,1.2210332247150504,0.004398870668928245,1.0,0.2210332247150503,0.004398870668928245,0.2295786335815322,0.004335024543633376,0.052706348997163414,0.001990458022539511
skin_zero_clinics,coupled,coupled_accepted,baseline_relative_ISE_0,200,0.06210646692667005,0.0020314710489467446,,,,,,,
skin_zero_clinics,coupled,coupled_accepted,cumulative_relative_1,200,1.2395124558618384,0.007027657770079248,1.0,0.23951245586183853,0.007027657770079247,0.2592188713923175,0.007124260742715823,0.06719442328590682,0.0036934856584627785
skin_zero_clinics,coupled,coupled_accepted,baseline_relative_ISE_1,200,0.08087394314235002,0.0038575984713479987,,,,,,,
skin_zero_clinics,coupled,coupled_accepted,prediction_mse,200,0.9136231444184378,0.003223038587313101,,,,,,,
skin_zero_clinics,coupled,coupled_accepted,negative_prediction_fraction,200,0.0,0.0,,,,,,,
skin_moderate_clinics,initial,certified_initial,treatment_0,100,0.13726354404433194,0.006713670064200368,0.125,0.01226354404433196,0.006713670064200368,0.0679165496759836,0.004646345713502406,0.004612657719890347,0.0006311275389257593
skin_moderate_clinics,initial,certified_initial,age10_0,100,-0.05520825212073968,0.0031712206091933136,-0.05,-0.0052082521207396735,0.0031712206091933136,0.03198020114411818,0.002467974291969958,0.001022733265218258,0.00015785262855142385
skin_moderate_clinics,initial,certified_initial,treatment_1,100,0.26962652491239053,0.00885876323214593,0.246,0.023626524912390482,0.00885876323214593,0.09125515653241,0.00570659962952102,0.00832750359375465,0.0010415132849194671
skin_moderate_clinics,initial,certified_initial,age10_1,100,0.15286811126098962,0.0049463698781233205,0.156,-0.003131888739010409,0.00494636987812332,0.04931530846727926,0.003843511546165796,0.0024319996492229053,0.00037908791499343135
skin_moderate_clinics,initial,certified_initial,sigma0,100,0.009494658886707948,0.0005428303599890218,0.04,-0.030505341113292048,0.0005428303599890217,0.030979794247398766,0.0005141570511491459,0.0009597476516111617,3.1856959310899646e-05
skin_moderate_clinics,initial,certified_initial,sigma1,100,0.0010726948390353474,0.0002500564300595275,0.0225,-0.021427305160964652,0.0002500564300595275,0.02157127024688856,0.00022766967032304203,0.0004653197000642998,9.822247971116729e-06
skin_moderate_clinics,initial,certified_initial,nu0,100,0.3737202097427136,0.003195852404555869,0.95,-0.5762797902572863,0.0031958524045558683,0.5771564176595118,0.0031636547121601287,0.33310953044556074,0.0036518472407639476
skin_moderate_clinics,initial,certified_initial,nu1,100,0.2957716117352723,0.002481142724017289,1.85,-1.554228388264728,0.0024811427240172897,1.5544244380929073,0.0024683899606124447,2.4162353337404507,0.007673851355038346
skin_moderate_clinics,initial,certified_initial,theta,100,0.03305844575902799,0.001326894645378609,0.3,-0.266941554240972,0.0013268946453786092,0.2672678388268579,0.0013272994200875946,0.07143209767117929,0.0007094888949659064
skin_moderate_clinics,initial,certified_initial,cumulative_relative_0,100,1.1318664765415039,0.011325106513747784,1.0,0.131866476541504,0.011325106513747784,0.17345406698228938,0.009417246459704622,0.03008631335269653,0.0032669193964206663
skin_moderate_clinics,initial,certified_initial,baseline_relative_ISE_0,100,0.036640218037776326,0.0032964259731858908,,,,,,,
skin_moderate_clinics,initial,certified_initial,cumulative_relative_1,100,1.2448532744295409,0.013572828860447795,1.0,0.24485327442954075,0.013572828860447797,0.2796266665450444,0.012682843872344992,0.07819107264309345,0.007092922708670147
skin_moderate_clinics,initial,certified_initial,baseline_relative_ISE_1,100,0.09378875176713462,0.00743781348997981,,,,,,,
skin_moderate_clinics,initial,certified_initial,prediction_mse,100,0.8991918794776598,0.006425779503782607,,,,,,,
skin_moderate_clinics,initial,certified_initial,negative_prediction_fraction,100,0.0,0.0,,,,,,,
skin_moderate_clinics,projected_initial,certified_initial,treatment_0,100,0.13726354404433194,0.006713670064200368,0.125,0.01226354404433196,0.006713670064200368,0.0679165496759836,0.004646345713502406,0.004612657719890347,0.0006311275389257593
skin_moderate_clinics,projected_initial,certified_initial,age10_0,100,-0.05520825212073968,0.0031712206091933136,-0.05,-0.0052082521207396735,0.0031712206091933136,0.03198020114411818,0.002467974291969958,0.001022733265218258,0.00015785262855142385
skin_moderate_clinics,projected_initial,certified_initial,treatment_1,100,0.26962652491239053,0.00885876323214593,0.246,0.023626524912390482,0.00885876323214593,0.09125515653241,0.00570659962952102,0.00832750359375465,0.0010415132849194671
skin_moderate_clinics,projected_initial,certified_initial,age10_1,100,0.15286811126098962,0.0049463698781233205,0.156,-0.003131888739010409,0.00494636987812332,0.04931530846727926,0.003843511546165796,0.0024319996492229053,0.00037908791499343135
skin_moderate_clinics,projected_initial,certified_initial,sigma0,100,0.009502891911568707,0.000541309948694455,0.04,-0.030497108088431292,0.000541309948694455,0.030969052800375818,0.0005120347996796923,0.0009590822313524653,3.171446549382049e-05
skin_moderate_clinics,projected_initial,certified_initial,sigma1,100,0.0014746980358158193,0.00021558311765718089,0.0225,-0.021025301964184184,0.00021558311765718083,0.021134437647271034,0.0001908998833302362,0.00044666445466638727,8.069123362228385e-06
skin_moderate_clinics,projected_initial,certified_initial,nu0,100,0.3737202097427136,0.0031958524045558705,0.95,-0.5762797902572862,0.0031958524045558696,0.5771564176595118,0.00316365471216013,0.33310953044556074,0.003651847240763949
skin_moderate_clinics,projected_initial,certified_initial,nu1,100,0.2957716117352723,0.00248114272401729,1.85,-1.554228388264728,0.0024811427240172905,1.5544244380929073,0.0024683899606124456,2.4162353337404507,0.007673851355038348
skin_moderate_clinics,projected_initial,certified_initial,theta,100,0.03305844575902799,0.001326894645378609,0.3,-0.266941554240972,0.0013268946453786092,0.2672678388268579,0.0013272994200875946,0.07143209767117929,0.0007094888949659064
skin_moderate_clinics,projected_initial,certified_initial,cumulative_relative_0,100,1.1318664765415039,0.011325106513747784,1.0,0.131866476541504,0.011325106513747784,0.17345406698228938,0.009417246459704622,0.03008631335269653,0.0032669193964206663
skin_moderate_clinics,projected_initial,certified_initial,baseline_relative_ISE_0,100,0.036640218037776326,0.0032964259731858908,,,,,,,
skin_moderate_clinics,projected_initial,certified_initial,cumulative_relative_1,100,1.2448532744295409,0.013572828860447795,1.0,0.24485327442954075,0.013572828860447797,0.2796266665450444,0.012682843872344992,0.07819107264309345,0.007092922708670147
skin_moderate_clinics,projected_initial,certified_initial,baseline_relative_ISE_1,100,0.09378875176713462,0.00743781348997981,,,,,,,
skin_moderate_clinics,projected_initial,certified_initial,prediction_mse,100,0.8991918794776598,0.006425779503782607,,,,,,,
skin_moderate_clinics,projected_initial,certified_initial,negative_prediction_fraction,100,0.0,0.0,,,,,,,
skin_moderate_clinics,fallback,certified_initial,treatment_0,100,0.13764491567368795,0.006441029274131127,0.125,0.012644915673687956,0.006441029274131127,0.06532298864340087,0.00461257682560461,0.004267092845305879,0.000602614607191568
skin_moderate_clinics,fallback,certified_initial,age10_0,100,-0.056172262083656374,0.0029997257309937104,-0.05,-0.00617226208365637,0.0029997257309937104,0.030478417132238526,0.002401768922249171,0.000928933910886731,0.00014640423013511438
skin_moderate_clinics,fallback,certified_initial,treatment_1,100,0.2681719044981578,0.0087979651508241,0.246,0.022171904498157785,0.0087979651508241,0.09030286948813888,0.005638369488018189,0.008154608237791844,0.001018321888004822
skin_moderate_clinics,fallback,certified_initial,age10_1,100,0.15392918143263348,0.0049729483362915255,0.156,-0.0020708185673665087,0.0049729483362915255,0.04952352562092072,0.0038273337115788874,0.0024525795899259916,0.00037908611825038127
skin_moderate_clinics,fallback,certified_initial,sigma0,100,0.027059669750370573,0.001552606145004569,0.04,-0.012940330249629435,0.0015526061450045687,0.020151926589747276,0.001135041151826998,0.0004061001452785633,4.5746531935919715e-05
skin_moderate_clinics,fallback,certified_initial,sigma1,100,0.014225765311284704,0.0017645705201049292,0.0225,-0.008274234688715293,0.0017645705201049292,0.01940928032168772,0.0009118700472210115,0.0003767201626058541,3.539748272692646e-05
skin_moderate_clinics,fallback,certified_initial,nu0,100,0.45831894518512434,0.012011449506786967,0.95,-0.49168105481487573,0.012011449506786967,0.5059975065847894,0.010395141330618632,0.25603347667002396,0.010519831187779034
skin_moderate_clinics,fallback,certified_initial,nu1,100,1.1692013618255623,0.03233569961544424,1.85,-0.6807986381744376,0.03233569961544424,0.752994644889705,0.025140052136581454,0.567000935232573,0.03786064926218764
skin_moderate_clinics,fallback,certified_initial,theta,100,0.19221744565820317,0.008664805483627235,0.3,-0.10778255434179682,0.008664805483627235,0.13802132289354044,0.007415777768095679,0.01904988557328295,0.002047070915674145
skin_moderate_clinics,fallback,certified_initial,cumulative_relative_0,100,1.207141144860398,0.012749119379212834,1.0,0.2071411448603979,0.012749119379212834,0.24289692946530422,0.0113966935622101,0.05899891834367297,0.005536443744635667
skin_moderate_clinics,fallback,certified_initial,baseline_relative_ISE_0,100,0.06762829623104837,0.005698074666358451,,,,,,,
skin_moderate_clinics,fallback,certified_initial,cumulative_relative_1,100,1.2284394322281758,0.015416685973077767,1.0,0.22843943222817586,0.015416685973077767,0.2751623532200365,0.014385796553639947,0.07571432062958813,0.007916859265288519
skin_moderate_clinics,fallback,certified_initial,baseline_relative_ISE_1,100,0.09049907550678883,0.008508698125144631,,,,,,,
skin_moderate_clinics,fallback,certified_initial,prediction_mse,100,0.9227244901717476,0.008969792170027868,,,,,,,
skin_moderate_clinics,fallback,certified_initial,negative_prediction_fraction,100,0.0,0.0,,,,,,,
skin_moderate_clinics,initial,coupled_accepted,treatment_0,99,0.1367676057272625,0.006763302154816793,0.125,0.01176760572726248,0.006763302154816791,0.06797953836422065,0.004688737700067907,0.0046212176362125474,0.0006374764487230679
skin_moderate_clinics,initial,coupled_accepted,age10_0,99,-0.055415738983382645,0.003196552568066294,-0.05,-0.005415738983382635,0.003196552568066294,0.03210434805655504,0.002480233798750284,0.0010306891641364297,0.0001592525782734216
skin_moderate_clinics,initial,coupled_accepted,treatment_1,99,0.2690276951520312,0.008928233646257925,0.246,0.023027695152031163,0.008928233646257925,0.09133555515869897,0.005758889736820893,0.008342183636147742,0.0010519827824205402
skin_moderate_clinics,initial,coupled_accepted,age10_1,99,0.15330872337629742,0.004976725004504352,0.156,-0.0026912766237025786,0.004976725004504352,0.049340516448150955,0.003880465884837537,0.002434486563370255,0.0003829283816346303
skin_moderate_clinics,initial,coupled_accepted,sigma0,99,0.009392306718793623,0.0005385059011378188,0.04,-0.030607693281206372,0.0005385059011378188,0.03106846908589657,0.0005101118144604693,0.0009652497713413108,3.169678627583139e-05
skin_moderate_clinics,initial,coupled_accepted,sigma1,99,0.0010376020864226003,0.00025009532249698987,0.0225,-0.0214623979135774,0.00025009532249698987,0.021604726239727017,0.0002271282538270299,0.00046676419589354904,9.814087490480423e-06
skin_moderate_clinics,initial,coupled_accepted,nu0,99,0.3733112216342873,0.0032017535563473743,0.95,-0.5766887783657125,0.0032017535563473743,0.5775591460836069,0.003167546025992394,0.33357456722482515,0.003658890355905379
skin_moderate_clinics,initial,coupled_accepted,nu1,99,0.29569345440522093,0.0025050888306998456,1.85,-1.5543065455947793,0.0025050888306998456,1.554504369161967,0.0024920145484949446,2.416483833743645,0.007747695007301157
skin_moderate_clinics,initial,coupled_accepted,theta,99,0.032939597935984034,0.0013349786342753082,0.3,-0.26706040206401593,0.0013349786342753084,0.2673871926814803,0.0013347446261246178,0.07149591081008307,0.0007137872370523072
skin_moderate_clinics,initial,coupled_accepted,cumulative_relative_0,99,1.1326694071594827,0.011411296764495815,1.0,0.1326694071594827,0.011411296764495815,0.17424840198146174,0.00943558818367605,0.030362505593093076,0.0032882723255214298
skin_moderate_clinics,initial,coupled_accepted,baseline_relative_ISE_0,99,0.036939447385674444,0.00331614572100039,,,,,,,
skin_moderate_clinics,initial,coupled_accepted,cumulative_relative_1,99,1.2468759881304439,0.013557523423801347,1.0,0.24687598813044379,0.013557523423801347,0.28099961703052445,0.01267372018084841,0.0789607847713014,0.007122621034340865
skin_moderate_clinics,initial,coupled_accepted,baseline_relative_ISE_1,99,0.09465533530047422,0.007462156394268395,,,,,,,
skin_moderate_clinics,initial,coupled_accepted,prediction_mse,99,0.9001719855127857,0.006415067912149673,,,,,,,
skin_moderate_clinics,initial,coupled_accepted,negative_prediction_fraction,99,0.0,0.0,,,,,,,
skin_moderate_clinics,projected_initial,coupled_accepted,treatment_0,99,0.1367676057272625,0.006763302154816793,0.125,0.01176760572726248,0.006763302154816791,0.06797953836422065,0.004688737700067907,0.0046212176362125474,0.0006374764487230679
skin_moderate_clinics,projected_initial,coupled_accepted,age10_0,99,-0.055415738983382645,0.003196552568066294,-0.05,-0.005415738983382635,0.003196552568066294,0.03210434805655504,0.002480233798750284,0.0010306891641364297,0.0001592525782734216
skin_moderate_clinics,projected_initial,coupled_accepted,treatment_1,99,0.2690276951520312,0.008928233646257925,0.246,0.023027695152031163,0.008928233646257925,0.09133555515869897,0.005758889736820893,0.008342183636147742,0.0010519827824205402
skin_moderate_clinics,projected_initial,coupled_accepted,age10_1,99,0.15330872337629742,0.004976725004504352,0.156,-0.0026912766237025786,0.004976725004504352,0.049340516448150955,0.003880465884837537,0.002434486563370255,0.0003829283816346303
skin_moderate_clinics,projected_initial,coupled_accepted,sigma0,99,0.009400622905521664,0.0005369580903322042,0.04,-0.030599377094478335,0.0005369580903322042,0.03105765009890252,0.0005079559268780986,0.0009645776296658598,3.15518348852874e-05
skin_moderate_clinics,projected_initial,coupled_accepted,sigma1,99,0.0014436659215543903,0.0002155038910185574,0.0225,-0.02105633407844561,0.0002155038910185574,0.0211641327172515,0.00019022009874963686,0.00044792051367343536,8.051686830852002e-06
skin_moderate_clinics,projected_initial,coupled_accepted,nu0,99,0.3733112216342873,0.0032017535563473756,0.95,-0.5766887783657124,0.0032017535563473756,0.5775591460836069,0.003167546025992396,0.33357456722482515,0.0036588903559053817
skin_moderate_clinics,projected_initial,coupled_accepted,nu1,99,0.29569345440522093,0.002505088830699846,1.85,-1.5543065455947793,0.002505088830699847,1.554504369161967,0.0024920145484949455,2.416483833743645,0.007747695007301159
skin_moderate_clinics,projected_initial,coupled_accepted,theta,99,0.03293959793598403,0.0013349786342753082,0.3,-0.26706040206401593,0.0013349786342753084,0.2673871926814803,0.0013347446261246178,0.07149591081008307,0.0007137872370523072
skin_moderate_clinics,projected_initial,coupled_accepted,cumulative_relative_0,99,1.1326694071594827,0.011411296764495815,1.0,0.1326694071594827,0.011411296764495815,0.17424840198146174,0.00943558818367605,0.030362505593093076,0.0032882723255214298
skin_moderate_clinics,projected_initial,coupled_accepted,baseline_relative_ISE_0,99,0.036939447385674444,0.00331614572100039,,,,,,,
skin_moderate_clinics,projected_initial,coupled_accepted,cumulative_relative_1,99,1.2468759881304439,0.013557523423801347,1.0,0.24687598813044379,0.013557523423801347,0.28099961703052445,0.01267372018084841,0.0789607847713014,0.007122621034340865
skin_moderate_clinics,projected_initial,coupled_accepted,baseline_relative_ISE_1,99,0.09465533530047422,0.007462156394268395,,,,,,,
skin_moderate_clinics,projected_initial,coupled_accepted,prediction_mse,99,0.9001719855127857,0.006415067912149673,,,,,,,
skin_moderate_clinics,projected_initial,coupled_accepted,negative_prediction_fraction,99,0.0,0.0,,,,,,,
skin_moderate_clinics,coupled,coupled_accepted,treatment_0,99,0.13715282959529881,0.006487406119934927,0.125,0.01215282959529884,0.006487406119934927,0.06536177940768863,0.004656476193379131,0.004272162207339348,0.0006087111395376008
skin_moderate_clinics,coupled,coupled_accepted,age10_0,99,-0.05638948642067223,0.0030222251649314057,-0.05,-0.006389486420672228,0.003022225164931406,0.030593174754826143,0.0024142812620493157,0.0009359423415793317,0.00014772105711435385
skin_moderate_clinics,coupled,coupled_accepted,treatment_1,99,0.26755838160230117,0.008865651469056903,0.246,0.021558381602301162,0.008865651469056903,0.09037445359418743,0.005690642840702455,0.008167541862447938,0.0010285774746563179
skin_moderate_clinics,coupled,coupled_accepted,age10_1,99,0.15438051142846299,0.005002705022396528,0.156,-0.0016194885715370233,0.005002705022396528,0.04955072534547058,0.003863970998870518,0.002455274382262261,0.0003829251314157933
skin_moderate_clinics,coupled,coupled_accepted,sigma0,99,0.02713474193461446,0.0015665345898129442,0.04,-0.012865258065385547,0.001566534589812944,0.020149686497681493,0.0011466899412714724,0.00040600986595484785,4.6210885653329943e-05
skin_moderate_clinics,coupled,coupled_accepted,sigma1,99,0.014323531856371445,0.0017797474090114132,0.0225,-0.008176468143628551,0.0017797474090114136,0.019423432076033597,0.0009203457866891249,0.00037726971361229074,3.5752547748439846e-05
skin_moderate_clinics,coupled,coupled_accepted,nu0,99,0.45876448975793455,0.012125046151300018,0.95,-0.4912355102420656,0.012125046151300018,0.5056876184479463,0.01050244639116294,0.2557199674515557,0.01062191420684883
skin_moderate_clinics,coupled,coupled_accepted,nu1,99,1.1779457272236957,0.03144696772319781,1.85,-0.6720542727763044,0.03144696772319781,0.7406553178755313,0.022552669566969698,0.5485702998973043,0.03340750929413153
skin_moderate_clinics,coupled,coupled_accepted,theta,99,0.1937062645008074,0.008622601560812938,0.3,-0.10629373549919256,0.00862260156081294,0.13632529280611363,0.007385743024980469,0.018584585458672614,0.002013727160942348
skin_moderate_clinics,coupled,coupled_accepted,cumulative_relative_0,99,1.208704425663416,0.012781371891343747,1.0,0.208704425663416,0.01278137189134375,0.24406383816356303,0.011396849777116901,0.05956715709912988,0.005563117799153397
skin_moderate_clinics,coupled,coupled_accepted,baseline_relative_ISE_0,99,0.06824053646978762,0.005722602589861922,,,,,,,
skin_moderate_clinics,coupled,coupled_accepted,cumulative_relative_1,99,1.2302963495432064,0.015459824974509954,1.0,0.23029634954320652,0.015459824974509954,0.27651223311218975,0.014396789310878663,0.07645901506068997,0.007961776723993525
skin_moderate_clinics,coupled,coupled_accepted,baseline_relative_ISE_1,99,0.09133242998699363,0.008553759413094598,,,,,,,
skin_moderate_clinics,coupled,coupled_accepted,prediction_mse,99,0.9239422993451977,0.008976961009715559,,,,,,,
skin_moderate_clinics,coupled,coupled_accepted,negative_prediction_fraction,99,0.0,0.0,,,,,,,
skin_flat,initial,certified_initial,treatment_0,100,0.12231874699211198,0.006094733008342295,0.125,-0.002681253007888028,0.006094733008342295,0.060701074055959196,0.004661018778692364,0.003684620391547043,0.0005658576921232434
skin_flat,initial,certified_initial,age10_0,100,-0.055517605448937246,0.002715343349387022,-0.05,-0.005517605448937236,0.002715343349387022,0.02757498560092307,0.002379339596010422,0.0007603798308911147,0.000131220510199387
skin_flat,initial,certified_initial,treatment_1,100,0.2490211268519331,0.009509336990548864,0.246,0.0030211268519331523,0.009509336990548864,0.09466492865595866,0.006803530459961671,0.008961448717437743,0.0012881114512018263
skin_flat,initial,certified_initial,age10_1,100,0.14695223074616756,0.004458919743359273,0.156,-0.009047769253832445,0.004458919743359273,0.04527887687393305,0.0028651381656742657,0.0020501766909647888,0.0002594604764607429
skin_flat,initial,certified_initial,sigma0,100,0.00029701853842288095,0.00025426646245542856,0.002,-0.0017029814615771189,0.00025426646245542856,0.0030496947089021106,0.00025312979918902826,9.30063781750553e-06,1.5439372185044664e-06
skin_flat,initial,certified_initial,sigma1,100,-0.0003291605181352341,0.00014736458002458813,0.003,-0.003329160518135234,0.00014736458002458813,0.0036377500437285355,0.0001235727178145091,1.3233225380646961e-05,8.99053319266769e-07
skin_flat,initial,certified_initial,nu0,100,0.35447279518174907,0.0019250288697314339,0.95,-0.5955272048182509,0.0019250288697314345,0.5958351446141957,0.001910052475048436,0.35501951955741956,0.0022761527853823746
skin_flat,initial,certified_initial,nu1,100,0.2877638402864227,0.00238209980572032,1.85,-1.5622361597135777,0.00238209980572032,1.562415944704093,0.0023653995116409425,2.4411435842655833,0.007391475825166168
skin_flat,initial,certified_initial,theta,100,0.031237593221167412,0.0012104114372290622,0.3,-0.26876240677883256,0.0012104114372290622,0.26903210921085385,0.001186461644574871,0.0723782757864408,0.0006383925574755119
skin_flat,initial,certified_initial,cumulative_relative_0,100,1.1703666117818263,0.006337778789492904,1.0,0.17036661178182652,0.006337778789492904,0.1816627616450043,0.006161204994973305,0.03300135896848965,0.002238523028895691
skin_flat,initial,certified_initial,baseline_relative_ISE_0,100,0.03611597630901611,0.002317840522171483,,,,,,,
skin_flat,initial,certified_initial,cumulative_relative_1,100,1.2967593995017201,0.009556885457240958,1.0,0.2967593995017202,0.009556885457240958,0.31162190728069994,0.009955982969631875,0.09710821309726116,0.006205004803701703
skin_flat,initial,certified_initial,baseline_relative_ISE_1,100,0.10617833419272324,0.0064361900905927,,,,,,,
skin_flat,initial,certified_initial,prediction_mse,100,0.8910811272672419,0.0030035983984789795,,,,,,,
skin_flat,initial,certified_initial,negative_prediction_fraction,100,0.0,0.0,,,,,,,
skin_flat,projected_initial,certified_initial,treatment_0,100,0.12231874699211198,0.006094733008342295,0.125,-0.002681253007888028,0.006094733008342295,0.060701074055959196,0.004661018778692364,0.003684620391547043,0.0005658576921232434
skin_flat,projected_initial,certified_initial,age10_0,100,-0.055517605448937246,0.002715343349387022,-0.05,-0.005517605448937236,0.002715343349387022,0.02757498560092307,0.002379339596010422,0.0007603798308911147,0.000131220510199387
skin_flat,projected_initial,certified_initial,treatment_1,100,0.2490211268519331,0.009509336990548864,0.246,0.0030211268519331523,0.009509336990548864,0.09466492865595866,0.006803530459961671,0.008961448717437743,0.0012881114512018263
skin_flat,projected_initial,certified_initial,age10_1,100,0.14695223074616756,0.004458919743359273,0.156,-0.009047769253832445,0.004458919743359273,0.04527887687393305,0.0028651381656742657,0.0020501766909647888,0.0002594604764607429
skin_flat,projected_initial,certified_initial,sigma0,100,0.0010091116449177711,0.00020899351732687539,0.002,-0.000990888355082229,0.00020899351732687539,0.0023034779075169795,0.00032595208292002817,5.306010470418802e-06,1.501646843830855e-06
skin_flat,projected_initial,certified_initial,sigma1,100,0.0004359964039815388,8.602033393369643e-05,0.003,-0.0025640035960184607,8.602033393369642e-05,0.0027030842990095594,5.294440432850607e-05,7.3066647275520015e-06,2.86226376121597e-07
skin_flat,projected_initial,certified_initial,nu0,100,0.354472795181749,0.0019250288697314332,0.95,-0.5955272048182509,0.0019250288697314332,0.5958351446141958,0.0019100524750484342,0.35501951955741967,0.002276152785382373
skin_flat,projected_initial,certified_initial,nu1,100,0.28776384028642266,0.0023820998057203194,1.85,-1.5622361597135772,0.00238209980572032,1.562415944704093,0.0023653995116409425,2.4411435842655833,0.007391475825166168
skin_flat,projected_initial,certified_initial,theta,100,0.031237593221167412,0.0012104114372290622,0.3,-0.26876240677883256,0.0012104114372290622,0.26903210921085385,0.001186461644574871,0.0723782757864408,0.0006383925574755119
skin_flat,projected_initial,certified_initial,cumulative_relative_0,100,1.1703666117818263,0.006337778789492904,1.0,0.17036661178182652,0.006337778789492904,0.1816627616450043,0.006161204994973305,0.03300135896848965,0.002238523028895691
skin_flat,projected_initial,certified_initial,baseline_relative_ISE_0,100,0.03611597630901611,0.002317840522171483,,,,,,,
skin_flat,projected_initial,certified_initial,cumulative_relative_1,100,1.2967593995017201,0.009556885457240958,1.0,0.2967593995017202,0.009556885457240958,0.31162190728069994,0.009955982969631875,0.09710821309726116,0.006205004803701703
skin_flat,projected_initial,certified_initial,baseline_relative_ISE_1,100,0.10617833419272324,0.0064361900905927,,,,,,,
skin_flat,projected_initial,certified_initial,prediction_mse,100,0.8910811272672419,0.0030035983984789795,,,,,,,
skin_flat,projected_initial,certified_initial,negative_prediction_fraction,100,0.0,0.0,,,,,,,
skin_flat,fallback,certified_initial,treatment_0,100,0.12308083233154692,0.005860775537390924,0.125,-0.0019191676684530798,0.005860775537390924,0.05834555256922282,0.0046051209507038246,0.0034042035046079433,0.0005373766530338387
skin_flat,fallback,certified_initial,age10_0,100,-0.05769657536230468,0.00257252303963013,-0.05,-0.007696575362304673,0.0025725230396301305,0.02672839083186625,0.00233656355584348,0.0007144068764609918,0.00012490516784815936
skin_flat,fallback,certified_initial,treatment_1,100,0.2486851125366062,0.009549449789629155,0.246,0.002685112536606172,0.009549449789629155,0.09505375829768344,0.006825876547526422,0.009035216966514423,0.0012976504390368048
skin_flat,fallback,certified_initial,age10_1,100,0.14775955543231192,0.004467560991653087,0.156,-0.008240444567688085,0.004467560991653087,0.04520902505997038,0.002875993816236092,0.0020438559468730303,0.00026004175302107467
skin_flat,fallback,certified_initial,sigma0,100,0.0021428943657323066,0.00036251853614422156,0.002,0.00014289436573230698,0.00036251853614422156,0.003609843212041877,0.00044678387895483927,1.3030968015524815e-05,3.2256395053897323e-06
skin_flat,fallback,certified_initial,sigma1,100,0.003828307294068788,0.00071744420171601,0.003,0.000828307294068788,0.00071744420171601,0.007186374958796954,0.0011282629758728202,5.1643985048423926e-05,1.6216241593500334e-05
skin_flat,fallback,certified_initial,nu0,100,0.40374375979691024,0.007953611382493016,0.95,-0.5462562402030898,0.007953611382493016,0.5519588874446757,0.007642770545191458,0.3046586134291642,0.00843699025423763
skin_flat,fallback,certified_initial,nu1,100,1.0601665157712281,0.024103126129565874,1.85,-0.7898334842287719,0.02410312612956587,0.8254405133269871,0.020631047295624375,0.6813520410415199,0.03405940454034707
skin_flat,fallback,certified_initial,theta,100,0.17617930519034838,0.0070872980408431905,0.3,-0.12382069480965162,0.0070872980408431905,0.14249320693141523,0.005548203493037355,0.020304314021599122,0.001581162616861945
skin_flat,fallback,certified_initial,cumulative_relative_0,100,1.2555813309259225,0.007099899328103671,1.0,0.25558133092592233,0.007099899328103671,0.26516460019074445,0.0069575652015249415,0.07031226519431735,0.0036897999899267947
skin_flat,fallback,certified_initial,baseline_relative_ISE_0,100,0.07429092445245916,0.003695109585367165,,,,,,,
skin_flat,fallback,certified_initial,cumulative_relative_1,100,1.2879120047521864,0.010659797128350499,1.0,0.28791200475218626,0.0106597971283505,0.30682701753164476,0.01094900656039719,0.09414281868736425,0.006718902055722164
skin_flat,fallback,certified_initial,baseline_relative_ISE_1,100,0.10338998277764132,0.00705048136106539,,,,,,,
skin_flat,fallback,certified_initial,prediction_mse,100,0.9367605117060315,0.004694181178414194,,,,,,,
skin_flat,fallback,certified_initial,negative_prediction_fraction,100,0.0,0.0,,,,,,,
skin_flat,initial,coupled_accepted,treatment_0,100,0.12231874699211198,0.006094733008342295,0.125,-0.002681253007888028,0.006094733008342295,0.060701074055959196,0.004661018778692364,0.003684620391547043,0.0005658576921232434
skin_flat,initial,coupled_accepted,age10_0,100,-0.055517605448937246,0.002715343349387022,-0.05,-0.005517605448937236,0.002715343349387022,0.02757498560092307,0.002379339596010422,0.0007603798308911147,0.000131220510199387
skin_flat,initial,coupled_accepted,treatment_1,100,0.2490211268519331,0.009509336990548864,0.246,0.0030211268519331523,0.009509336990548864,0.09466492865595866,0.006803530459961671,0.008961448717437743,0.0012881114512018263
skin_flat,initial,coupled_accepted,age10_1,100,0.14695223074616756,0.004458919743359273,0.156,-0.009047769253832445,0.004458919743359273,0.04527887687393305,0.0028651381656742657,0.0020501766909647888,0.0002594604764607429
skin_flat,initial,coupled_accepted,sigma0,100,0.00029701853842288095,0.00025426646245542856,0.002,-0.0017029814615771189,0.00025426646245542856,0.0030496947089021106,0.00025312979918902826,9.30063781750553e-06,1.5439372185044664e-06
skin_flat,initial,coupled_accepted,sigma1,100,-0.0003291605181352341,0.00014736458002458813,0.003,-0.003329160518135234,0.00014736458002458813,0.0036377500437285355,0.0001235727178145091,1.3233225380646961e-05,8.99053319266769e-07
skin_flat,initial,coupled_accepted,nu0,100,0.35447279518174907,0.0019250288697314339,0.95,-0.5955272048182509,0.0019250288697314345,0.5958351446141957,0.001910052475048436,0.35501951955741956,0.0022761527853823746
skin_flat,initial,coupled_accepted,nu1,100,0.2877638402864227,0.00238209980572032,1.85,-1.5622361597135777,0.00238209980572032,1.562415944704093,0.0023653995116409425,2.4411435842655833,0.007391475825166168
skin_flat,initial,coupled_accepted,theta,100,0.031237593221167412,0.0012104114372290622,0.3,-0.26876240677883256,0.0012104114372290622,0.26903210921085385,0.001186461644574871,0.0723782757864408,0.0006383925574755119
skin_flat,initial,coupled_accepted,cumulative_relative_0,100,1.1703666117818263,0.006337778789492904,1.0,0.17036661178182652,0.006337778789492904,0.1816627616450043,0.006161204994973305,0.03300135896848965,0.002238523028895691
skin_flat,initial,coupled_accepted,baseline_relative_ISE_0,100,0.03611597630901611,0.002317840522171483,,,,,,,
skin_flat,initial,coupled_accepted,cumulative_relative_1,100,1.2967593995017201,0.009556885457240958,1.0,0.2967593995017202,0.009556885457240958,0.31162190728069994,0.009955982969631875,0.09710821309726116,0.006205004803701703
skin_flat,initial,coupled_accepted,baseline_relative_ISE_1,100,0.10617833419272324,0.0064361900905927,,,,,,,
skin_flat,initial,coupled_accepted,prediction_mse,100,0.8910811272672419,0.0030035983984789795,,,,,,,
skin_flat,initial,coupled_accepted,negative_prediction_fraction,100,0.0,0.0,,,,,,,
skin_flat,projected_initial,coupled_accepted,treatment_0,100,0.12231874699211198,0.006094733008342295,0.125,-0.002681253007888028,0.006094733008342295,0.060701074055959196,0.004661018778692364,0.003684620391547043,0.0005658576921232434
skin_flat,projected_initial,coupled_accepted,age10_0,100,-0.055517605448937246,0.002715343349387022,-0.05,-0.005517605448937236,0.002715343349387022,0.02757498560092307,0.002379339596010422,0.0007603798308911147,0.000131220510199387
skin_flat,projected_initial,coupled_accepted,treatment_1,100,0.2490211268519331,0.009509336990548864,0.246,0.0030211268519331523,0.009509336990548864,0.09466492865595866,0.006803530459961671,0.008961448717437743,0.0012881114512018263
skin_flat,projected_initial,coupled_accepted,age10_1,100,0.14695223074616756,0.004458919743359273,0.156,-0.009047769253832445,0.004458919743359273,0.04527887687393305,0.0028651381656742657,0.0020501766909647888,0.0002594604764607429
skin_flat,projected_initial,coupled_accepted,sigma0,100,0.0010091116449177711,0.00020899351732687539,0.002,-0.000990888355082229,0.00020899351732687539,0.0023034779075169795,0.00032595208292002817,5.306010470418802e-06,1.501646843830855e-06
skin_flat,projected_initial,coupled_accepted,sigma1,100,0.0004359964039815388,8.602033393369643e-05,0.003,-0.0025640035960184607,8.602033393369642e-05,0.0027030842990095594,5.294440432850607e-05,7.3066647275520015e-06,2.86226376121597e-07
skin_flat,projected_initial,coupled_accepted,nu0,100,0.354472795181749,0.0019250288697314332,0.95,-0.5955272048182509,0.0019250288697314332,0.5958351446141958,0.0019100524750484342,0.35501951955741967,0.002276152785382373
skin_flat,projected_initial,coupled_accepted,nu1,100,0.28776384028642266,0.0023820998057203194,1.85,-1.5622361597135772,0.00238209980572032,1.562415944704093,0.0023653995116409425,2.4411435842655833,0.007391475825166168
skin_flat,projected_initial,coupled_accepted,theta,100,0.031237593221167412,0.0012104114372290622,0.3,-0.26876240677883256,0.0012104114372290622,0.26903210921085385,0.001186461644574871,0.0723782757864408,0.0006383925574755119
skin_flat,projected_initial,coupled_accepted,cumulative_relative_0,100,1.1703666117818263,0.006337778789492904,1.0,0.17036661178182652,0.006337778789492904,0.1816627616450043,0.006161204994973305,0.03300135896848965,0.002238523028895691
skin_flat,projected_initial,coupled_accepted,baseline_relative_ISE_0,100,0.03611597630901611,0.002317840522171483,,,,,,,
skin_flat,projected_initial,coupled_accepted,cumulative_relative_1,100,1.2967593995017201,0.009556885457240958,1.0,0.2967593995017202,0.009556885457240958,0.31162190728069994,0.009955982969631875,0.09710821309726116,0.006205004803701703
skin_flat,projected_initial,coupled_accepted,baseline_relative_ISE_1,100,0.10617833419272324,0.0064361900905927,,,,,,,
skin_flat,projected_initial,coupled_accepted,prediction_mse,100,0.8910811272672419,0.0030035983984789795,,,,,,,
skin_flat,projected_initial,coupled_accepted,negative_prediction_fraction,100,0.0,0.0,,,,,,,
skin_flat,coupled,coupled_accepted,treatment_0,100,0.12308083233154692,0.005860775537390924,0.125,-0.0019191676684530798,0.005860775537390924,0.05834555256922282,0.0046051209507038246,0.0034042035046079433,0.0005373766530338387
skin_flat,coupled,coupled_accepted,age10_0,100,-0.05769657536230468,0.00257252303963013,-0.05,-0.007696575362304673,0.0025725230396301305,0.02672839083186625,0.00233656355584348,0.0007144068764609918,0.00012490516784815936
skin_flat,coupled,coupled_accepted,treatment_1,100,0.2486851125366062,0.009549449789629155,0.246,0.002685112536606172,0.009549449789629155,0.09505375829768344,0.006825876547526422,0.009035216966514423,0.0012976504390368048
skin_flat,coupled,coupled_accepted,age10_1,100,0.14775955543231192,0.004467560991653087,0.156,-0.008240444567688085,0.004467560991653087,0.04520902505997038,0.002875993816236092,0.0020438559468730303,0.00026004175302107467
skin_flat,coupled,coupled_accepted,sigma0,100,0.0021428943657323066,0.00036251853614422156,0.002,0.00014289436573230698,0.00036251853614422156,0.003609843212041877,0.00044678387895483927,1.3030968015524815e-05,3.2256395053897323e-06
skin_flat,coupled,coupled_accepted,sigma1,100,0.003828307294068788,0.00071744420171601,0.003,0.000828307294068788,0.00071744420171601,0.007186374958796954,0.0011282629758728202,5.1643985048423926e-05,1.6216241593500334e-05
skin_flat,coupled,coupled_accepted,nu0,100,0.40374375979691024,0.007953611382493016,0.95,-0.5462562402030898,0.007953611382493016,0.5519588874446757,0.007642770545191458,0.3046586134291642,0.00843699025423763
skin_flat,coupled,coupled_accepted,nu1,100,1.0601665157712281,0.024103126129565874,1.85,-0.7898334842287719,0.02410312612956587,0.8254405133269871,0.020631047295624375,0.6813520410415199,0.03405940454034707
skin_flat,coupled,coupled_accepted,theta,100,0.17617930519034838,0.0070872980408431905,0.3,-0.12382069480965162,0.0070872980408431905,0.14249320693141523,0.005548203493037355,0.020304314021599122,0.001581162616861945
skin_flat,coupled,coupled_accepted,cumulative_relative_0,100,1.2555813309259225,0.007099899328103671,1.0,0.25558133092592233,0.007099899328103671,0.26516460019074445,0.0069575652015249415,0.07031226519431735,0.0036897999899267947
skin_flat,coupled,coupled_accepted,baseline_relative_ISE_0,100,0.07429092445245916,0.003695109585367165,,,,,,,
skin_flat,coupled,coupled_accepted,cumulative_relative_1,100,1.2879120047521864,0.010659797128350499,1.0,0.28791200475218626,0.0106597971283505,0.30682701753164476,0.01094900656039719,0.09414281868736425,0.006718902055722164
skin_flat,coupled,coupled_accepted,baseline_relative_ISE_1,100,0.10338998277764132,0.00705048136106539,,,,,,,
skin_flat,coupled,coupled_accepted,prediction_mse,100,0.9367605117060315,0.004694181178414194,,,,,,,
skin_flat,coupled,coupled_accepted,negative_prediction_fraction,100,0.0,0.0,,,,,,,
skin_law_alt,initial,certified_initial,treatment_0,100,0.1178560979842937,0.007776276042243925,0.125,-0.007143902015706308,0.007776276042243925,0.07770207059945392,0.005354415077702866,0.006037611775442521,0.0008320982767728973
skin_law_alt,initial,certified_initial,age10_0,100,-0.04229250186581391,0.00402855443016128,-0.05,0.0077074981341860895,0.00402855443016128,0.040817904850309464,0.0028867726601828777,0.001666101356368917,0.00023566402353563886
skin_law_alt,initial,certified_initial,treatment_1,100,0.23428560106321414,0.012345694815385343,0.246,-0.011714398936785877,0.012345694815385345,0.1233954172951281,0.009479719687394824,0.015226429009438798,0.0023395079333338514
skin_law_alt,initial,certified_initial,age10_1,100,0.13325900930109935,0.007366169991038176,0.156,-0.022740990698900634,0.007366169991038176,0.07673941771552446,0.005170690702332943,0.0058889382313177495,0.0007935915873682126
skin_law_alt,initial,certified_initial,sigma0,100,-2.7275056236854334e-05,0.0003554622887000305,0.002,-0.0020272750562368544,0.0003554622887000305,0.004076620485615341,0.0002053768287266533,1.6618834583738658e-05,1.6744867745155761e-06
skin_law_alt,initial,certified_initial,sigma1,100,-0.000635649583582799,0.00021093641770020648,0.003,-0.003635649583582799,0.00021093641770020648,0.004197960332532119,0.00016735081624525758,1.762287095351318e-05,1.405064176428926e-06
skin_law_alt,initial,certified_initial,nu0,100,0.5710584559700481,0.0055101894613469905,0.95,-0.3789415440299516,0.00551018946134699,0.3828871248735035,0.005469930491633797,0.14660255039389788,0.004188731918399148
skin_law_alt,initial,certified_initial,nu1,100,0.4461732587480167,0.006330624468503539,1.85,-1.4038267412519838,0.00633062446850354,1.4052391694171222,0.00630208927450724,1.9746971232641233,0.017711885395402218
skin_law_alt,initial,certified_initial,theta,100,0.07321635986277228,0.0030660106411781437,0.3,-0.22678364013722774,0.0030660106411781437,0.22882626846107845,0.002914121614022979,0.05236146113782155,0.0013336551495573069
skin_law_alt,initial,certified_initial,cumulative_relative_0,100,1.0363596774899033,0.005512982097292287,1.0,0.036359677489903264,0.005512982097292287,0.06580980425492268,0.005038727732042041,0.00433093033607124,0.0006631953714790745
skin_law_alt,initial,certified_initial,baseline_relative_ISE_0,100,0.010698864232840246,0.0007235813606340505,,,,,,,
skin_law_alt,initial,certified_initial,cumulative_relative_1,100,1.1531977343097082,0.011949067300639186,1.0,0.15319773430970826,0.011949067300639186,0.19391953620972083,0.011394031979280041,0.03760478652379323,0.004419050793961426
skin_law_alt,initial,certified_initial,baseline_relative_ISE_1,100,0.05625135889479069,0.004696350545744272,,,,,,,
skin_law_alt,initial,certified_initial,prediction_mse,100,0.6307445643466859,0.006553557972247196,,,,,,,
skin_law_alt,initial,certified_initial,negative_prediction_fraction,100,0.0,0.0,,,,,,,
skin_law_alt,projected_initial,certified_initial,treatment_0,100,0.1178560979842937,0.007776276042243925,0.125,-0.007143902015706308,0.007776276042243925,0.07770207059945392,0.005354415077702866,0.006037611775442521,0.0008320982767728973
skin_law_alt,projected_initial,certified_initial,age10_0,100,-0.04229250186581391,0.00402855443016128,-0.05,0.0077074981341860895,0.00402855443016128,0.040817904850309464,0.0028867726601828777,0.001666101356368917,0.00023566402353563886
skin_law_alt,projected_initial,certified_initial,treatment_1,100,0.23428560106321414,0.012345694815385343,0.246,-0.011714398936785877,0.012345694815385345,0.1233954172951281,0.009479719687394824,0.015226429009438798,0.0023395079333338514
skin_law_alt,projected_initial,certified_initial,age10_1,100,0.13325900930109935,0.007366169991038176,0.156,-0.022740990698900634,0.007366169991038176,0.07673941771552446,0.005170690702332943,0.0058889382313177495,0.0007935915873682126
skin_law_alt,projected_initial,certified_initial,sigma0,100,0.001364417264612545,0.0002495609459701954,0.002,-0.0006355827353874553,0.0002495609459701954,0.0025631526140912756,0.0002491455969966098,6.56975132312294e-06,1.2771963764623837e-06
skin_law_alt,projected_initial,certified_initial,sigma1,100,0.0005573483351720808,0.00012047146433664065,0.003,-0.0024426516648279194,0.00012047146433664065,0.0027209136616049836,7.094847879362923e-05,7.4033711539086385e-06,3.860893704393545e-07
skin_law_alt,projected_initial,certified_initial,nu0,100,0.5710584559700481,0.005510189461346992,0.95,-0.3789415440299516,0.005510189461346992,0.38288712487350357,0.005469930491633797,0.1466025503938979,0.004188731918399149
skin_law_alt,projected_initial,certified_initial,nu1,100,0.4461732587480167,0.006330624468503537,1.85,-1.4038267412519838,0.006330624468503539,1.4052391694171222,0.00630208927450724,1.9746971232641233,0.017711885395402218
skin_law_alt,projected_initial,certified_initial,theta,100,0.07321635986277228,0.003066010641178144,0.3,-0.22678364013722774,0.003066010641178144,0.22882626846107845,0.0029141216140229796,0.05236146113782155,0.001333655149557307
skin_law_alt,projected_initial,certified_initial,cumulative_relative_0,100,1.0363596774899033,0.005512982097292287,1.0,0.036359677489903264,0.005512982097292287,0.06580980425492268,0.005038727732042041,0.00433093033607124,0.0006631953714790745
skin_law_alt,projected_initial,certified_initial,baseline_relative_ISE_0,100,0.010698864232840246,0.0007235813606340505,,,,,,,
skin_law_alt,projected_initial,certified_initial,cumulative_relative_1,100,1.1531977343097082,0.011949067300639186,1.0,0.15319773430970826,0.011949067300639186,0.19391953620972083,0.011394031979280041,0.03760478652379323,0.004419050793961426
skin_law_alt,projected_initial,certified_initial,baseline_relative_ISE_1,100,0.05625135889479069,0.004696350545744272,,,,,,,
skin_law_alt,projected_initial,certified_initial,prediction_mse,100,0.6307445643466859,0.006553557972247196,,,,,,,
skin_law_alt,projected_initial,certified_initial,negative_prediction_fraction,100,0.0,0.0,,,,,,,
skin_law_alt,fallback,certified_initial,treatment_0,100,0.11902679694693113,0.007760176101472793,0.125,-0.005973203053068861,0.007760176101472793,0.07744347702792193,0.005376887351835427,0.005997492134174271,0.0008328097042271816
skin_law_alt,fallback,certified_initial,age10_0,100,-0.042521433382565414,0.004025901003137535,-0.05,0.00747856661743459,0.004025901003137535,0.040749343166126294,0.00289876804022356,0.0016605089684707235,0.00023624578726013848
skin_law_alt,fallback,certified_initial,treatment_1,100,0.23268914754029665,0.01212522167579349,0.246,-0.013310852459703326,0.012125221675793491,0.12137651280717406,0.009365929012927996,0.014732257861230088,0.0022736076055774757
skin_law_alt,fallback,certified_initial,age10_1,100,0.13804087940803123,0.007202419665594739,0.156,-0.01795912059196881,0.007202419665594739,0.07387922622315504,0.005071191253901756,0.005458140067332119,0.0007493113717357862
skin_law_alt,fallback,certified_initial,sigma0,100,0.0023893165708949323,0.00045542267192603324,0.002,0.000389316570894932,0.00045542267192603324,0.004548091752888663,0.0009389493406121016,2.068513859269387e-05,8.540855504836294e-06
skin_law_alt,fallback,certified_initial,sigma1,100,0.00501912011006496,0.0011962540283303614,0.003,0.0020191201100649586,0.0011962540283303614,0.012072621602130741,0.0022849004731233307,0.00014574819234823382,5.516947762109495e-05
skin_law_alt,fallback,certified_initial,nu0,100,1.2161434333425976,0.018185355981446383,0.95,0.2661434333425978,0.01818535598144639,0.3218265637830517,0.018838037845757147,0.10357233715640664,0.012125161976630208
skin_law_alt,fallback,certified_initial,nu1,100,2.670272653926004,0.05272716388659956,1.85,0.8202726539260047,0.05272716388659956,0.9736952573160248,0.05542154447648168,0.9480824541197197,0.10792739001975868
skin_law_alt,fallback,certified_initial,theta,100,0.4530595263749672,0.01678539205736385,0.3,0.15305952637496734,0.01678539205736385,0.2265400800731545,0.01743834406355624,0.05132040787955125,0.007900967721002499
skin_law_alt,fallback,certified_initial,cumulative_relative_0,100,1.0240089241502666,0.005571892332997434,1.0,0.02400892415026675,0.005571892332997434,0.06041507156111217,0.0048804452275238615,0.0036499808717343047,0.000589704895341885
skin_law_alt,fallback,certified_initial,baseline_relative_ISE_0,100,0.010156466787404556,0.0006510534009920342,,,,,,,
skin_law_alt,fallback,certified_initial,cumulative_relative_1,100,1.0502364960044925,0.010796646989142943,1.0,0.05023649600449254,0.010796646989142943,0.11859130054695481,0.008251158607233909,0.014063896565418163,0.001957031260502139
skin_law_alt,fallback,certified_initial,baseline_relative_ISE_1,100,0.02426250989562877,0.0019375642303342566,,,,,,,
skin_law_alt,fallback,certified_initial,prediction_mse,100,0.5947603023709959,0.004911553073637634,,,,,,,
skin_law_alt,fallback,certified_initial,negative_prediction_fraction,100,0.0,0.0,,,,,,,
skin_law_alt,initial,coupled_accepted,treatment_0,100,0.1178560979842937,0.007776276042243925,0.125,-0.007143902015706308,0.007776276042243925,0.07770207059945392,0.005354415077702866,0.006037611775442521,0.0008320982767728973
skin_law_alt,initial,coupled_accepted,age10_0,100,-0.04229250186581391,0.00402855443016128,-0.05,0.0077074981341860895,0.00402855443016128,0.040817904850309464,0.0028867726601828777,0.001666101356368917,0.00023566402353563886
skin_law_alt,initial,coupled_accepted,treatment_1,100,0.23428560106321414,0.012345694815385343,0.246,-0.011714398936785877,0.012345694815385345,0.1233954172951281,0.009479719687394824,0.015226429009438798,0.0023395079333338514
skin_law_alt,initial,coupled_accepted,age10_1,100,0.13325900930109935,0.007366169991038176,0.156,-0.022740990698900634,0.007366169991038176,0.07673941771552446,0.005170690702332943,0.0058889382313177495,0.0007935915873682126
skin_law_alt,initial,coupled_accepted,sigma0,100,-2.7275056236854334e-05,0.0003554622887000305,0.002,-0.0020272750562368544,0.0003554622887000305,0.004076620485615341,0.0002053768287266533,1.6618834583738658e-05,1.6744867745155761e-06
skin_law_alt,initial,coupled_accepted,sigma1,100,-0.000635649583582799,0.00021093641770020648,0.003,-0.003635649583582799,0.00021093641770020648,0.004197960332532119,0.00016735081624525758,1.762287095351318e-05,1.405064176428926e-06
skin_law_alt,initial,coupled_accepted,nu0,100,0.5710584559700481,0.0055101894613469905,0.95,-0.3789415440299516,0.00551018946134699,0.3828871248735035,0.005469930491633797,0.14660255039389788,0.004188731918399148
skin_law_alt,initial,coupled_accepted,nu1,100,0.4461732587480167,0.006330624468503539,1.85,-1.4038267412519838,0.00633062446850354,1.4052391694171222,0.00630208927450724,1.9746971232641233,0.017711885395402218
skin_law_alt,initial,coupled_accepted,theta,100,0.07321635986277228,0.0030660106411781437,0.3,-0.22678364013722774,0.0030660106411781437,0.22882626846107845,0.002914121614022979,0.05236146113782155,0.0013336551495573069
skin_law_alt,initial,coupled_accepted,cumulative_relative_0,100,1.0363596774899033,0.005512982097292287,1.0,0.036359677489903264,0.005512982097292287,0.06580980425492268,0.005038727732042041,0.00433093033607124,0.0006631953714790745
skin_law_alt,initial,coupled_accepted,baseline_relative_ISE_0,100,0.010698864232840246,0.0007235813606340505,,,,,,,
skin_law_alt,initial,coupled_accepted,cumulative_relative_1,100,1.1531977343097082,0.011949067300639186,1.0,0.15319773430970826,0.011949067300639186,0.19391953620972083,0.011394031979280041,0.03760478652379323,0.004419050793961426
skin_law_alt,initial,coupled_accepted,baseline_relative_ISE_1,100,0.05625135889479069,0.004696350545744272,,,,,,,
skin_law_alt,initial,coupled_accepted,prediction_mse,100,0.6307445643466859,0.006553557972247196,,,,,,,
skin_law_alt,initial,coupled_accepted,negative_prediction_fraction,100,0.0,0.0,,,,,,,
skin_law_alt,projected_initial,coupled_accepted,treatment_0,100,0.1178560979842937,0.007776276042243925,0.125,-0.007143902015706308,0.007776276042243925,0.07770207059945392,0.005354415077702866,0.006037611775442521,0.0008320982767728973
skin_law_alt,projected_initial,coupled_accepted,age10_0,100,-0.04229250186581391,0.00402855443016128,-0.05,0.0077074981341860895,0.00402855443016128,0.040817904850309464,0.0028867726601828777,0.001666101356368917,0.00023566402353563886
skin_law_alt,projected_initial,coupled_accepted,treatment_1,100,0.23428560106321414,0.012345694815385343,0.246,-0.011714398936785877,0.012345694815385345,0.1233954172951281,0.009479719687394824,0.015226429009438798,0.0023395079333338514
skin_law_alt,projected_initial,coupled_accepted,age10_1,100,0.13325900930109935,0.007366169991038176,0.156,-0.022740990698900634,0.007366169991038176,0.07673941771552446,0.005170690702332943,0.0058889382313177495,0.0007935915873682126
skin_law_alt,projected_initial,coupled_accepted,sigma0,100,0.001364417264612545,0.0002495609459701954,0.002,-0.0006355827353874553,0.0002495609459701954,0.0025631526140912756,0.0002491455969966098,6.56975132312294e-06,1.2771963764623837e-06
skin_law_alt,projected_initial,coupled_accepted,sigma1,100,0.0005573483351720808,0.00012047146433664065,0.003,-0.0024426516648279194,0.00012047146433664065,0.0027209136616049836,7.094847879362923e-05,7.4033711539086385e-06,3.860893704393545e-07
skin_law_alt,projected_initial,coupled_accepted,nu0,100,0.5710584559700481,0.005510189461346992,0.95,-0.3789415440299516,0.005510189461346992,0.38288712487350357,0.005469930491633797,0.1466025503938979,0.004188731918399149
skin_law_alt,projected_initial,coupled_accepted,nu1,100,0.4461732587480167,0.006330624468503537,1.85,-1.4038267412519838,0.006330624468503539,1.4052391694171222,0.00630208927450724,1.9746971232641233,0.017711885395402218
skin_law_alt,projected_initial,coupled_accepted,theta,100,0.07321635986277228,0.003066010641178144,0.3,-0.22678364013722774,0.003066010641178144,0.22882626846107845,0.0029141216140229796,0.05236146113782155,0.001333655149557307
skin_law_alt,projected_initial,coupled_accepted,cumulative_relative_0,100,1.0363596774899033,0.005512982097292287,1.0,0.036359677489903264,0.005512982097292287,0.06580980425492268,0.005038727732042041,0.00433093033607124,0.0006631953714790745
skin_law_alt,projected_initial,coupled_accepted,baseline_relative_ISE_0,100,0.010698864232840246,0.0007235813606340505,,,,,,,
skin_law_alt,projected_initial,coupled_accepted,cumulative_relative_1,100,1.1531977343097082,0.011949067300639186,1.0,0.15319773430970826,0.011949067300639186,0.19391953620972083,0.011394031979280041,0.03760478652379323,0.004419050793961426
skin_law_alt,projected_initial,coupled_accepted,baseline_relative_ISE_1,100,0.05625135889479069,0.004696350545744272,,,,,,,
skin_law_alt,projected_initial,coupled_accepted,prediction_mse,100,0.6307445643466859,0.006553557972247196,,,,,,,
skin_law_alt,projected_initial,coupled_accepted,negative_prediction_fraction,100,0.0,0.0,,,,,,,
skin_law_alt,coupled,coupled_accepted,treatment_0,100,0.11902679694693113,0.007760176101472793,0.125,-0.005973203053068861,0.007760176101472793,0.07744347702792193,0.005376887351835427,0.005997492134174271,0.0008328097042271816
skin_law_alt,coupled,coupled_accepted,age10_0,100,-0.042521433382565414,0.004025901003137535,-0.05,0.00747856661743459,0.004025901003137535,0.040749343166126294,0.00289876804022356,0.0016605089684707235,0.00023624578726013848
skin_law_alt,coupled,coupled_accepted,treatment_1,100,0.23268914754029665,0.01212522167579349,0.246,-0.013310852459703326,0.012125221675793491,0.12137651280717406,0.009365929012927996,0.014732257861230088,0.0022736076055774757
skin_law_alt,coupled,coupled_accepted,age10_1,100,0.13804087940803123,0.007202419665594739,0.156,-0.01795912059196881,0.007202419665594739,0.07387922622315504,0.005071191253901756,0.005458140067332119,0.0007493113717357862
skin_law_alt,coupled,coupled_accepted,sigma0,100,0.0023893165708949323,0.00045542267192603324,0.002,0.000389316570894932,0.00045542267192603324,0.004548091752888663,0.0009389493406121016,2.068513859269387e-05,8.540855504836294e-06
skin_law_alt,coupled,coupled_accepted,sigma1,100,0.00501912011006496,0.0011962540283303614,0.003,0.0020191201100649586,0.0011962540283303614,0.012072621602130741,0.0022849004731233307,0.00014574819234823382,5.516947762109495e-05
skin_law_alt,coupled,coupled_accepted,nu0,100,1.2161434333425976,0.018185355981446383,0.95,0.2661434333425978,0.01818535598144639,0.3218265637830517,0.018838037845757147,0.10357233715640664,0.012125161976630208
skin_law_alt,coupled,coupled_accepted,nu1,100,2.670272653926004,0.05272716388659956,1.85,0.8202726539260047,0.05272716388659956,0.9736952573160248,0.05542154447648168,0.9480824541197197,0.10792739001975868
skin_law_alt,coupled,coupled_accepted,theta,100,0.4530595263749672,0.01678539205736385,0.3,0.15305952637496734,0.01678539205736385,0.2265400800731545,0.01743834406355624,0.05132040787955125,0.007900967721002499
skin_law_alt,coupled,coupled_accepted,cumulative_relative_0,100,1.0240089241502666,0.005571892332997434,1.0,0.02400892415026675,0.005571892332997434,0.06041507156111217,0.0048804452275238615,0.0036499808717343047,0.000589704895341885
skin_law_alt,coupled,coupled_accepted,baseline_relative_ISE_0,100,0.010156466787404556,0.0006510534009920342,,,,,,,
skin_law_alt,coupled,coupled_accepted,cumulative_relative_1,100,1.0502364960044925,0.010796646989142943,1.0,0.05023649600449254,0.010796646989142943,0.11859130054695481,0.008251158607233909,0.014063896565418163,0.001957031260502139
skin_law_alt,coupled,coupled_accepted,baseline_relative_ISE_1,100,0.02426250989562877,0.0019375642303342566,,,,,,,
skin_law_alt,coupled,coupled_accepted,prediction_mse,100,0.5947603023709959,0.004911553073637634,,,,,,,
skin_law_alt,coupled,coupled_accepted,negative_prediction_fraction,100,0.0,0.0,,,,,,,
skin_law_mixture,initial,certified_initial,treatment_0,100,0.10964543876113945,0.008512962030998246,0.125,-0.015354561238860538,0.008512962030998246,0.08608335659358594,0.005649084905272842,0.007410344282418478,0.0009725843806560915
skin_law_mixture,initial,certified_initial,age10_0,100,-0.04175535755498517,0.0032524857593473136,-0.05,0.008244642445014829,0.0032524857593473127,0.03339553603263601,0.002441680193822326,0.0011152618269070899,0.00016308243778593434
skin_law_mixture,initial,certified_initial,treatment_1,100,0.24645119442930263,0.011006458502205324,0.246,0.0004511944293025816,0.011006458502205324,0.10951380882669114,0.008932686731900149,0.011993274323729052,0.0019565050941320666
skin_law_mixture,initial,certified_initial,age10_1,100,0.14443217314966902,0.0054791433677068065,0.156,-0.011567826850330944,0.0054791433677068065,0.05573055544657616,0.005006137152957775,0.0031058948103838994,0.0005579896083521564
skin_law_mixture,initial,certified_initial,sigma0,100,0.00022172977872692338,0.00030184422815631345,0.002,-0.0017782702212730767,0.00030184422815631345,0.003490290653931758,0.00017315036158438836,1.218212884892338e-05,1.2086901775257904e-06
skin_law_mixture,initial,certified_initial,sigma1,100,-4.7677811164751326e-05,0.00022580821207620803,0.003,-0.0030476778111647516,0.00022580821207620803,0.0037863287702113624,0.00014805355973399297,1.4336285556130289e-05,1.1211589055060483e-06
skin_law_mixture,initial,certified_initial,nu0,100,0.4704403020999344,0.0036591220639001047,0.95,-0.4795596979000655,0.0036591220639001056,0.4809397385365194,0.0036476916949176497,0.2313030321035756,0.0035086397800310554
skin_law_mixture,initial,certified_initial,nu1,100,0.37142457809527796,0.004818783713767429,1.85,-1.4785754219047227,0.004818783713767429,1.4793526034155124,0.004825656741594216,2.188484125232254,0.014277695727734043
skin_law_mixture,initial,certified_initial,theta,100,0.052356722603664314,0.0022129954106170522,0.3,-0.24764327739633568,0.0022129954106170522,0.24862025331748872,0.002155666987829929,0.061812030359652256,0.0010718849451648498
skin_law_mixture,initial,certified_initial,cumulative_relative_0,100,1.100098520749615,0.006111985831112924,1.0,0.10009852074961512,0.006111985831112924,0.11712384285632842,0.00591682092846819,0.013717994565433912,0.001386001609269887
skin_law_mixture,initial,certified_initial,baseline_relative_ISE_0,100,0.019915230971824845,0.0014284153642504373,,,,,,,
skin_law_mixture,initial,certified_initial,cumulative_relative_1,100,1.2100408981616528,0.010411407077573522,1.0,0.2100408981616527,0.010411407077573522,0.23419761150941223,0.010200485917609456,0.054848521236713584,0.004777858876279059
skin_law_mixture,initial,certified_initial,baseline_relative_ISE_1,100,0.06980375275242469,0.004843333442159831,,,,,,,
skin_law_mixture,initial,certified_initial,prediction_mse,100,0.7622796149602564,0.0051755407764246366,,,,,,,
skin_law_mixture,initial,certified_initial,negative_prediction_fraction,100,0.0,0.0,,,,,,,
skin_law_mixture,projected_initial,certified_initial,treatment_0,100,0.10964543876113945,0.008512962030998246,0.125,-0.015354561238860538,0.008512962030998246,0.08608335659358594,0.005649084905272842,0.007410344282418478,0.0009725843806560915
skin_law_mixture,projected_initial,certified_initial,age10_0,100,-0.04175535755498517,0.0032524857593473136,-0.05,0.008244642445014829,0.0032524857593473127,0.03339553603263601,0.002441680193822326,0.0011152618269070899,0.00016308243778593434
skin_law_mixture,projected_initial,certified_initial,treatment_1,100,0.24645119442930263,0.011006458502205324,0.246,0.0004511944293025816,0.011006458502205324,0.10951380882669114,0.008932686731900149,0.011993274323729052,0.0019565050941320666
skin_law_mixture,projected_initial,certified_initial,age10_1,100,0.14443217314966902,0.0054791433677068065,0.156,-0.011567826850330944,0.0054791433677068065,0.05573055544657616,0.005006137152957775,0.0031058948103838994,0.0005579896083521564
skin_law_mixture,projected_initial,certified_initial,sigma0,100,0.0012525388817809738,0.00022308967851360356,0.002,-0.0007474611182190262,0.00022308967851360356,0.002342184788721896,0.00019937680323538958,5.485829584520233e-06,9.339546315238559e-07
skin_law_mixture,projected_initial,certified_initial,sigma1,100,0.0009042149316490318,0.00015170273802217991,0.003,-0.002095785068350968,0.0001517027380221799,0.0025827646823398495,6.40025196992825e-05,6.670673404342063e-06,3.3060689492013467e-07
skin_law_mixture,projected_initial,certified_initial,nu0,100,0.4704403020999344,0.003659122063900104,0.95,-0.4795596979000655,0.003659122063900104,0.4809397385365194,0.003647691694917649,0.2313030321035756,0.0035086397800310545
skin_law_mixture,projected_initial,certified_initial,nu1,100,0.3714245780952779,0.004818783713767429,1.85,-1.4785754219047227,0.00481878371376743,1.4793526034155124,0.004825656741594217,2.188484125232254,0.014277695727734047
skin_law_mixture,projected_initial,certified_initial,theta,100,0.052356722603664314,0.0022129954106170522,0.3,-0.24764327739633568,0.0022129954106170522,0.24862025331748872,0.002155666987829929,0.061812030359652256,0.0010718849451648498
skin_law_mixture,projected_initial,certified_initial,cumulative_relative_0,100,1.100098520749615,0.006111985831112924,1.0,0.10009852074961512,0.006111985831112924,0.11712384285632842,0.00591682092846819,0.013717994565433912,0.001386001609269887
skin_law_mixture,projected_initial,certified_initial,baseline_relative_ISE_0,100,0.019915230971824845,0.0014284153642504373,,,,,,,
skin_law_mixture,projected_initial,certified_initial,cumulative_relative_1,100,1.2100408981616528,0.010411407077573522,1.0,0.2100408981616527,0.010411407077573522,0.23419761150941223,0.010200485917609456,0.054848521236713584,0.004777858876279059
skin_law_mixture,projected_initial,certified_initial,baseline_relative_ISE_1,100,0.06980375275242469,0.004843333442159831,,,,,,,
skin_law_mixture,projected_initial,certified_initial,prediction_mse,100,0.7622796149602564,0.0051755407764246366,,,,,,,
skin_law_mixture,projected_initial,certified_initial,negative_prediction_fraction,100,0.0,0.0,,,,,,,
skin_law_mixture,fallback,certified_initial,treatment_0,100,0.10962757313178294,0.008428855615142004,0.125,-0.015372426868217064,0.008428855615142006,0.08526327813853314,0.005597235928001272,0.007269826598928863,0.0009544773674723262
skin_law_mixture,fallback,certified_initial,age10_0,100,-0.04203900714201163,0.0032445955302739375,-0.05,0.007960992857988377,0.0032445955302739375,0.033250413871668265,0.002443427068870104,0.0011055900226372296,0.00016248992261033645
skin_law_mixture,fallback,certified_initial,treatment_1,100,0.24383775999086058,0.010789030939418846,0.246,-0.0021622400091393986,0.010789030939418846,0.10737127620746201,0.00851322974868478,0.011528590954419098,0.0018281526855272318
skin_law_mixture,fallback,certified_initial,age10_1,100,0.14511558822898624,0.005384931291551055,0.156,-0.010884411771013758,0.005384931291551055,0.05467377283541742,0.004975645056679924,0.0029892214360588277,0.0005440745750771715
skin_law_mixture,fallback,certified_initial,sigma0,100,0.0020672022949090774,0.00044819040890739644,0.002,6.720229490907741e-05,0.00044819040890739644,0.004459944592644889,0.000741416884724435,1.989110576946239e-05,6.613356451844726e-06
skin_law_mixture,fallback,certified_initial,sigma1,100,0.005055570912806538,0.0009543202773315893,0.003,0.002055570912806538,0.0009543202773315893,0.009715315937141427,0.0012214760391645364,9.438736375847422e-05,2.3734051260263212e-05
skin_law_mixture,fallback,certified_initial,nu0,100,0.849928519410959,0.012172156723240006,0.95,-0.1000714805890407,0.012172156723240004,0.15710595073866335,0.009930162314374338,0.02468227975749931,0.003120175182778052
skin_law_mixture,fallback,certified_initial,nu1,100,1.9299441046757437,0.04168716128448039,1.85,0.07994410467574364,0.04168716128448039,0.422415887547185,0.02740904532359992,0.17843518205227607,0.02315603241437896
skin_law_mixture,fallback,certified_initial,theta,100,0.3233922203538772,0.012166973476329623,0.3,0.023392220353877214,0.012166973476329623,0.12329916904375916,0.009188710467689386,0.015202685086881497,0.002265920730499586
skin_law_mixture,fallback,certified_initial,cumulative_relative_0,100,1.1119226187701365,0.006217019075022333,1.0,0.1119226187701366,0.006217019075022333,0.12787945059353867,0.0060392232519545985,0.016353153884105295,0.001544585102943356
skin_law_mixture,fallback,certified_initial,baseline_relative_ISE_0,100,0.02269350507378641,0.0015807838494100105,,,,,,,
skin_law_mixture,fallback,certified_initial,cumulative_relative_1,100,1.133202291738374,0.009841707290253479,1.0,0.13320229173837375,0.009841707290253477,0.16532365699037344,0.009758776859243227,0.027331911560670653,0.003226713356246242
skin_law_mixture,fallback,certified_initial,baseline_relative_ISE_1,100,0.036714317806126134,0.003229383851092635,,,,,,,
skin_law_mixture,fallback,certified_initial,prediction_mse,100,0.7150619085657204,0.004680658482178087,,,,,,,
skin_law_mixture,fallback,certified_initial,negative_prediction_fraction,100,0.0,0.0,,,,,,,
skin_law_mixture,initial,coupled_accepted,treatment_0,100,0.10964543876113945,0.008512962030998246,0.125,-0.015354561238860538,0.008512962030998246,0.08608335659358594,0.005649084905272842,0.007410344282418478,0.0009725843806560915
skin_law_mixture,initial,coupled_accepted,age10_0,100,-0.04175535755498517,0.0032524857593473136,-0.05,0.008244642445014829,0.0032524857593473127,0.03339553603263601,0.002441680193822326,0.0011152618269070899,0.00016308243778593434
skin_law_mixture,initial,coupled_accepted,treatment_1,100,0.24645119442930263,0.011006458502205324,0.246,0.0004511944293025816,0.011006458502205324,0.10951380882669114,0.008932686731900149,0.011993274323729052,0.0019565050941320666
skin_law_mixture,initial,coupled_accepted,age10_1,100,0.14443217314966902,0.0054791433677068065,0.156,-0.011567826850330944,0.0054791433677068065,0.05573055544657616,0.005006137152957775,0.0031058948103838994,0.0005579896083521564
skin_law_mixture,initial,coupled_accepted,sigma0,100,0.00022172977872692338,0.00030184422815631345,0.002,-0.0017782702212730767,0.00030184422815631345,0.003490290653931758,0.00017315036158438836,1.218212884892338e-05,1.2086901775257904e-06
skin_law_mixture,initial,coupled_accepted,sigma1,100,-4.7677811164751326e-05,0.00022580821207620803,0.003,-0.0030476778111647516,0.00022580821207620803,0.0037863287702113624,0.00014805355973399297,1.4336285556130289e-05,1.1211589055060483e-06
skin_law_mixture,initial,coupled_accepted,nu0,100,0.4704403020999344,0.0036591220639001047,0.95,-0.4795596979000655,0.0036591220639001056,0.4809397385365194,0.0036476916949176497,0.2313030321035756,0.0035086397800310554
skin_law_mixture,initial,coupled_accepted,nu1,100,0.37142457809527796,0.004818783713767429,1.85,-1.4785754219047227,0.004818783713767429,1.4793526034155124,0.004825656741594216,2.188484125232254,0.014277695727734043
skin_law_mixture,initial,coupled_accepted,theta,100,0.052356722603664314,0.0022129954106170522,0.3,-0.24764327739633568,0.0022129954106170522,0.24862025331748872,0.002155666987829929,0.061812030359652256,0.0010718849451648498
skin_law_mixture,initial,coupled_accepted,cumulative_relative_0,100,1.100098520749615,0.006111985831112924,1.0,0.10009852074961512,0.006111985831112924,0.11712384285632842,0.00591682092846819,0.013717994565433912,0.001386001609269887
skin_law_mixture,initial,coupled_accepted,baseline_relative_ISE_0,100,0.019915230971824845,0.0014284153642504373,,,,,,,
skin_law_mixture,initial,coupled_accepted,cumulative_relative_1,100,1.2100408981616528,0.010411407077573522,1.0,0.2100408981616527,0.010411407077573522,0.23419761150941223,0.010200485917609456,0.054848521236713584,0.004777858876279059
skin_law_mixture,initial,coupled_accepted,baseline_relative_ISE_1,100,0.06980375275242469,0.004843333442159831,,,,,,,
skin_law_mixture,initial,coupled_accepted,prediction_mse,100,0.7622796149602564,0.0051755407764246366,,,,,,,
skin_law_mixture,initial,coupled_accepted,negative_prediction_fraction,100,0.0,0.0,,,,,,,
skin_law_mixture,projected_initial,coupled_accepted,treatment_0,100,0.10964543876113945,0.008512962030998246,0.125,-0.015354561238860538,0.008512962030998246,0.08608335659358594,0.005649084905272842,0.007410344282418478,0.0009725843806560915
skin_law_mixture,projected_initial,coupled_accepted,age10_0,100,-0.04175535755498517,0.0032524857593473136,-0.05,0.008244642445014829,0.0032524857593473127,0.03339553603263601,0.002441680193822326,0.0011152618269070899,0.00016308243778593434
skin_law_mixture,projected_initial,coupled_accepted,treatment_1,100,0.24645119442930263,0.011006458502205324,0.246,0.0004511944293025816,0.011006458502205324,0.10951380882669114,0.008932686731900149,0.011993274323729052,0.0019565050941320666
skin_law_mixture,projected_initial,coupled_accepted,age10_1,100,0.14443217314966902,0.0054791433677068065,0.156,-0.011567826850330944,0.0054791433677068065,0.05573055544657616,0.005006137152957775,0.0031058948103838994,0.0005579896083521564
skin_law_mixture,projected_initial,coupled_accepted,sigma0,100,0.0012525388817809738,0.00022308967851360356,0.002,-0.0007474611182190262,0.00022308967851360356,0.002342184788721896,0.00019937680323538958,5.485829584520233e-06,9.339546315238559e-07
skin_law_mixture,projected_initial,coupled_accepted,sigma1,100,0.0009042149316490318,0.00015170273802217991,0.003,-0.002095785068350968,0.0001517027380221799,0.0025827646823398495,6.40025196992825e-05,6.670673404342063e-06,3.3060689492013467e-07
skin_law_mixture,projected_initial,coupled_accepted,nu0,100,0.4704403020999344,0.003659122063900104,0.95,-0.4795596979000655,0.003659122063900104,0.4809397385365194,0.003647691694917649,0.2313030321035756,0.0035086397800310545
skin_law_mixture,projected_initial,coupled_accepted,nu1,100,0.3714245780952779,0.004818783713767429,1.85,-1.4785754219047227,0.00481878371376743,1.4793526034155124,0.004825656741594217,2.188484125232254,0.014277695727734047
skin_law_mixture,projected_initial,coupled_accepted,theta,100,0.052356722603664314,0.0022129954106170522,0.3,-0.24764327739633568,0.0022129954106170522,0.24862025331748872,0.002155666987829929,0.061812030359652256,0.0010718849451648498
skin_law_mixture,projected_initial,coupled_accepted,cumulative_relative_0,100,1.100098520749615,0.006111985831112924,1.0,0.10009852074961512,0.006111985831112924,0.11712384285632842,0.00591682092846819,0.013717994565433912,0.001386001609269887
skin_law_mixture,projected_initial,coupled_accepted,baseline_relative_ISE_0,100,0.019915230971824845,0.0014284153642504373,,,,,,,
skin_law_mixture,projected_initial,coupled_accepted,cumulative_relative_1,100,1.2100408981616528,0.010411407077573522,1.0,0.2100408981616527,0.010411407077573522,0.23419761150941223,0.010200485917609456,0.054848521236713584,0.004777858876279059
skin_law_mixture,projected_initial,coupled_accepted,baseline_relative_ISE_1,100,0.06980375275242469,0.004843333442159831,,,,,,,
skin_law_mixture,projected_initial,coupled_accepted,prediction_mse,100,0.7622796149602564,0.0051755407764246366,,,,,,,
skin_law_mixture,projected_initial,coupled_accepted,negative_prediction_fraction,100,0.0,0.0,,,,,,,
skin_law_mixture,coupled,coupled_accepted,treatment_0,100,0.10962757313178294,0.008428855615142004,0.125,-0.015372426868217064,0.008428855615142006,0.08526327813853314,0.005597235928001272,0.007269826598928863,0.0009544773674723262
skin_law_mixture,coupled,coupled_accepted,age10_0,100,-0.04203900714201163,0.0032445955302739375,-0.05,0.007960992857988377,0.0032445955302739375,0.033250413871668265,0.002443427068870104,0.0011055900226372296,0.00016248992261033645
skin_law_mixture,coupled,coupled_accepted,treatment_1,100,0.24383775999086058,0.010789030939418846,0.246,-0.0021622400091393986,0.010789030939418846,0.10737127620746201,0.00851322974868478,0.011528590954419098,0.0018281526855272318
skin_law_mixture,coupled,coupled_accepted,age10_1,100,0.14511558822898624,0.005384931291551055,0.156,-0.010884411771013758,0.005384931291551055,0.05467377283541742,0.004975645056679924,0.0029892214360588277,0.0005440745750771715
skin_law_mixture,coupled,coupled_accepted,sigma0,100,0.0020672022949090774,0.00044819040890739644,0.002,6.720229490907741e-05,0.00044819040890739644,0.004459944592644889,0.000741416884724435,1.989110576946239e-05,6.613356451844726e-06
skin_law_mixture,coupled,coupled_accepted,sigma1,100,0.005055570912806538,0.0009543202773315893,0.003,0.002055570912806538,0.0009543202773315893,0.009715315937141427,0.0012214760391645364,9.438736375847422e-05,2.3734051260263212e-05
skin_law_mixture,coupled,coupled_accepted,nu0,100,0.849928519410959,0.012172156723240006,0.95,-0.1000714805890407,0.012172156723240004,0.15710595073866335,0.009930162314374338,0.02468227975749931,0.003120175182778052
skin_law_mixture,coupled,coupled_accepted,nu1,100,1.9299441046757437,0.04168716128448039,1.85,0.07994410467574364,0.04168716128448039,0.422415887547185,0.02740904532359992,0.17843518205227607,0.02315603241437896
skin_law_mixture,coupled,coupled_accepted,theta,100,0.3233922203538772,0.012166973476329623,0.3,0.023392220353877214,0.012166973476329623,0.12329916904375916,0.009188710467689386,0.015202685086881497,0.002265920730499586
skin_law_mixture,coupled,coupled_accepted,cumulative_relative_0,100,1.1119226187701365,0.006217019075022333,1.0,0.1119226187701366,0.006217019075022333,0.12787945059353867,0.0060392232519545985,0.016353153884105295,0.001544585102943356
skin_law_mixture,coupled,coupled_accepted,baseline_relative_ISE_0,100,0.02269350507378641,0.0015807838494100105,,,,,,,
skin_law_mixture,coupled,coupled_accepted,cumulative_relative_1,100,1.133202291738374,0.009841707290253479,1.0,0.13320229173837375,0.009841707290253477,0.16532365699037344,0.009758776859243227,0.027331911560670653,0.003226713356246242
skin_law_mixture,coupled,coupled_accepted,baseline_relative_ISE_1,100,0.036714317806126134,0.003229383851092635,,,,,,,
skin_law_mixture,coupled,coupled_accepted,prediction_mse,100,0.7150619085657204,0.004680658482178087,,,,,,,
skin_law_mixture,coupled,coupled_accepted,negative_prediction_fraction,100,0.0,0.0,,,,,,,
skin_dynamic,initial,certified_initial,treatment_0,100,0.13730145812311398,0.006094826378338165,0.125,0.01230145812311396,0.006094826378338164,0.06187786212840025,0.004261631177634113,0.00382886982158131,0.0005274012529034713
skin_dynamic,initial,certified_initial,age10_0,100,-0.05286897266118136,0.0030568905374851246,-0.05,-0.0028689726611813653,0.003056890537485124,0.030550685756444963,0.002559428406376894,0.0009333444001890491,0.0001563845859186784
skin_dynamic,initial,certified_initial,measured_z_0,100,0.2585172549298647,0.0049167992904143275,0.25,0.008517254929864729,0.0049167992904143275,0.04965742887524454,0.0030166878257061576,0.00246586024249997,0.00029960192228763925
skin_dynamic,initial,certified_initial,treatment_1,100,0.26088066313880054,0.009087743102913454,0.246,0.014880663138800564,0.009087743102913454,0.0916381718019353,0.005477424904706206,0.00839755453120101,0.0010038824088993328
skin_dynamic,initial,certified_initial,age10_1,100,0.14693918047120114,0.004959546372561115,0.156,-0.009060819528798884,0.004959546372561115,0.05017181850870358,0.004343110390354427,0.002517211372470291,0.0004358034925362541
skin_dynamic,initial,certified_initial,measured_z_1,100,-0.19821631123365754,0.008114781631495867,-0.2,0.0017836887663424338,0.008114781631495867,0.08076075753343694,0.005086779280678878,0.00652229995737459,0.0008216242962260352
skin_dynamic,initial,certified_initial,sigma0,100,-4.642709683703094e-05,0.00020669572097883524,0.002,-0.0020464270968370314,0.00020669572097883524,0.0029012846893564114,0.00011291033133516913,8.417452848693929e-06,6.551700311457713e-07
skin_dynamic,initial,certified_initial,sigma1,100,0.0002856736897159462,0.00020271839291863364,0.003,-0.0027143263102840536,0.00020271839291863364,0.0033817077423432215,0.00012507068864101538,1.1435947254624088e-05,8.459050322350403e-07
skin_dynamic,initial,certified_initial,nu0,100,0.3726839587056179,0.0017531388339113562,0.95,-0.5773160412943821,0.0017531388339113556,0.5775795076153087,0.0017449438144299368,0.3335980876171425,0.002015687578309643
skin_dynamic,initial,certified_initial,nu1,100,0.2953215449307242,0.002488431129566466,1.85,-1.5546784550692754,0.0024884311295664653,1.5548756012349552,0.0024820738971924913,2.417638135315763,0.007718632286413526
skin_dynamic,initial,certified_initial,theta,100,0.03459086022040095,0.001479878621705045,0.3,-0.26540913977959907,0.001479878621705045,0.26581727842882924,0.0014728204390240212,0.07065882551130973,0.0007830022414314375
skin_dynamic,initial,certified_initial,cumulative_relative_0,100,1.138240448831008,0.0057780368354879335,1.0,0.13824044883100803,0.0057780368354879335,0.14971842555461182,0.00599032352979925,0.02241560695055184,0.001793723614888577
skin_dynamic,initial,certified_initial,baseline_relative_ISE_0,100,0.029155317570805032,0.0018688866975392828,,,,,,,
skin_dynamic,initial,certified_initial,cumulative_relative_1,100,1.2582970623292988,0.008247933311133864,1.0,0.2582970623292989,0.008247933311133866,0.2710206346286791,0.00800251271416791,0.07345218439453198,0.00433769214883572
skin_dynamic,initial,certified_initial,baseline_relative_ISE_1,100,0.08574668833182349,0.00451136555104406,,,,,,,
skin_dynamic,initial,certified_initial,prediction_mse,100,0.8860385070462542,0.0028714949715512644,,,,,,,
skin_dynamic,initial,certified_initial,negative_prediction_fraction,100,0.0,0.0,,,,,,,
skin_dynamic,projected_initial,certified_initial,treatment_0,100,0.13730145812311398,0.006094826378338165,0.125,0.01230145812311396,0.006094826378338164,0.06187786212840025,0.004261631177634113,0.00382886982158131,0.0005274012529034713
skin_dynamic,projected_initial,certified_initial,age10_0,100,-0.05286897266118136,0.0030568905374851246,-0.05,-0.0028689726611813653,0.003056890537485124,0.030550685756444963,0.002559428406376894,0.0009333444001890491,0.0001563845859186784
skin_dynamic,projected_initial,certified_initial,measured_z_0,100,0.2585172549298647,0.0049167992904143275,0.25,0.008517254929864729,0.0049167992904143275,0.04965742887524454,0.0030166878257061576,0.00246586024249997,0.00029960192228763925
skin_dynamic,projected_initial,certified_initial,treatment_1,100,0.26088066313880054,0.009087743102913454,0.246,0.014880663138800564,0.009087743102913454,0.0916381718019353,0.005477424904706206,0.00839755453120101,0.0010038824088993328
skin_dynamic,projected_initial,certified_initial,age10_1,100,0.14693918047120114,0.004959546372561115,0.156,-0.009060819528798884,0.004959546372561115,0.05017181850870358,0.004343110390354427,0.002517211372470291,0.0004358034925362541
skin_dynamic,projected_initial,certified_initial,measured_z_1,100,-0.19821631123365754,0.008114781631495867,-0.2,0.0017836887663424338,0.008114781631495867,0.08076075753343694,0.005086779280678878,0.00652229995737459,0.0008216242962260352
skin_dynamic,projected_initial,certified_initial,sigma0,100,0.0007706449053393492,0.00014904475708106974,0.002,-0.0012293550946606512,0.00014904475708106974,0.0019262745314441168,8.127595005074818e-05,3.710533570490251e-06,3.1311958520336077e-07
skin_dynamic,projected_initial,certified_initial,sigma1,100,0.0008688909848920741,0.00015775602039501928,0.003,-0.002131109015107926,0.00015775602039501928,0.0026467782055530787,7.481258778547001e-05,7.0054348693907745e-06,3.96024653703217e-07
skin_dynamic,projected_initial,certified_initial,nu0,100,0.3726839587056179,0.0017531388339113551,0.95,-0.5773160412943821,0.0017531388339113556,0.5775795076153087,0.0017449438144299372,0.33359808761714244,0.0020156875783096436
skin_dynamic,projected_initial,certified_initial,nu1,100,0.2953215449307242,0.0024884311295664658,1.85,-1.5546784550692754,0.0024884311295664666,1.554875601234955,0.002482073897192492,2.4176381353157628,0.007718632286413528
skin_dynamic,projected_initial,certified_initial,theta,100,0.03459086022040094,0.0014798786217050447,0.3,-0.26540913977959907,0.0014798786217050447,0.26581727842882924,0.0014728204390240208,0.07065882551130973,0.0007830022414314373
skin_dynamic,projected_initial,certified_initial,cumulative_relative_0,100,1.138240448831008,0.0057780368354879335,1.0,0.13824044883100803,0.0057780368354879335,0.14971842555461182,0.00599032352979925,0.02241560695055184,0.001793723614888577
skin_dynamic,projected_initial,certified_initial,baseline_relative_ISE_0,100,0.029155317570805032,0.0018688866975392828,,,,,,,
skin_dynamic,projected_initial,certified_initial,cumulative_relative_1,100,1.2582970623292988,0.008247933311133864,1.0,0.2582970623292989,0.008247933311133866,0.2710206346286791,0.00800251271416791,0.07345218439453198,0.00433769214883572
skin_dynamic,projected_initial,certified_initial,baseline_relative_ISE_1,100,0.08574668833182349,0.00451136555104406,,,,,,,
skin_dynamic,projected_initial,certified_initial,prediction_mse,100,0.8860385070462542,0.0028714949715512644,,,,,,,
skin_dynamic,projected_initial,certified_initial,negative_prediction_fraction,100,0.0,0.0,,,,,,,
skin_dynamic,fallback,certified_initial,treatment_0,100,0.13829437810825476,0.005823851661840575,0.125,0.01329437810825478,0.005823851661840575,0.05945206522080157,0.004083097322960601,0.0035345480590184435,0.00048549713669506785
skin_dynamic,fallback,certified_initial,age10_0,100,-0.055035151694498304,0.0028703894065411776,-0.05,-0.0050351516944982955,0.002870389406541178,0.0290004681300114,0.002461431222718518,0.0008410271517598069,0.00014276531545732676
skin_dynamic,fallback,certified_initial,measured_z_0,100,0.25618837296648067,0.004624905610929207,0.25,0.0061883729664806465,0.004624905610929207,0.046431469921409015,0.0028929314017328202,0.00215588139906271,0.0002686461147285141
skin_dynamic,fallback,certified_initial,treatment_1,100,0.26027032139882433,0.009124251441530208,0.246,0.014270321398824328,0.009124251441530208,0.09189987238992274,0.005417760883384783,0.008445586545284083,0.0009957830676443533
skin_dynamic,fallback,certified_initial,age10_1,100,0.1477025061442154,0.004921678406362537,0.156,-0.008297493855784599,0.004921678406362537,0.0496680714294068,0.004262655054192444,0.002466917319516656,0.00042343571142110443
skin_dynamic,fallback,certified_initial,measured_z_1,100,-0.19768720018608604,0.008166173046871613,-0.2,0.0023127998139139848,0.008166173046871613,0.08128530546103045,0.005180973161490379,0.006607300883893027,0.0008422739720342923
skin_dynamic,fallback,certified_initial,sigma0,100,0.0013694651568321157,0.00024383049745559682,0.002,-0.0006305348431678843,0.00024383049745559682,0.002506681476754413,0.0003022049252187615,6.283452025903686e-06,1.5150629764596442e-06
skin_dynamic,fallback,certified_initial,sigma1,100,0.004312553371895917,0.0008203933520110216,0.003,0.001312553371895917,0.0008203933520110216,0.008267664501202227,0.001128533945129774,6.835427630443946e-05,1.8660680073102268e-05
skin_dynamic,fallback,certified_initial,nu0,100,0.4502217179841363,0.00757456696874925,0.95,-0.4997782820158637,0.007574566968749248,0.5054288907317931,0.007282200997369771,0.2554583635863708,0.007361269544373121
skin_dynamic,fallback,certified_initial,nu1,100,1.1412368953634273,0.02374624247441705,1.85,-0.7087631046365727,0.02374624247441705,0.7471075274870415,0.02101406733443205,0.5581696576278005,0.03139953577734746
skin_dynamic,fallback,certified_initial,theta,100,0.20024353289760682,0.008535225055298452,0.3,-0.09975646710239318,0.008535225055298452,0.1310095772700061,0.00721788285805458,0.0171635093364657,0.0018912235640363077
skin_dynamic,fallback,certified_initial,cumulative_relative_0,100,1.212394591589094,0.006555915726131807,1.0,0.212394591589094,0.006555915726131807,0.22218570072375074,0.00660921508339167,0.049366485606104134,0.002936946169074722
skin_dynamic,fallback,certified_initial,baseline_relative_ISE_0,100,0.05810849394250892,0.003014284545898743,,,,,,,
skin_dynamic,fallback,certified_initial,cumulative_relative_1,100,1.2420650365279622,0.008615349119108395,1.0,0.24206503652796205,0.008615349119108395,0.2567950188637849,0.008189060629381184,0.06594368171325164,0.004205819957597239
skin_dynamic,fallback,certified_initial,baseline_relative_ISE_1,100,0.07726920117451397,0.004354063924479835,,,,,,,
skin_dynamic,fallback,certified_initial,prediction_mse,100,0.9149703172647832,0.0039890498223901,,,,,,,
skin_dynamic,fallback,certified_initial,negative_prediction_fraction,100,0.0,0.0,,,,,,,
skin_dynamic,initial,coupled_accepted,treatment_0,100,0.13730145812311398,0.006094826378338165,0.125,0.01230145812311396,0.006094826378338164,0.06187786212840025,0.004261631177634113,0.00382886982158131,0.0005274012529034713
skin_dynamic,initial,coupled_accepted,age10_0,100,-0.05286897266118136,0.0030568905374851246,-0.05,-0.0028689726611813653,0.003056890537485124,0.030550685756444963,0.002559428406376894,0.0009333444001890491,0.0001563845859186784
skin_dynamic,initial,coupled_accepted,measured_z_0,100,0.2585172549298647,0.0049167992904143275,0.25,0.008517254929864729,0.0049167992904143275,0.04965742887524454,0.0030166878257061576,0.00246586024249997,0.00029960192228763925
skin_dynamic,initial,coupled_accepted,treatment_1,100,0.26088066313880054,0.009087743102913454,0.246,0.014880663138800564,0.009087743102913454,0.0916381718019353,0.005477424904706206,0.00839755453120101,0.0010038824088993328
skin_dynamic,initial,coupled_accepted,age10_1,100,0.14693918047120114,0.004959546372561115,0.156,-0.009060819528798884,0.004959546372561115,0.05017181850870358,0.004343110390354427,0.002517211372470291,0.0004358034925362541
skin_dynamic,initial,coupled_accepted,measured_z_1,100,-0.19821631123365754,0.008114781631495867,-0.2,0.0017836887663424338,0.008114781631495867,0.08076075753343694,0.005086779280678878,0.00652229995737459,0.0008216242962260352
skin_dynamic,initial,coupled_accepted,sigma0,100,-4.642709683703094e-05,0.00020669572097883524,0.002,-0.0020464270968370314,0.00020669572097883524,0.0029012846893564114,0.00011291033133516913,8.417452848693929e-06,6.551700311457713e-07
skin_dynamic,initial,coupled_accepted,sigma1,100,0.0002856736897159462,0.00020271839291863364,0.003,-0.0027143263102840536,0.00020271839291863364,0.0033817077423432215,0.00012507068864101538,1.1435947254624088e-05,8.459050322350403e-07
skin_dynamic,initial,coupled_accepted,nu0,100,0.3726839587056179,0.0017531388339113562,0.95,-0.5773160412943821,0.0017531388339113556,0.5775795076153087,0.0017449438144299368,0.3335980876171425,0.002015687578309643
skin_dynamic,initial,coupled_accepted,nu1,100,0.2953215449307242,0.002488431129566466,1.85,-1.5546784550692754,0.0024884311295664653,1.5548756012349552,0.0024820738971924913,2.417638135315763,0.007718632286413526
skin_dynamic,initial,coupled_accepted,theta,100,0.03459086022040095,0.001479878621705045,0.3,-0.26540913977959907,0.001479878621705045,0.26581727842882924,0.0014728204390240212,0.07065882551130973,0.0007830022414314375
skin_dynamic,initial,coupled_accepted,cumulative_relative_0,100,1.138240448831008,0.0057780368354879335,1.0,0.13824044883100803,0.0057780368354879335,0.14971842555461182,0.00599032352979925,0.02241560695055184,0.001793723614888577
skin_dynamic,initial,coupled_accepted,baseline_relative_ISE_0,100,0.029155317570805032,0.0018688866975392828,,,,,,,
skin_dynamic,initial,coupled_accepted,cumulative_relative_1,100,1.2582970623292988,0.008247933311133864,1.0,0.2582970623292989,0.008247933311133866,0.2710206346286791,0.00800251271416791,0.07345218439453198,0.00433769214883572
skin_dynamic,initial,coupled_accepted,baseline_relative_ISE_1,100,0.08574668833182349,0.00451136555104406,,,,,,,
skin_dynamic,initial,coupled_accepted,prediction_mse,100,0.8860385070462542,0.0028714949715512644,,,,,,,
skin_dynamic,initial,coupled_accepted,negative_prediction_fraction,100,0.0,0.0,,,,,,,
skin_dynamic,projected_initial,coupled_accepted,treatment_0,100,0.13730145812311398,0.006094826378338165,0.125,0.01230145812311396,0.006094826378338164,0.06187786212840025,0.004261631177634113,0.00382886982158131,0.0005274012529034713
skin_dynamic,projected_initial,coupled_accepted,age10_0,100,-0.05286897266118136,0.0030568905374851246,-0.05,-0.0028689726611813653,0.003056890537485124,0.030550685756444963,0.002559428406376894,0.0009333444001890491,0.0001563845859186784
skin_dynamic,projected_initial,coupled_accepted,measured_z_0,100,0.2585172549298647,0.0049167992904143275,0.25,0.008517254929864729,0.0049167992904143275,0.04965742887524454,0.0030166878257061576,0.00246586024249997,0.00029960192228763925
skin_dynamic,projected_initial,coupled_accepted,treatment_1,100,0.26088066313880054,0.009087743102913454,0.246,0.014880663138800564,0.009087743102913454,0.0916381718019353,0.005477424904706206,0.00839755453120101,0.0010038824088993328
skin_dynamic,projected_initial,coupled_accepted,age10_1,100,0.14693918047120114,0.004959546372561115,0.156,-0.009060819528798884,0.004959546372561115,0.05017181850870358,0.004343110390354427,0.002517211372470291,0.0004358034925362541
skin_dynamic,projected_initial,coupled_accepted,measured_z_1,100,-0.19821631123365754,0.008114781631495867,-0.2,0.0017836887663424338,0.008114781631495867,0.08076075753343694,0.005086779280678878,0.00652229995737459,0.0008216242962260352
skin_dynamic,projected_initial,coupled_accepted,sigma0,100,0.0007706449053393492,0.00014904475708106974,0.002,-0.0012293550946606512,0.00014904475708106974,0.0019262745314441168,8.127595005074818e-05,3.710533570490251e-06,3.1311958520336077e-07
skin_dynamic,projected_initial,coupled_accepted,sigma1,100,0.0008688909848920741,0.00015775602039501928,0.003,-0.002131109015107926,0.00015775602039501928,0.0026467782055530787,7.481258778547001e-05,7.0054348693907745e-06,3.96024653703217e-07
skin_dynamic,projected_initial,coupled_accepted,nu0,100,0.3726839587056179,0.0017531388339113551,0.95,-0.5773160412943821,0.0017531388339113556,0.5775795076153087,0.0017449438144299372,0.33359808761714244,0.0020156875783096436
skin_dynamic,projected_initial,coupled_accepted,nu1,100,0.2953215449307242,0.0024884311295664658,1.85,-1.5546784550692754,0.0024884311295664666,1.554875601234955,0.002482073897192492,2.4176381353157628,0.007718632286413528
skin_dynamic,projected_initial,coupled_accepted,theta,100,0.03459086022040094,0.0014798786217050447,0.3,-0.26540913977959907,0.0014798786217050447,0.26581727842882924,0.0014728204390240208,0.07065882551130973,0.0007830022414314373
skin_dynamic,projected_initial,coupled_accepted,cumulative_relative_0,100,1.138240448831008,0.0057780368354879335,1.0,0.13824044883100803,0.0057780368354879335,0.14971842555461182,0.00599032352979925,0.02241560695055184,0.001793723614888577
skin_dynamic,projected_initial,coupled_accepted,baseline_relative_ISE_0,100,0.029155317570805032,0.0018688866975392828,,,,,,,
skin_dynamic,projected_initial,coupled_accepted,cumulative_relative_1,100,1.2582970623292988,0.008247933311133864,1.0,0.2582970623292989,0.008247933311133866,0.2710206346286791,0.00800251271416791,0.07345218439453198,0.00433769214883572
skin_dynamic,projected_initial,coupled_accepted,baseline_relative_ISE_1,100,0.08574668833182349,0.00451136555104406,,,,,,,
skin_dynamic,projected_initial,coupled_accepted,prediction_mse,100,0.8860385070462542,0.0028714949715512644,,,,,,,
skin_dynamic,projected_initial,coupled_accepted,negative_prediction_fraction,100,0.0,0.0,,,,,,,
skin_dynamic,coupled,coupled_accepted,treatment_0,100,0.13829437810825476,0.005823851661840575,0.125,0.01329437810825478,0.005823851661840575,0.05945206522080157,0.004083097322960601,0.0035345480590184435,0.00048549713669506785
skin_dynamic,coupled,coupled_accepted,age10_0,100,-0.055035151694498304,0.0028703894065411776,-0.05,-0.0050351516944982955,0.002870389406541178,0.0290004681300114,0.002461431222718518,0.0008410271517598069,0.00014276531545732676
skin_dynamic,coupled,coupled_accepted,measured_z_0,100,0.25618837296648067,0.004624905610929207,0.25,0.0061883729664806465,0.004624905610929207,0.046431469921409015,0.0028929314017328202,0.00215588139906271,0.0002686461147285141
skin_dynamic,coupled,coupled_accepted,treatment_1,100,0.26027032139882433,0.009124251441530208,0.246,0.014270321398824328,0.009124251441530208,0.09189987238992274,0.005417760883384783,0.008445586545284083,0.0009957830676443533
skin_dynamic,coupled,coupled_accepted,age10_1,100,0.1477025061442154,0.004921678406362537,0.156,-0.008297493855784599,0.004921678406362537,0.0496680714294068,0.004262655054192444,0.002466917319516656,0.00042343571142110443
skin_dynamic,coupled,coupled_accepted,measured_z_1,100,-0.19768720018608604,0.008166173046871613,-0.2,0.0023127998139139848,0.008166173046871613,0.08128530546103045,0.005180973161490379,0.006607300883893027,0.0008422739720342923
skin_dynamic,coupled,coupled_accepted,sigma0,100,0.0013694651568321157,0.00024383049745559682,0.002,-0.0006305348431678843,0.00024383049745559682,0.002506681476754413,0.0003022049252187615,6.283452025903686e-06,1.5150629764596442e-06
skin_dynamic,coupled,coupled_accepted,sigma1,100,0.004312553371895917,0.0008203933520110216,0.003,0.001312553371895917,0.0008203933520110216,0.008267664501202227,0.001128533945129774,6.835427630443946e-05,1.8660680073102268e-05
skin_dynamic,coupled,coupled_accepted,nu0,100,0.4502217179841363,0.00757456696874925,0.95,-0.4997782820158637,0.007574566968749248,0.5054288907317931,0.007282200997369771,0.2554583635863708,0.007361269544373121
skin_dynamic,coupled,coupled_accepted,nu1,100,1.1412368953634273,0.02374624247441705,1.85,-0.7087631046365727,0.02374624247441705,0.7471075274870415,0.02101406733443205,0.5581696576278005,0.03139953577734746
skin_dynamic,coupled,coupled_accepted,theta,100,0.20024353289760682,0.008535225055298452,0.3,-0.09975646710239318,0.008535225055298452,0.1310095772700061,0.00721788285805458,0.0171635093364657,0.0018912235640363077
skin_dynamic,coupled,coupled_accepted,cumulative_relative_0,100,1.212394591589094,0.006555915726131807,1.0,0.212394591589094,0.006555915726131807,0.22218570072375074,0.00660921508339167,0.049366485606104134,0.002936946169074722
skin_dynamic,coupled,coupled_accepted,baseline_relative_ISE_0,100,0.05810849394250892,0.003014284545898743,,,,,,,
skin_dynamic,coupled,coupled_accepted,cumulative_relative_1,100,1.2420650365279622,0.008615349119108395,1.0,0.24206503652796205,0.008615349119108395,0.2567950188637849,0.008189060629381184,0.06594368171325164,0.004205819957597239
skin_dynamic,coupled,coupled_accepted,baseline_relative_ISE_1,100,0.07726920117451397,0.004354063924479835,,,,,,,
skin_dynamic,coupled,coupled_accepted,prediction_mse,100,0.9149703172647832,0.0039890498223901,,,,,,,
skin_dynamic,coupled,coupled_accepted,negative_prediction_fraction,100,0.0,0.0,,,,,,,
skin_rich_design,initial,certified_initial,treatment_0,99,0.1299967845154711,0.006807147152274778,0.125,0.004996784515471092,0.006807147152274778,0.06757232115341953,0.004660450129687871,0.004566018586060869,0.000629834865765529
skin_rich_design,initial,certified_initial,baseline_Se20_0,99,0.06908042188473383,0.0030932240579311376,0.068,0.0010804218847338281,0.0030932240579311376,0.03064041038498475,0.0025600685399585167,0.0009388347485602812,0.00015688310135603535
skin_rich_design,initial,certified_initial,history_none_0,99,-1.363109360620832,0.0359540591091545,-1.27,-0.09310936062083158,0.0359540591091545,0.3679040648658676,0.04063901920307714,0.13535340094482848,0.029902520713948257
skin_rich_design,initial,certified_initial,history_SCC_only_0,99,-1.245776291376355,0.01265308340752245,-1.22,-0.025776291376354774,0.01265308340752245,0.12788380714326303,0.00828270775897503,0.016354268129455295,0.002118448403345542
skin_rich_design,initial,certified_initial,history_both_0,99,-0.06439312892249618,0.008269708530425532,-0.06,-0.004393128922496183,0.008269708530425532,0.08198372607531672,0.005469764878535798,0.006721331341192567,0.0008968634109965338
skin_rich_design,initial,certified_initial,AK_gt2_0,99,0.3309144461120068,0.009050001573887512,0.323,0.007914446112006875,0.009050001573887512,0.08993934761283169,0.005829498152080023,0.008089086249021774,0.0010486025214165703
skin_rich_design,initial,certified_initial,age10_0,99,-0.05266984647438665,0.0033248282182857716,-0.05,-0.0026698464743866415,0.0033248282182857716,0.03302222559043393,0.002655668766636588,0.0010904673829455098,0.0001753921862106857
skin_rich_design,initial,certified_initial,male_0,99,0.26574996969520337,0.008542637244611247,0.263,0.0027499696952033204,0.008542637244611247,0.084612493997284,0.0050297302083288096,0.007159274140440421,0.0008511560341203588
skin_rich_design,initial,certified_initial,drink_gt2_0,99,0.14394862092644142,0.007471891098871582,0.149,-0.00505137907355856,0.007471891098871582,0.0741402304872168,0.004715647155526852,0.005496773776697631,0.0006992383340142981
skin_rich_design,initial,certified_initial,sundamage_gt5_0,99,0.0283290953698078,0.007480855338499196,0.038,-0.009670904630192196,0.007480855338499196,0.0746854715639552,0.0051949273813647395,0.0055779196627303625,0.000775971202435457
skin_rich_design,initial,certified_initial,treatment_1,99,0.24916828395084606,0.010864428473521457,0.246,0.0031682839508460916,0.010864428473521459,0.10759901029613164,0.0071593177467115824,0.011577547016707044,0.001540671007883395
skin_rich_design,initial,certified_initial,baseline_Se20_1,99,-0.0893814118808557,0.004773478194239818,-0.096,0.006618588119144317,0.004773478194239818,0.04771627529090483,0.003342167276127252,0.002276842927637415,0.000318951547631883
skin_rich_design,initial,certified_initial,history_none_1,99,-0.13897554401473222,0.06516369489691594,0.078,-0.2169755440147322,0.06516369489691594,0.6806000923428435,0.05975439272125488,0.46321648569708707,0.0813376904079532
skin_rich_design,initial,certified_initial,history_SCC_only_1,99,1.0389938464126356,0.0147811962842676,1.008,0.030993846412635466,0.0147811962842676,0.1495728162055745,0.00952543816924388,0.02237202734766657,0.0028494932251317577
skin_rich_design,initial,certified_initial,history_both_1,99,0.7965020179572466,0.0142535585973327,0.768,0.028502017957246686,0.0142535585973327,0.1439528757302879,0.010874425065324003,0.02072243043101971,0.003130809520133828
skin_rich_design,initial,certified_initial,AK_gt2_1,99,0.6207450542234141,0.014780602592216058,0.599,0.021745054223414037,0.014780602592216058,0.14792746957919467,0.00967494948766797,0.021882536256103563,0.0028623815920344976
skin_rich_design,initial,certified_initial,age10_1,99,0.14419873764206642,0.0074539534635028135,0.156,-0.011801262357933565,0.007453953463502815,0.07472810162432343,0.004801759391195882,0.00558428917237521,0.0007176527275216706
skin_rich_design,initial,certified_initial,male_1,99,0.5602319075767846,0.01718448073298567,0.562,-0.0017680924232154514,0.01718448073298567,0.17012686795720391,0.011012237134538987,0.028943151200927893,0.0037469548258022636
skin_rich_design,initial,certified_initial,drink_gt2_1,99,0.14863208329367625,0.01246562222554731,0.147,0.0016320832936762768,0.012465622225547313,0.12341415627043476,0.007337143882202703,0.01523105396794329,0.0018110148433136575
skin_rich_design,initial,certified_initial,sundamage_gt5_1,99,0.4784381133481977,0.012279316645220634,0.488,-0.009561886651802272,0.012279316645220634,0.12193452410680898,0.009300225087467539,0.014868028169153981,0.0022680370402531204
skin_rich_design,initial,certified_initial,sigma0,99,-1.3738018156045624e-05,0.0002575230503285532,0.002,-0.002013738018156046,0.0002575230503285532,0.003248740788046693,0.0001330855330104432,1.0554316707918249e-05,8.647207987799229e-07
skin_rich_design,initial,certified_initial,sigma1,99,-3.331995282763111e-05,0.00011785235493090226,0.003,-0.0030333199528276306,0.00011785235493090226,0.003249949128428419,9.105911277014039e-05,1.056216933737264e-05,5.918749683655658e-07
skin_rich_design,initial,certified_initial,nu0,99,0.360496424375957,0.0018734287966226885,0.95,-0.589503575624043,0.001873428796622688,0.5897952354404207,0.0018643077255027973,0.3478584197482213,0.002199119627792635
skin_rich_design,initial,certified_initial,nu1,99,0.22402598593485848,0.002260663969076454,1.85,-1.6259740140651415,0.002260663969076453,1.6261280187519231,0.002246061601547959,2.644292333370055,0.007304767404239908
skin_rich_design,initial,certified_initial,theta,99,0.024125543299028693,0.0010733585725035454,0.3,-0.27587445670097127,0.001073358572503545,0.27607901319245987,0.0010749156247645908,0.07621962152532244,0.0005935232899003294
skin_rich_design,initial,certified_initial,cumulative_relative_0,99,1.1425814931037208,0.009907295704721803,1.0,0.14258149310372079,0.009907295704721803,0.17305670740368512,0.01261119661945744,0.029948623977404682,0.0043649043267675785
skin_rich_design,initial,certified_initial,baseline_relative_ISE_0,99,0.03667837750109906,0.0043847291268715935,,,,,,,
skin_rich_design,initial,certified_initial,cumulative_relative_1,99,1.2179273491489857,0.023414732994563196,1.0,0.2179273491489857,0.023414732994563196,0.31815216828643367,0.02088422947648277,0.10122080218535921,0.01328872578186889
skin_rich_design,initial,certified_initial,baseline_relative_ISE_1,99,0.11471556137689629,0.014094425678718728,,,,,,,
skin_rich_design,initial,certified_initial,prediction_mse,99,0.9526917524619475,0.0031883873107258183,,,,,,,
skin_rich_design,initial,certified_initial,negative_prediction_fraction,99,0.0,0.0,,,,,,,
skin_rich_design,projected_initial,certified_initial,treatment_0,99,0.1299967845154711,0.006807147152274778,0.125,0.004996784515471092,0.006807147152274778,0.06757232115341953,0.004660450129687871,0.004566018586060869,0.000629834865765529
skin_rich_design,projected_initial,certified_initial,baseline_Se20_0,99,0.06908042188473383,0.0030932240579311376,0.068,0.0010804218847338281,0.0030932240579311376,0.03064041038498475,0.0025600685399585167,0.0009388347485602812,0.00015688310135603535
skin_rich_design,projected_initial,certified_initial,history_none_0,99,-1.363109360620832,0.0359540591091545,-1.27,-0.09310936062083158,0.0359540591091545,0.3679040648658676,0.04063901920307714,0.13535340094482848,0.029902520713948257
skin_rich_design,projected_initial,certified_initial,history_SCC_only_0,99,-1.245776291376355,0.01265308340752245,-1.22,-0.025776291376354774,0.01265308340752245,0.12788380714326303,0.00828270775897503,0.016354268129455295,0.002118448403345542
skin_rich_design,projected_initial,certified_initial,history_both_0,99,-0.06439312892249618,0.008269708530425532,-0.06,-0.004393128922496183,0.008269708530425532,0.08198372607531672,0.005469764878535798,0.006721331341192567,0.0008968634109965338
skin_rich_design,projected_initial,certified_initial,AK_gt2_0,99,0.3309144461120068,0.009050001573887512,0.323,0.007914446112006875,0.009050001573887512,0.08993934761283169,0.005829498152080023,0.008089086249021774,0.0010486025214165703
skin_rich_design,projected_initial,certified_initial,age10_0,99,-0.05266984647438665,0.0033248282182857716,-0.05,-0.0026698464743866415,0.0033248282182857716,0.03302222559043393,0.002655668766636588,0.0010904673829455098,0.0001753921862106857
skin_rich_design,projected_initial,certified_initial,male_0,99,0.26574996969520337,0.008542637244611247,0.263,0.0027499696952033204,0.008542637244611247,0.084612493997284,0.0050297302083288096,0.007159274140440421,0.0008511560341203588
skin_rich_design,projected_initial,certified_initial,drink_gt2_0,99,0.14394862092644142,0.007471891098871582,0.149,-0.00505137907355856,0.007471891098871582,0.0741402304872168,0.004715647155526852,0.005496773776697631,0.0006992383340142981
skin_rich_design,projected_initial,certified_initial,sundamage_gt5_0,99,0.0283290953698078,0.007480855338499196,0.038,-0.009670904630192196,0.007480855338499196,0.0746854715639552,0.0051949273813647395,0.0055779196627303625,0.000775971202435457
skin_rich_design,projected_initial,certified_initial,treatment_1,99,0.24916828395084606,0.010864428473521457,0.246,0.0031682839508460916,0.010864428473521459,0.10759901029613164,0.0071593177467115824,0.011577547016707044,0.001540671007883395
skin_rich_design,projected_initial,certified_initial,baseline_Se20_1,99,-0.0893814118808557,0.004773478194239818,-0.096,0.006618588119144317,0.004773478194239818,0.04771627529090483,0.003342167276127252,0.002276842927637415,0.000318951547631883
skin_rich_design,projected_initial,certified_initial,history_none_1,99,-0.13897554401473222,0.06516369489691594,0.078,-0.2169755440147322,0.06516369489691594,0.6806000923428435,0.05975439272125488,0.46321648569708707,0.0813376904079532
skin_rich_design,projected_initial,certified_initial,history_SCC_only_1,99,1.0389938464126356,0.0147811962842676,1.008,0.030993846412635466,0.0147811962842676,0.1495728162055745,0.00952543816924388,0.02237202734766657,0.0028494932251317577
skin_rich_design,projected_initial,certified_initial,history_both_1,99,0.7965020179572466,0.0142535585973327,0.768,0.028502017957246686,0.0142535585973327,0.1439528757302879,0.010874425065324003,0.02072243043101971,0.003130809520133828
skin_rich_design,projected_initial,certified_initial,AK_gt2_1,99,0.6207450542234141,0.014780602592216058,0.599,0.021745054223414037,0.014780602592216058,0.14792746957919467,0.00967494948766797,0.021882536256103563,0.0028623815920344976
skin_rich_design,projected_initial,certified_initial,age10_1,99,0.14419873764206642,0.0074539534635028135,0.156,-0.011801262357933565,0.007453953463502815,0.07472810162432343,0.004801759391195882,0.00558428917237521,0.0007176527275216706
skin_rich_design,projected_initial,certified_initial,male_1,99,0.5602319075767846,0.01718448073298567,0.562,-0.0017680924232154514,0.01718448073298567,0.17012686795720391,0.011012237134538987,0.028943151200927893,0.0037469548258022636
skin_rich_design,projected_initial,certified_initial,drink_gt2_1,99,0.14863208329367625,0.01246562222554731,0.147,0.0016320832936762768,0.012465622225547313,0.12341415627043476,0.007337143882202703,0.01523105396794329,0.0018110148433136575
skin_rich_design,projected_initial,certified_initial,sundamage_gt5_1,99,0.4784381133481977,0.012279316645220634,0.488,-0.009561886651802272,0.012279316645220634,0.12193452410680898,0.009300225087467539,0.014868028169153981,0.0022680370402531204
skin_rich_design,projected_initial,certified_initial,sigma0,99,0.0009815982503794504,0.00018698104376878457,0.002,-0.0010184017496205498,0.00018698104376878457,0.0021126782469318133,0.0001297546838785152,4.463409375058881e-06,5.482597961353062e-07
skin_rich_design,projected_initial,certified_initial,sigma1,99,0.0004246612869350243,8.368831094798736e-05,0.003,-0.002575338713064976,8.368831094798736e-05,0.00270531612924723,5.1594293638781714e-05,7.318735359165214e-06,2.7915774951622784e-07
skin_rich_design,projected_initial,certified_initial,nu0,99,0.360496424375957,0.0018734287966226887,0.95,-0.589503575624043,0.0018734287966226892,0.5897952354404207,0.0018643077255027984,0.3478584197482213,0.0021991196277926363
skin_rich_design,projected_initial,certified_initial,nu1,99,0.22402598593485848,0.0022606639690764545,1.85,-1.6259740140651415,0.002260663969076455,1.6261280187519231,0.0022460616015479605,2.644292333370055,0.0073047674042399134
skin_rich_design,projected_initial,certified_initial,theta,99,0.024125543299028693,0.0010733585725035454,0.3,-0.2758744567009713,0.0010733585725035452,0.27607901319245987,0.0010749156247645908,0.07621962152532243,0.0005935232899003294
skin_rich_design,projected_initial,certified_initial,cumulative_relative_0,99,1.1425814931037208,0.009907295704721803,1.0,0.14258149310372079,0.009907295704721803,0.17305670740368512,0.01261119661945744,0.029948623977404682,0.0043649043267675785
skin_rich_design,projected_initial,certified_initial,baseline_relative_ISE_0,99,0.03667837750109906,0.0043847291268715935,,,,,,,
skin_rich_design,projected_initial,certified_initial,cumulative_relative_1,99,1.2179273491489857,0.023414732994563196,1.0,0.2179273491489857,0.023414732994563196,0.31815216828643367,0.02088422947648277,0.10122080218535921,0.01328872578186889
skin_rich_design,projected_initial,certified_initial,baseline_relative_ISE_1,99,0.11471556137689629,0.014094425678718728,,,,,,,
skin_rich_design,projected_initial,certified_initial,prediction_mse,99,0.9526917524619475,0.0031883873107258183,,,,,,,
skin_rich_design,projected_initial,certified_initial,negative_prediction_fraction,99,0.0,0.0,,,,,,,
skin_rich_design,fallback,certified_initial,treatment_0,99,0.12994079563762648,0.0065521575705790895,0.125,0.004940795637626483,0.0065521575705790895,0.06505095546449016,0.004518343267279681,0.004231626806843083,0.000587845093306179
skin_rich_design,fallback,certified_initial,baseline_Se20_0,99,0.06802169707150248,0.0028734990570828773,0.068,2.1697071502471898e-05,0.0028734990570828773,0.02844619764057084,0.002406422817610422,0.000809186160206418,0.00013690715815305085
skin_rich_design,fallback,certified_initial,history_none_0,99,-1.3848860730634878,0.03667908283285818,-1.27,-0.11488607306348814,0.03667908283285818,0.38084591542380625,0.042227513662865875,0.145043611294997,0.03216435219401088
skin_rich_design,fallback,certified_initial,history_SCC_only_0,99,-1.2625688059602627,0.012625404302413996,-1.22,-0.04256880596026283,0.012625404302413995,0.13203554427965622,0.008720056874950585,0.01743338495322506,0.0023027149112673172
skin_rich_design,fallback,certified_initial,history_both_0,99,-0.06408794211665612,0.007877812113288056,-0.06,-0.0040879421166561455,0.007877812113288057,0.0780934298938867,0.005426143569674043,0.006098583792591397,0.0008474923249050081
skin_rich_design,fallback,certified_initial,AK_gt2_0,99,0.3254169832113913,0.008293650413051145,0.323,0.00241698321139127,0.008293650413051145,0.08213851867964679,0.005182451211092377,0.006746736250886684,0.0008513577312173388
skin_rich_design,fallback,certified_initial,age10_0,99,-0.0537651051092422,0.003190529813928729,-0.05,-0.0037651051092421847,0.003190529813928729,0.03180825529407916,0.0024847805686840823,0.0010117651048533146,0.00015807306935694096
skin_rich_design,fallback,certified_initial,male_0,99,0.26125327358346434,0.007954573337899831,0.263,-0.0017467264165357062,0.007954573337899831,0.07876562878566294,0.004825243044936718,0.006204024278000854,0.000760126604956175
skin_rich_design,fallback,certified_initial,drink_gt2_0,99,0.14315287233858154,0.006964897285477224,0.149,-0.005847127661418422,0.006964897285477224,0.06919645029348853,0.004350200576071637,0.004788148733219229,0.0006020368758576924
skin_rich_design,fallback,certified_initial,sundamage_gt5_0,99,0.02732849518744566,0.007155374198052765,0.038,-0.010671504812554343,0.007155374198052765,0.07163393222874181,0.004973403719541066,0.005131420246551976,0.0007125289299835544
skin_rich_design,fallback,certified_initial,treatment_1,99,0.24717288554512457,0.011019822462934162,0.246,0.0011728855451245332,0.011019822462934162,0.10909698161604481,0.007381878221430226,0.011902151397731618,0.00161068126523051
skin_rich_design,fallback,certified_initial,baseline_Se20_1,99,-0.08879140727827035,0.0048172796248893875,-0.096,0.007208592721729647,0.0048172796248893875,0.048230381933968426,0.003466881469234413,0.002326169741496468,0.0003344180347619467
skin_rich_design,fallback,certified_initial,history_none_1,99,-0.13847445168236608,0.06515509827665183,0.078,-0.21647445168236604,0.06515509827665183,0.6803598295845491,0.05906474304076316,0.4628894977123167,0.08037055701933761
skin_rich_design,fallback,certified_initial,history_SCC_only_1,99,1.0358649678902294,0.015651700858857427,1.008,0.02786496789022938,0.015651700858857427,0.1574295999279965,0.010257704335702195,0.02478407893348903,0.0032297325794985433
skin_rich_design,fallback,certified_initial,history_both_1,99,0.7933216591793076,0.014530304507893662,0.768,0.025321659179307433,0.014530304507893662,0.1460544481849843,0.010625531098235564,0.02133190183462027,0.0031038121624503714
skin_rich_design,fallback,certified_initial,AK_gt2_1,99,0.6205492514868273,0.015486133607536942,0.599,0.021549251486827348,0.015486133607536938,0.15481202467014654,0.009789004872939802,0.023966762982470063,0.003030911327771483
skin_rich_design,fallback,certified_initial,age10_1,99,0.14477473106057415,0.007556842214492224,0.156,-0.011225268939425843,0.007556842214492224,0.07564642331086215,0.0049164462601966425,0.005722381359726148,0.0007438231499678807
skin_rich_design,fallback,certified_initial,male_1,99,0.5616431342847502,0.017542341608359022,0.562,-0.0003568657152498467,0.017542341608359022,0.1736606886009796,0.012608583249722376,0.030158034765366413,0.00437923049885913
skin_rich_design,fallback,certified_initial,drink_gt2_1,99,0.14871959785244715,0.012700118858099088,0.147,0.0017195978524471597,0.012700118858099088,0.12573652166231922,0.007490125852358757,0.01580967287973887,0.001883564742977208
skin_rich_design,fallback,certified_initial,sundamage_gt5_1,99,0.47561194071404056,0.012597130546432238,0.488,-0.012388059285959459,0.012597130546432238,0.12531902655722454,0.008902123965617629,0.01570485841725035,0.0022312110193258815
skin_rich_design,fallback,certified_initial,sigma0,99,0.0018075696668667016,0.0003471683183986012,0.002,-0.00019243033313329872,0.0003471683183986012,0.0034421740049686064,0.0004432669582022277,1.1848561880481616e-05,3.0516040015704277e-06
skin_rich_design,fallback,certified_initial,sigma1,99,0.00734755192943342,0.0016373838200991304,0.003,0.004347551929433419,0.00163738382009913,0.0167821850085952,0.0027243140036478423,0.00028164173366271745,9.143988326144957e-05
skin_rich_design,fallback,certified_initial,nu0,99,0.4518421316344811,0.007729230121567544,0.95,-0.49815786836551873,0.007729230121567544,0.5039998806003311,0.007388718575992593,0.254015879645148,0.00744782656017943
skin_rich_design,fallback,certified_initial,nu1,99,1.2026544061074633,0.0348990742060255,1.85,-0.6473455938925365,0.034899074206025504,0.7337676507008013,0.02971397460689649,0.5384149652149731,0.0436063066805714
skin_rich_design,fallback,certified_initial,theta,99,0.19735717489368418,0.008867309189610552,0.3,-0.10264282510631578,0.008867309189610552,0.1350600178723985,0.008365157912728599,0.018241208427692602,0.0022595967543971203
skin_rich_design,fallback,certified_initial,cumulative_relative_0,99,1.2237988384502632,0.010346410610302378,1.0,0.22379883845026316,0.010346410610302378,0.24612323116347798,0.012052743670278872,0.06057664491835081,0.005932920433028385
skin_rich_design,fallback,certified_initial,baseline_relative_ISE_0,99,0.0698624104543341,0.006093953153579048,,,,,,,
skin_rich_design,fallback,certified_initial,cumulative_relative_1,99,1.202467713334589,0.023787383685771376,1.0,0.20246771333458885,0.023787383685771376,0.3105566904111378,0.020692401637241613,0.09644545795911928,0.01285232753823953
skin_rich_design,fallback,certified_initial,baseline_relative_ISE_1,99,0.10924268780880504,0.013523699608168405,,,,,,,
skin_rich_design,fallback,certified_initial,prediction_mse,99,0.9762108677028166,0.00447655944515288,,,,,,,
skin_rich_design,fallback,certified_initial,negative_prediction_fraction,99,0.0,0.0,,,,,,,
skin_rich_design,initial,coupled_accepted,treatment_0,98,0.13132379358469481,0.006745027667638403,0.125,0.0063237935846948415,0.006745027667638403,0.06673113212220336,0.004690277415192451,0.004453043994310961,0.0006259750437659879
skin_rich_design,initial,coupled_accepted,baseline_Se20_0,98,0.06900528073017133,0.0031240280947461624,0.068,0.0010052807301713209,0.0031240280947461624,0.03078452676934465,0.0025701172331842087,0.0009476870884124974,0.00015823968553062656
skin_rich_design,initial,coupled_accepted,history_none_0,98,-1.3587912837750706,0.03605991710528593,-1.27,-0.0887912837750704,0.03605991710528593,0.3660801843497051,0.0412190198157449,0.13401470137351407,0.030178932745724075
skin_rich_design,initial,coupled_accepted,history_SCC_only_0,98,-1.2446730559915813,0.012734179895776899,-1.22,-0.024673055991581157,0.012734179895776899,0.12782102894637692,0.008371530179996495,0.016338215440910527,0.0021401152029256
skin_rich_design,initial,coupled_accepted,history_both_0,98,-0.06414264616582264,0.008350695025777208,-0.06,-0.004142646165822642,0.008350695025777208,0.08234907368251695,0.005489010026064453,0.006781369936368606,0.0009040297821609119
skin_rich_design,initial,coupled_accepted,AK_gt2_0,98,0.3311020335537087,0.009140860234095558,0.323,0.008102033553708667,0.009140860234095558,0.09039087095594646,0.005842178550625944,0.008170509552174564,0.001056159214942456
skin_rich_design,initial,coupled_accepted,age10_0,98,-0.05267976698111564,0.003358914960729337,-0.05,-0.00267976698111564,0.003358914960729337,0.033189835692181126,0.002664009388243512,0.00110156519327398,0.00017683606775646026
skin_rich_design,initial,coupled_accepted,male_0,98,0.26479913904385144,0.008576631307293784,0.263,0.0017991390438514584,0.008576631307293784,0.08448918005094229,0.005087207459478739,0.007138421545680544,0.0008596279740007918
skin_rich_design,initial,coupled_accepted,drink_gt2_0,98,0.14368000793783836,0.007543648493740001,0.149,-0.005319992062161631,0.007543648493740001,0.07448654695621702,0.004728999639559631,0.005548245677460724,0.0007044937074159837
skin_rich_design,initial,coupled_accepted,sundamage_gt5_0,98,0.027489381825916284,0.0075098215404386685,0.038,-0.010510618174083717,0.0075098215404386685,0.0747062433309113,0.005246708884765805,0.00558102279261733,0.0007839238212635371
skin_rich_design,initial,coupled_accepted,treatment_1,98,0.24897597988705564,0.010974141910483164,0.246,0.002975979887055669,0.010974141910483164,0.10812372612621245,0.0071781964365419575,0.011690740151416195,0.0015522666911696335
skin_rich_design,initial,coupled_accepted,baseline_Se20_1,98,-0.08895450745689815,0.004803114133371969,-0.096,0.0070454925431018564,0.004803114133371968,0.047826977605322986,0.0033667788393387243,0.0022874197868600664,0.00032204571230225697
skin_rich_design,initial,coupled_accepted,history_none_1,98,-0.14727724243310072,0.06529564048715465,0.078,-0.2252772424331007,0.06529564048715465,0.6814039481989768,0.060290596020380595,0.46431134062115376,0.0821645003351137
skin_rich_design,initial,coupled_accepted,history_SCC_only_1,98,1.0400466593696935,0.014894875441552474,1.008,0.032046659369693434,0.014894875441552474,0.15015707734048162,0.009567574533320524,0.02254714787543538,0.0028732780583212644
skin_rich_design,initial,coupled_accepted,history_both_1,98,0.7967021959960077,0.014398332622037732,0.768,0.028702195996007575,0.014398332622037732,0.14468268153995598,0.010905776549540459,0.020933078337592316,0.0031557539909261643
skin_rich_design,initial,coupled_accepted,AK_gt2_1,98,0.6201314282849316,0.014919328756724127,0.599,0.0211314282849316,0.014919328756724127,0.14845004279160418,0.009725507175513797,0.02203741520482911,0.0028875039127501533
skin_rich_design,initial,coupled_accepted,age10_1,98,0.1444635477345267,0.007525652684129887,0.156,-0.011536452265473283,0.007525652684129885,0.07501152056932472,0.004824223259064081,0.005626728218122226,0.0007237446444566001
skin_rich_design,initial,coupled_accepted,male_1,98,0.5580913513105831,0.017225525083321244,0.562,-0.003908648689416948,0.017225525083321244,0.16969676729685165,0.011144894643436706,0.028796992831001823,0.0037825051857104143
skin_rich_design,initial,coupled_accepted,drink_gt2_1,98,0.1496394997623778,0.012552285742205719,0.147,0.0026394997623778262,0.012552285742205717,0.12365385178930637,0.007394073623042895,0.015290275062331745,0.0018286113678059315
skin_rich_design,initial,coupled_accepted,sundamage_gt5_1,98,0.4759582488588629,0.012149649797432625,0.488,-0.012041751141137176,0.012149649797432627,0.1202645451493073,0.009373378498677282,0.014463560819969776,0.0022545702033114406
skin_rich_design,initial,coupled_accepted,sigma0,98,3.6452937881190636e-06,0.0002595709832742272,0.002,-0.0019963547062118807,0.00025957098327422716,0.0032436106983939044,0.0001345632684732194,1.0521010362735392e-05,8.729417144611713e-07
skin_rich_design,initial,coupled_accepted,sigma1,98,-5.641158372321227e-05,0.00011675330677622668,0.003,-0.003056411583723212,0.00011675330677622668,0.003265561395764326,9.019102172218433e-05,1.0663891229506254e-05,5.890486375610138e-07
skin_rich_design,initial,coupled_accepted,nu0,98,0.36061810497832875,0.0018886475808610045,0.95,-0.5893818950216713,0.0018886475808610043,0.5896753481185655,0.001879913907245819,0.3477170161787514,0.002217077775376222
skin_rich_design,initial,coupled_accepted,nu1,98,0.2242639858304591,0.0022711589426434556,1.85,-1.6257360141695412,0.002271158942643455,1.6258898885143829,0.0022566421281545114,2.643517929573312,0.007338103236323996
skin_rich_design,initial,coupled_accepted,theta,98,0.023867761932384265,0.0010526309298565788,0.3,-0.2761322380676157,0.0010526309298565786,0.2763267847894156,0.0010557238923025204,0.076356491992056,0.0005834495775706454
skin_rich_design,initial,coupled_accepted,cumulative_relative_0,98,1.1429772147098252,0.010000924362708018,1.0,0.14297721470982527,0.010000924362708018,0.17362107381511707,0.012686367638982376,0.030144277272714334,0.004405241544586943
skin_rich_design,initial,coupled_accepted,baseline_relative_ISE_0,98,0.03690266861621759,0.004423902692484897,,,,,,,
skin_rich_design,initial,coupled_accepted,cumulative_relative_1,98,1.221606089430262,0.023361114603186236,1.0,0.22160608943026205,0.023361114603186236,0.3194467113563447,0.0209723588412854,0.10204620139638383,0.013399102122467563
skin_rich_design,initial,coupled_accepted,baseline_relative_ISE_1,98,0.11564627829453156,0.014207908906111509,,,,,,,
skin_rich_design,initial,coupled_accepted,prediction_mse,98,0.9529642391542354,0.003209304931534753,,,,,,,
skin_rich_design,initial,coupled_accepted,negative_prediction_fraction,98,0.0,0.0,,,,,,,
skin_rich_design,projected_initial,coupled_accepted,treatment_0,98,0.13132379358469481,0.006745027667638403,0.125,0.0063237935846948415,0.006745027667638403,0.06673113212220336,0.004690277415192451,0.004453043994310961,0.0006259750437659879
skin_rich_design,projected_initial,coupled_accepted,baseline_Se20_0,98,0.06900528073017133,0.0031240280947461624,0.068,0.0010052807301713209,0.0031240280947461624,0.03078452676934465,0.0025701172331842087,0.0009476870884124974,0.00015823968553062656
skin_rich_design,projected_initial,coupled_accepted,history_none_0,98,-1.3587912837750706,0.03605991710528593,-1.27,-0.0887912837750704,0.03605991710528593,0.3660801843497051,0.0412190198157449,0.13401470137351407,0.030178932745724075
skin_rich_design,projected_initial,coupled_accepted,history_SCC_only_0,98,-1.2446730559915813,0.012734179895776899,-1.22,-0.024673055991581157,0.012734179895776899,0.12782102894637692,0.008371530179996495,0.016338215440910527,0.0021401152029256
skin_rich_design,projected_initial,coupled_accepted,history_both_0,98,-0.06414264616582264,0.008350695025777208,-0.06,-0.004142646165822642,0.008350695025777208,0.08234907368251695,0.005489010026064453,0.006781369936368606,0.0009040297821609119
skin_rich_design,projected_initial,coupled_accepted,AK_gt2_0,98,0.3311020335537087,0.009140860234095558,0.323,0.008102033553708667,0.009140860234095558,0.09039087095594646,0.005842178550625944,0.008170509552174564,0.001056159214942456
skin_rich_design,projected_initial,coupled_accepted,age10_0,98,-0.05267976698111564,0.003358914960729337,-0.05,-0.00267976698111564,0.003358914960729337,0.033189835692181126,0.002664009388243512,0.00110156519327398,0.00017683606775646026
skin_rich_design,projected_initial,coupled_accepted,male_0,98,0.26479913904385144,0.008576631307293784,0.263,0.0017991390438514584,0.008576631307293784,0.08448918005094229,0.005087207459478739,0.007138421545680544,0.0008596279740007918
skin_rich_design,projected_initial,coupled_accepted,drink_gt2_0,98,0.14368000793783836,0.007543648493740001,0.149,-0.005319992062161631,0.007543648493740001,0.07448654695621702,0.004728999639559631,0.005548245677460724,0.0007044937074159837
skin_rich_design,projected_initial,coupled_accepted,sundamage_gt5_0,98,0.027489381825916284,0.0075098215404386685,0.038,-0.010510618174083717,0.0075098215404386685,0.0747062433309113,0.005246708884765805,0.00558102279261733,0.0007839238212635371
skin_rich_design,projected_initial,coupled_accepted,treatment_1,98,0.24897597988705564,0.010974141910483164,0.246,0.002975979887055669,0.010974141910483164,0.10812372612621245,0.0071781964365419575,0.011690740151416195,0.0015522666911696335
skin_rich_design,projected_initial,coupled_accepted,baseline_Se20_1,98,-0.08895450745689815,0.004803114133371969,-0.096,0.0070454925431018564,0.004803114133371968,0.047826977605322986,0.0033667788393387243,0.0022874197868600664,0.00032204571230225697
skin_rich_design,projected_initial,coupled_accepted,history_none_1,98,-0.14727724243310072,0.06529564048715465,0.078,-0.2252772424331007,0.06529564048715465,0.6814039481989768,0.060290596020380595,0.46431134062115376,0.0821645003351137
skin_rich_design,projected_initial,coupled_accepted,history_SCC_only_1,98,1.0400466593696935,0.014894875441552474,1.008,0.032046659369693434,0.014894875441552474,0.15015707734048162,0.009567574533320524,0.02254714787543538,0.0028732780583212644
skin_rich_design,projected_initial,coupled_accepted,history_both_1,98,0.7967021959960077,0.014398332622037732,0.768,0.028702195996007575,0.014398332622037732,0.14468268153995598,0.010905776549540459,0.020933078337592316,0.0031557539909261643
skin_rich_design,projected_initial,coupled_accepted,AK_gt2_1,98,0.6201314282849316,0.014919328756724127,0.599,0.0211314282849316,0.014919328756724127,0.14845004279160418,0.009725507175513797,0.02203741520482911,0.0028875039127501533
skin_rich_design,projected_initial,coupled_accepted,age10_1,98,0.1444635477345267,0.007525652684129887,0.156,-0.011536452265473283,0.007525652684129885,0.07501152056932472,0.004824223259064081,0.005626728218122226,0.0007237446444566001
skin_rich_design,projected_initial,coupled_accepted,male_1,98,0.5580913513105831,0.017225525083321244,0.562,-0.003908648689416948,0.017225525083321244,0.16969676729685165,0.011144894643436706,0.028796992831001823,0.0037825051857104143
skin_rich_design,projected_initial,coupled_accepted,drink_gt2_1,98,0.1496394997623778,0.012552285742205719,0.147,0.0026394997623778262,0.012552285742205717,0.12365385178930637,0.007394073623042895,0.015290275062331745,0.0018286113678059315
skin_rich_design,projected_initial,coupled_accepted,sundamage_gt5_1,98,0.4759582488588629,0.012149649797432625,0.488,-0.012041751141137176,0.012149649797432627,0.1202645451493073,0.009373378498677282,0.014463560819969776,0.0022545702033114406
skin_rich_design,projected_initial,coupled_accepted,sigma0,98,0.0009916145590567918,0.00018862762215991047,0.002,-0.0010083854409432083,0.00018862762215991047,0.0021137970674005866,0.00013101128003497383,4.468138042151319e-06,5.538625190686494e-07
skin_rich_design,projected_initial,coupled_accepted,sigma1,98,0.0004062429339962049,8.24736926984863e-05,0.003,-0.002593757066003795,8.24736926984863e-05,0.0027179700120154157,5.0288729995202704e-05,7.387360986215078e-06,2.7336652013860217e-07
skin_rich_design,projected_initial,coupled_accepted,nu0,98,0.36061810497832875,0.001888647580861005,0.95,-0.5893818950216712,0.0018886475808610054,0.5896753481185655,0.0018799139072458206,0.3477170161787514,0.0022170777753762238
skin_rich_design,projected_initial,coupled_accepted,nu1,98,0.2242639858304591,0.002271158942643456,1.85,-1.6257360141695412,0.002271158942643457,1.6258898885143829,0.002256642128154513,2.6435179295733127,0.007338103236324002
skin_rich_design,projected_initial,coupled_accepted,theta,98,0.023867761932384265,0.0010526309298565786,0.3,-0.2761322380676157,0.0010526309298565786,0.2763267847894156,0.0010557238923025202,0.076356491992056,0.0005834495775706453
skin_rich_design,projected_initial,coupled_accepted,cumulative_relative_0,98,1.1429772147098252,0.010000924362708018,1.0,0.14297721470982527,0.010000924362708018,0.17362107381511707,0.012686367638982376,0.030144277272714334,0.004405241544586943
skin_rich_design,projected_initial,coupled_accepted,baseline_relative_ISE_0,98,0.03690266861621759,0.004423902692484897,,,,,,,
skin_rich_design,projected_initial,coupled_accepted,cumulative_relative_1,98,1.221606089430262,0.023361114603186236,1.0,0.22160608943026205,0.023361114603186236,0.3194467113563447,0.0209723588412854,0.10204620139638383,0.013399102122467563
skin_rich_design,projected_initial,coupled_accepted,baseline_relative_ISE_1,98,0.11564627829453156,0.014207908906111509,,,,,,,
skin_rich_design,projected_initial,coupled_accepted,prediction_mse,98,0.9529642391542354,0.003209304931534753,,,,,,,
skin_rich_design,projected_initial,coupled_accepted,negative_prediction_fraction,98,0.0,0.0,,,,,,,
skin_rich_design,coupled,coupled_accepted,treatment_0,98,0.13126723339177018,0.006482300914913066,0.125,0.006267233391770187,0.006482300914913066,0.0641501368204367,0.00453715524324618,0.004115240054080749,0.0005821182592596084
skin_rich_design,coupled,coupled_accepted,baseline_Se20_0,98,0.06793575260251924,0.002901672868997217,0.068,-6.424739748076343e-05,0.002901672868997217,0.028578235692210133,0.0024162101138227323,0.0008167155552795132,0.00013810204422945585
skin_rich_design,coupled,coupled_accepted,history_none_0,98,-1.3807902075691827,0.03682353031451251,-1.27,-0.1107902075691826,0.03682353031451251,0.37921470359300846,0.042812293346687964,0.14380379142113328,0.03247010226320241
skin_rich_design,coupled,coupled_accepted,history_SCC_only_0,98,-1.2616369227651207,0.012720107600000616,-1.22,-0.04163692276512092,0.012720107600000618,0.1320164522354741,0.008810748598625516,0.01742834366084121,0.0023263275430584316
skin_rich_design,coupled,coupled_accepted,history_both_0,98,-0.0638343452089026,0.00795448756037005,-0.06,-0.003834345208902606,0.00795448756037005,0.07843639347232238,0.0054468677226630425,0.006152267820944976,0.0008544653197729819
skin_rich_design,coupled,coupled_accepted,AK_gt2_0,98,0.32554847409288273,0.008377662607907168,0.323,0.0025484740928826953,0.008377662607907168,0.08254975533021834,0.005193014031805597,0.006814462105078911,0.0008573640755038855
skin_rich_design,coupled,coupled_accepted,age10_0,98,-0.05378620172449012,0.0032231835885493804,-0.05,-0.0037862017244901167,0.0032231835885493804,0.03196967048174654,0.0024922894783167035,0.0010220598307114559,0.00015935534673381798
skin_rich_design,coupled,coupled_accepted,male_0,98,0.260256558277911,0.007972826118853324,0.263,-0.002743441722088988,0.007972826118853324,0.07857114123942113,0.004882839119315946,0.006173424235665063,0.0007673004841862878
skin_rich_design,coupled,coupled_accepted,drink_gt2_0,98,0.1428761394664289,0.007030777771024844,0.149,-0.006123860533571084,0.007030777771024844,0.06951539229689872,0.004362827567836304,0.004832389766191726,0.0006065673398037303
skin_rich_design,coupled,coupled_accepted,sundamage_gt5_0,98,0.026478571437611665,0.0071775882172770925,0.038,-0.011521428562388338,0.0071775882172770925,0.07162378976253161,0.005025115369872042,0.005129967259947328,0.0007198356135683628
skin_rich_design,coupled,coupled_accepted,treatment_1,98,0.24696022027311249,0.011130775947178633,0.246,0.0009602202731124632,0.011130775947178633,0.10962963478021381,0.007401917896075316,0.012018656822043066,0.001622939111239731
skin_rich_design,coupled,coupled_accepted,baseline_Se20_1,98,-0.08835848239918438,0.004846996247343426,-0.096,0.007641517600815607,0.004846996247343426,0.04834511284043524,0.003492209872679823,0.002337249935554416,0.00033766256071437605
skin_rich_design,coupled,coupled_accepted,history_none_1,98,-0.14677103691366963,0.06528754771382539,0.078,-0.22477103691366962,0.06528754771382539,0.6811615197765459,0.05959482536383654,0.4639810160242938,0.08118740363129749
skin_rich_design,coupled,coupled_accepted,history_SCC_only_1,98,1.0368858535154262,0.015778564246557842,1.008,0.028885853515426056,0.015778564246557842,0.15806268450378078,0.010301652278960587,0.02498381223254174,0.0032566136280740027
skin_rich_design,coupled,coupled_accepted,history_both_1,98,0.7934893845774772,0.014678359170852544,0.768,0.025489384577477105,0.014678359170852544,0.14679498914182315,0.010654258484416946,0.02154876883714798,0.0031279835170683256
skin_rich_design,coupled,coupled_accepted,AK_gt2_1,98,0.6199336275612368,0.015632602987498294,0.599,0.020933627561236876,0.015632602987498294,0.15537988785828238,0.009836610940222678,0.024142909550852413,0.0030568230095947067
skin_rich_design,coupled,coupled_accepted,age10_1,98,0.14504541863689674,0.007629450978467179,0.156,-0.01095458136310324,0.007629450978467179,0.0759356932504453,0.004939347117707918,0.005766229509425725,0.0007501454951754792
skin_rich_design,coupled,coupled_accepted,male_1,98,0.5595169782910789,0.01759161813346341,0.562,-0.0024830217089210817,0.01759161813346341,0.1732751371850735,0.01276029167437066,0.030024273166506042,0.004422082580796255
skin_rich_design,coupled,coupled_accepted,drink_gt2_1,98,0.14972790732685043,0.012789878718444182,0.147,0.0027279073268504524,0.012789878718444182,0.1259952310555343,0.007546897145480228,0.01587479824873748,0.0019017460991942673
skin_rich_design,coupled,coupled_accepted,sundamage_gt5_1,98,0.47310323772843865,0.012471417476648573,0.488,-0.014896762271561273,0.012471417476648573,0.12372926150361682,0.008964423281947626,0.015308930152230397,0.0022183229449624173
skin_rich_design,coupled,coupled_accepted,sigma0,98,0.0018260142553041172,0.00035023376887196916,0.002,-0.0001739857446958834,0.00035023376887196916,0.0034537876666942023,0.0004461538661620293,1.192864924660898e-05,3.081841440796705e-06
skin_rich_design,coupled,coupled_accepted,sigma1,98,0.007399775317744584,0.0016533363666707533,0.003,0.004399775317744582,0.0016533363666707528,0.016867411584418367,0.002737002878314959,0.00028450957355817097,9.23323081125523e-05
skin_rich_design,coupled,coupled_accepted,nu0,98,0.4528959112905113,0.007735594609363225,0.95,-0.4971040887094885,0.007735594609363225,0.502908440111966,0.007398814834586736,0.25291689913585086,0.007441852854278578
skin_rich_design,coupled,coupled_accepted,nu1,98,1.2128784102905397,0.033710119128578936,1.85,-0.6371215897094604,0.033710119128578936,0.7184372045246679,0.02636244421476894,0.5161520168452195,0.0378795214521922
skin_rich_design,coupled,coupled_accepted,theta,98,0.19886706323718928,0.008827435872450324,0.3,-0.10113293676281067,0.008827435872450324,0.13336589681866304,0.00838320210544956,0.017786462434246274,0.0022360665340107693
skin_rich_design,coupled,coupled_accepted,cumulative_relative_0,98,1.2250233084782711,0.010379072759709966,1.0,0.22502330847827123,0.010379072759709965,0.2471534524128451,0.012081046164409486,0.061084829039588485,0.005971744536585529
skin_rich_design,coupled,coupled_accepted,baseline_relative_ISE_0,98,0.07042531415060807,0.0061301360054596445,,,,,,,
skin_rich_design,coupled,coupled_accepted,cumulative_relative_1,98,1.205988702230004,0.023766645544273917,1.0,0.20598870223000404,0.023766645544273917,0.31180463301214,0.020782917740099553,0.09722212916783532,0.012960420077746471
skin_rich_design,coupled,coupled_accepted,baseline_relative_ISE_1,98,0.11011755907778631,0.01363378916709218,,,,,,,
skin_rich_design,coupled,coupled_accepted,prediction_mse,98,0.9767233453669502,0.004492741178565875,,,,,,,
skin_rich_design,coupled,coupled_accepted,negative_prediction_fraction,98,0.0,0.0,,,,,,,
skin_censor_uniform,initial,certified_initial,treatment_0,100,0.12193511429670019,0.0072176406067235785,0.125,-0.0030648857032997746,0.0072176406067235785,0.07187998873976663,0.006099904057426954,0.005166732781228978,0.0008769220699230125
skin_censor_uniform,initial,certified_initial,age10_0,100,-0.05684493611616615,0.003061488902016965,-0.05,-0.006844936116166151,0.003061488902016965,0.03122101641289929,0.0022686455985554536,0.0009747518658545268,0.00014165884293510308
skin_censor_uniform,initial,certified_initial,treatment_1,100,0.25596906450120266,0.010167611371958915,0.246,0.009969064501202631,0.010167611371958915,0.10165645098633323,0.008458945252964091,0.010334034027136771,0.0017198127070080407
skin_censor_uniform,initial,certified_initial,age10_1,100,0.15223970509728696,0.0056064705698992395,0.156,-0.003760294902713027,0.0056064705698992395,0.05591027213865851,0.004305635694796682,0.0031259585306188543,0.00048145852685200905
skin_censor_uniform,initial,certified_initial,sigma0,100,0.00042872266517519713,0.0002506221101038525,0.002,-0.0015712773348248033,0.0002506221101038525,0.0029474133113888156,0.00021111744439311628,8.687245228151984e-06,1.244500731741318e-06
skin_censor_uniform,initial,certified_initial,sigma1,100,3.27963015267022e-05,0.0001561796511811587,0.003,-0.002967203698473298,0.00015617965118115866,0.003349494596069292,0.00012015233386547086,1.1219114049097391e-05,8.04899185975016e-07
skin_censor_uniform,initial,certified_initial,nu0,100,0.37323450203636344,0.0022607340740343103,0.95,-0.5767654979636364,0.0022607340740343107,0.5772039679160549,0.0022413022629577633,0.33316442057803813,0.002587377118956908
skin_censor_uniform,initial,certified_initial,nu1,100,0.2778632336682708,0.002676730624792658,1.85,-1.5721367663317292,0.002676730624792658,1.5723623424163142,0.0026664570573192324,2.4723233358489183,0.008385273329197961
skin_censor_uniform,initial,certified_initial,theta,100,0.028754543589882376,0.0011987778793175756,0.3,-0.27124545641011766,0.0011987778793175756,0.2715075825739001,0.0011919450648428182,0.07371636739512319,0.0006472442462327284
skin_censor_uniform,initial,certified_initial,cumulative_relative_0,100,1.1192530971049832,0.005641247675021336,1.0,0.11925309710498333,0.005641247675021336,0.13180229522619477,0.005951758692048998,0.017371845026893006,0.0015689109124890257
skin_censor_uniform,initial,certified_initial,baseline_relative_ISE_0,100,0.024662769547271916,0.0015736576782178502,,,,,,,
skin_censor_uniform,initial,certified_initial,cumulative_relative_1,100,1.187251521001646,0.010190600446433398,1.0,0.1872515210016465,0.010190600446433398,0.21294158242545314,0.010328182224600874,0.04534411752585605,0.004398598932969894
skin_censor_uniform,initial,certified_initial,baseline_relative_ISE_1,100,0.06028661584325288,0.004552602988181172,,,,,,,
skin_censor_uniform,initial,certified_initial,prediction_mse,100,0.9251337215989577,0.003139123416412739,,,,,,,
skin_censor_uniform,initial,certified_initial,negative_prediction_fraction,100,0.0,0.0,,,,,,,
skin_censor_uniform,projected_initial,certified_initial,treatment_0,100,0.12193511429670019,0.0072176406067235785,0.125,-0.0030648857032997746,0.0072176406067235785,0.07187998873976663,0.006099904057426954,0.005166732781228978,0.0008769220699230125
skin_censor_uniform,projected_initial,certified_initial,age10_0,100,-0.05684493611616615,0.003061488902016965,-0.05,-0.006844936116166151,0.003061488902016965,0.03122101641289929,0.0022686455985554536,0.0009747518658545268,0.00014165884293510308
skin_censor_uniform,projected_initial,certified_initial,treatment_1,100,0.25596906450120266,0.010167611371958915,0.246,0.009969064501202631,0.010167611371958915,0.10165645098633323,0.008458945252964091,0.010334034027136771,0.0017198127070080407
skin_censor_uniform,projected_initial,certified_initial,age10_1,100,0.15223970509728696,0.0056064705698992395,0.156,-0.003760294902713027,0.0056064705698992395,0.05591027213865851,0.004305635694796682,0.0031259585306188543,0.00048145852685200905
skin_censor_uniform,projected_initial,certified_initial,sigma0,100,0.00110250165096019,0.00019940632368664924,0.002,-0.00089749834903981,0.00019940632368664922,0.002177619938654455,0.0002568789693020339,4.742028597225432e-06,1.1187695307462295e-06
skin_censor_uniform,projected_initial,certified_initial,sigma1,100,0.0006280566112609238,0.00010671606070171045,0.003,-0.002371943388739076,0.00010671606070171045,0.0025987610284403675,5.968357871204743e-05,6.753558882940436e-06,3.10206716789444e-07
skin_censor_uniform,projected_initial,certified_initial,nu0,100,0.37323450203636344,0.00226073407403431,0.95,-0.5767654979636365,0.0022607340740343107,0.5772039679160549,0.002241302262957763,0.33316442057803813,0.0025873771189569073
skin_censor_uniform,projected_initial,certified_initial,nu1,100,0.2778632336682708,0.002676730624792658,1.85,-1.5721367663317296,0.0026767306247926594,1.5723623424163142,0.002666457057319233,2.4723233358489183,0.008385273329197963
skin_censor_uniform,projected_initial,certified_initial,theta,100,0.028754543589882373,0.001198777879317575,0.3,-0.27124545641011766,0.0011987778793175752,0.2715075825739001,0.0011919450648428178,0.07371636739512319,0.0006472442462327282
skin_censor_uniform,projected_initial,certified_initial,cumulative_relative_0,100,1.1192530971049832,0.005641247675021336,1.0,0.11925309710498333,0.005641247675021336,0.13180229522619477,0.005951758692048998,0.017371845026893006,0.0015689109124890257
skin_censor_uniform,projected_initial,certified_initial,baseline_relative_ISE_0,100,0.024662769547271916,0.0015736576782178502,,,,,,,
skin_censor_uniform,projected_initial,certified_initial,cumulative_relative_1,100,1.187251521001646,0.010190600446433398,1.0,0.1872515210016465,0.010190600446433398,0.21294158242545314,0.010328182224600874,0.04534411752585605,0.004398598932969894
skin_censor_uniform,projected_initial,certified_initial,baseline_relative_ISE_1,100,0.06028661584325288,0.004552602988181172,,,,,,,
skin_censor_uniform,projected_initial,certified_initial,prediction_mse,100,0.9251337215989577,0.003139123416412739,,,,,,,
skin_censor_uniform,projected_initial,certified_initial,negative_prediction_fraction,100,0.0,0.0,,,,,,,
skin_censor_uniform,fallback,certified_initial,treatment_0,100,0.12145226703681374,0.007030503937557423,0.125,-0.0035477329631862665,0.007030503937557423,0.0700425369697808,0.0059531346109179305,0.00490595698516311,0.0008339453021426015
skin_censor_uniform,fallback,certified_initial,age10_0,100,-0.05898011460289991,0.0029639202286490377,-0.05,-0.008980114602899911,0.0029639202286490377,0.030827584195634233,0.002238043416042339,0.0009503399473389175,0.00013798694368306012
skin_censor_uniform,fallback,certified_initial,treatment_1,100,0.2536712835453997,0.010162462252415707,0.246,0.007671283545399667,0.010162462252415709,0.10140580286837415,0.008275715738198465,0.01028313685537956,0.0016784111974849102
skin_censor_uniform,fallback,certified_initial,age10_1,100,0.15258328667954296,0.005580104868818542,0.156,-0.003416713320457044,0.005580104868818542,0.055626373189957445,0.004210122395050126,0.0030942933942684162,0.0004683876790449115
skin_censor_uniform,fallback,certified_initial,sigma0,100,0.002719725299666649,0.0004485493798093064,0.002,0.000719725299666649,0.0004485493798093064,0.004520670588926412,0.0007145973336781915,2.0436462573584277e-05,6.460918298568467e-06
skin_censor_uniform,fallback,certified_initial,sigma1,100,0.005904235016884322,0.0011275885961529975,0.003,0.002904235016884321,0.0011275885961529975,0.011589164301559951,0.0017024351274778056,0.00013430872920855156,3.94596008101749e-05
skin_censor_uniform,fallback,certified_initial,nu0,100,0.5293024267935071,0.009982430728942313,0.95,-0.4206975732064928,0.009982430728942313,0.43226345150196005,0.009269007467375953,0.18685169150438738,0.008013306319690742
skin_censor_uniform,fallback,certified_initial,nu1,100,1.311114543749265,0.03042900474284192,1.85,-0.5388854562507348,0.03042900474284192,0.6181132934931204,0.02440798310540352,0.3820640435929124,0.03017379764961082
skin_censor_uniform,fallback,certified_initial,theta,100,0.20626515699495226,0.008468094943781725,0.3,-0.09373484300504772,0.008468094943781727,0.12603719831420487,0.006769882681700181,0.015885375358894206,0.0017065140922346937
skin_censor_uniform,fallback,certified_initial,cumulative_relative_0,100,1.1685793064779728,0.006223572362605234,1.0,0.16857930647797267,0.006223572362605235,0.17959269198633895,0.006585083363049004,0.03225353501490001,0.00236526569624885
skin_censor_uniform,fallback,certified_initial,baseline_relative_ISE_0,100,0.040952952184081924,0.0023840864114098017,,,,,,,
skin_censor_uniform,fallback,certified_initial,cumulative_relative_1,100,1.1592927428895201,0.010292818294110974,1.0,0.1592927428895201,0.010292818294110974,0.1893738278442661,0.010325149119524767,0.03586244667238973,0.003910626023654518
skin_censor_uniform,fallback,certified_initial,baseline_relative_ISE_1,100,0.04900558766133614,0.004077217791679483,,,,,,,
skin_censor_uniform,fallback,certified_initial,prediction_mse,100,0.9280712078128676,0.004576132553224347,,,,,,,
skin_censor_uniform,fallback,certified_initial,negative_prediction_fraction,100,0.0,0.0,,,,,,,
skin_censor_uniform,initial,coupled_accepted,treatment_0,100,0.12193511429670019,0.0072176406067235785,0.125,-0.0030648857032997746,0.0072176406067235785,0.07187998873976663,0.006099904057426954,0.005166732781228978,0.0008769220699230125
skin_censor_uniform,initial,coupled_accepted,age10_0,100,-0.05684493611616615,0.003061488902016965,-0.05,-0.006844936116166151,0.003061488902016965,0.03122101641289929,0.0022686455985554536,0.0009747518658545268,0.00014165884293510308
skin_censor_uniform,initial,coupled_accepted,treatment_1,100,0.25596906450120266,0.010167611371958915,0.246,0.009969064501202631,0.010167611371958915,0.10165645098633323,0.008458945252964091,0.010334034027136771,0.0017198127070080407
skin_censor_uniform,initial,coupled_accepted,age10_1,100,0.15223970509728696,0.0056064705698992395,0.156,-0.003760294902713027,0.0056064705698992395,0.05591027213865851,0.004305635694796682,0.0031259585306188543,0.00048145852685200905
skin_censor_uniform,initial,coupled_accepted,sigma0,100,0.00042872266517519713,0.0002506221101038525,0.002,-0.0015712773348248033,0.0002506221101038525,0.0029474133113888156,0.00021111744439311628,8.687245228151984e-06,1.244500731741318e-06
skin_censor_uniform,initial,coupled_accepted,sigma1,100,3.27963015267022e-05,0.0001561796511811587,0.003,-0.002967203698473298,0.00015617965118115866,0.003349494596069292,0.00012015233386547086,1.1219114049097391e-05,8.04899185975016e-07
skin_censor_uniform,initial,coupled_accepted,nu0,100,0.37323450203636344,0.0022607340740343103,0.95,-0.5767654979636364,0.0022607340740343107,0.5772039679160549,0.0022413022629577633,0.33316442057803813,0.002587377118956908
skin_censor_uniform,initial,coupled_accepted,nu1,100,0.2778632336682708,0.002676730624792658,1.85,-1.5721367663317292,0.002676730624792658,1.5723623424163142,0.0026664570573192324,2.4723233358489183,0.008385273329197961
skin_censor_uniform,initial,coupled_accepted,theta,100,0.028754543589882376,0.0011987778793175756,0.3,-0.27124545641011766,0.0011987778793175756,0.2715075825739001,0.0011919450648428182,0.07371636739512319,0.0006472442462327284
skin_censor_uniform,initial,coupled_accepted,cumulative_relative_0,100,1.1192530971049832,0.005641247675021336,1.0,0.11925309710498333,0.005641247675021336,0.13180229522619477,0.005951758692048998,0.017371845026893006,0.0015689109124890257
skin_censor_uniform,initial,coupled_accepted,baseline_relative_ISE_0,100,0.024662769547271916,0.0015736576782178502,,,,,,,
skin_censor_uniform,initial,coupled_accepted,cumulative_relative_1,100,1.187251521001646,0.010190600446433398,1.0,0.1872515210016465,0.010190600446433398,0.21294158242545314,0.010328182224600874,0.04534411752585605,0.004398598932969894
skin_censor_uniform,initial,coupled_accepted,baseline_relative_ISE_1,100,0.06028661584325288,0.004552602988181172,,,,,,,
skin_censor_uniform,initial,coupled_accepted,prediction_mse,100,0.9251337215989577,0.003139123416412739,,,,,,,
skin_censor_uniform,initial,coupled_accepted,negative_prediction_fraction,100,0.0,0.0,,,,,,,
skin_censor_uniform,projected_initial,coupled_accepted,treatment_0,100,0.12193511429670019,0.0072176406067235785,0.125,-0.0030648857032997746,0.0072176406067235785,0.07187998873976663,0.006099904057426954,0.005166732781228978,0.0008769220699230125
skin_censor_uniform,projected_initial,coupled_accepted,age10_0,100,-0.05684493611616615,0.003061488902016965,-0.05,-0.006844936116166151,0.003061488902016965,0.03122101641289929,0.0022686455985554536,0.0009747518658545268,0.00014165884293510308
skin_censor_uniform,projected_initial,coupled_accepted,treatment_1,100,0.25596906450120266,0.010167611371958915,0.246,0.009969064501202631,0.010167611371958915,0.10165645098633323,0.008458945252964091,0.010334034027136771,0.0017198127070080407
skin_censor_uniform,projected_initial,coupled_accepted,age10_1,100,0.15223970509728696,0.0056064705698992395,0.156,-0.003760294902713027,0.0056064705698992395,0.05591027213865851,0.004305635694796682,0.0031259585306188543,0.00048145852685200905
skin_censor_uniform,projected_initial,coupled_accepted,sigma0,100,0.00110250165096019,0.00019940632368664924,0.002,-0.00089749834903981,0.00019940632368664922,0.002177619938654455,0.0002568789693020339,4.742028597225432e-06,1.1187695307462295e-06
skin_censor_uniform,projected_initial,coupled_accepted,sigma1,100,0.0006280566112609238,0.00010671606070171045,0.003,-0.002371943388739076,0.00010671606070171045,0.0025987610284403675,5.968357871204743e-05,6.753558882940436e-06,3.10206716789444e-07
skin_censor_uniform,projected_initial,coupled_accepted,nu0,100,0.37323450203636344,0.00226073407403431,0.95,-0.5767654979636365,0.0022607340740343107,0.5772039679160549,0.002241302262957763,0.33316442057803813,0.0025873771189569073
skin_censor_uniform,projected_initial,coupled_accepted,nu1,100,0.2778632336682708,0.002676730624792658,1.85,-1.5721367663317296,0.0026767306247926594,1.5723623424163142,0.002666457057319233,2.4723233358489183,0.008385273329197963
skin_censor_uniform,projected_initial,coupled_accepted,theta,100,0.028754543589882373,0.001198777879317575,0.3,-0.27124545641011766,0.0011987778793175752,0.2715075825739001,0.0011919450648428178,0.07371636739512319,0.0006472442462327282
skin_censor_uniform,projected_initial,coupled_accepted,cumulative_relative_0,100,1.1192530971049832,0.005641247675021336,1.0,0.11925309710498333,0.005641247675021336,0.13180229522619477,0.005951758692048998,0.017371845026893006,0.0015689109124890257
skin_censor_uniform,projected_initial,coupled_accepted,baseline_relative_ISE_0,100,0.024662769547271916,0.0015736576782178502,,,,,,,
skin_censor_uniform,projected_initial,coupled_accepted,cumulative_relative_1,100,1.187251521001646,0.010190600446433398,1.0,0.1872515210016465,0.010190600446433398,0.21294158242545314,0.010328182224600874,0.04534411752585605,0.004398598932969894
skin_censor_uniform,projected_initial,coupled_accepted,baseline_relative_ISE_1,100,0.06028661584325288,0.004552602988181172,,,,,,,
skin_censor_uniform,projected_initial,coupled_accepted,prediction_mse,100,0.9251337215989577,0.003139123416412739,,,,,,,
skin_censor_uniform,projected_initial,coupled_accepted,negative_prediction_fraction,100,0.0,0.0,,,,,,,
skin_censor_uniform,coupled,coupled_accepted,treatment_0,100,0.12145226703681374,0.007030503937557423,0.125,-0.0035477329631862665,0.007030503937557423,0.0700425369697808,0.0059531346109179305,0.00490595698516311,0.0008339453021426015
skin_censor_uniform,coupled,coupled_accepted,age10_0,100,-0.05898011460289991,0.0029639202286490377,-0.05,-0.008980114602899911,0.0029639202286490377,0.030827584195634233,0.002238043416042339,0.0009503399473389175,0.00013798694368306012
skin_censor_uniform,coupled,coupled_accepted,treatment_1,100,0.2536712835453997,0.010162462252415707,0.246,0.007671283545399667,0.010162462252415709,0.10140580286837415,0.008275715738198465,0.01028313685537956,0.0016784111974849102
skin_censor_uniform,coupled,coupled_accepted,age10_1,100,0.15258328667954296,0.005580104868818542,0.156,-0.003416713320457044,0.005580104868818542,0.055626373189957445,0.004210122395050126,0.0030942933942684162,0.0004683876790449115
skin_censor_uniform,coupled,coupled_accepted,sigma0,100,0.002719725299666649,0.0004485493798093064,0.002,0.000719725299666649,0.0004485493798093064,0.004520670588926412,0.0007145973336781915,2.0436462573584277e-05,6.460918298568467e-06
skin_censor_uniform,coupled,coupled_accepted,sigma1,100,0.005904235016884322,0.0011275885961529975,0.003,0.002904235016884321,0.0011275885961529975,0.011589164301559951,0.0017024351274778056,0.00013430872920855156,3.94596008101749e-05
skin_censor_uniform,coupled,coupled_accepted,nu0,100,0.5293024267935071,0.009982430728942313,0.95,-0.4206975732064928,0.009982430728942313,0.43226345150196005,0.009269007467375953,0.18685169150438738,0.008013306319690742
skin_censor_uniform,coupled,coupled_accepted,nu1,100,1.311114543749265,0.03042900474284192,1.85,-0.5388854562507348,0.03042900474284192,0.6181132934931204,0.02440798310540352,0.3820640435929124,0.03017379764961082
skin_censor_uniform,coupled,coupled_accepted,theta,100,0.20626515699495226,0.008468094943781725,0.3,-0.09373484300504772,0.008468094943781727,0.12603719831420487,0.006769882681700181,0.015885375358894206,0.0017065140922346937
skin_censor_uniform,coupled,coupled_accepted,cumulative_relative_0,100,1.1685793064779728,0.006223572362605234,1.0,0.16857930647797267,0.006223572362605235,0.17959269198633895,0.006585083363049004,0.03225353501490001,0.00236526569624885
skin_censor_uniform,coupled,coupled_accepted,baseline_relative_ISE_0,100,0.040952952184081924,0.0023840864114098017,,,,,,,
skin_censor_uniform,coupled,coupled_accepted,cumulative_relative_1,100,1.1592927428895201,0.010292818294110974,1.0,0.1592927428895201,0.010292818294110974,0.1893738278442661,0.010325149119524767,0.03586244667238973,0.003910626023654518
skin_censor_uniform,coupled,coupled_accepted,baseline_relative_ISE_1,100,0.04900558766133614,0.004077217791679483,,,,,,,
skin_censor_uniform,coupled,coupled_accepted,prediction_mse,100,0.9280712078128676,0.004576132553224347,,,,,,,
skin_censor_uniform,coupled,coupled_accepted,negative_prediction_fraction,100,0.0,0.0,,,,,,,
skin_censor_adaptive,initial,certified_initial,treatment_0,100,0.13285558776919795,0.007884792837682246,0.125,0.007855587769197954,0.007884792837682246,0.07884501322482566,0.005521937941832811,0.006216536110422933,0.0008707545401009492
skin_censor_adaptive,initial,certified_initial,age10_0,100,-0.06057896931979182,0.0035558535194861866,-0.05,-0.010578969319791819,0.0035558535194861866,0.03692803708324184,0.0023884367722881022,0.0013636799228212845,0.00017640056339606697
skin_censor_adaptive,initial,certified_initial,treatment_1,100,0.26522380416962127,0.009997797750283123,0.246,0.01922380416962126,0.009997797750283125,0.10131729700526465,0.00745465811301301,0.01026519467245301,0.0015105716202176898
skin_censor_adaptive,initial,certified_initial,age10_1,100,0.15807659411478206,0.004804031698372591,0.156,0.00207659411478205,0.00480403169837259,0.04784459821605195,0.003723850154112253,0.0022891055784554416,0.0003563322288805677
skin_censor_adaptive,initial,certified_initial,sigma0,100,-0.00018858648936838376,0.00018601950309688828,0.002,-0.0021885864893683837,0.00018601950309688828,0.0028662925738931013,0.00011090507081401266,8.215633119154739e-06,6.357727617625861e-07
skin_censor_adaptive,initial,certified_initial,sigma1,100,2.0948023449856613e-05,0.00016083875031323551,0.003,-0.002979051976550143,0.00016083875031323551,0.0033816847776836512,0.00011567830945802014,1.1435791935617325e-05,7.823751564047309e-07
skin_censor_adaptive,initial,certified_initial,nu0,100,0.381372099706562,0.0023775668326090553,0.95,-0.5686279002934378,0.002377566832609055,0.5691197752428153,0.0023651862359206563,0.32389731857243265,0.0026921485179891287
skin_censor_adaptive,initial,certified_initial,nu1,100,0.2803839420799275,0.002687024877795056,1.85,-1.5696160579200724,0.002687024877795056,1.5698437372704468,0.0026791208481966393,2.4644093594472434,0.008411602169864363
skin_censor_adaptive,initial,certified_initial,theta,100,0.0226630353715169,0.0011992208325458582,0.3,-0.27733696462848306,0.0011992208325458582,0.2775935281652951,0.001192999141942037,0.07705816687925647,0.0006623376818197194
skin_censor_adaptive,initial,certified_initial,cumulative_relative_0,100,1.0920937406739795,0.0055132249975920495,1.0,0.09209374067397952,0.0055132249975920495,0.10719340655497193,0.0048320632360654555,0.011490426408859502,0.0010359306379257953
skin_censor_adaptive,initial,certified_initial,baseline_relative_ISE_0,100,0.018590753716800384,0.0010636579126998157,,,,,,,
skin_censor_adaptive,initial,certified_initial,cumulative_relative_1,100,1.2022451507529228,0.009003424039583352,1.0,0.20224515075292268,0.009003424039583352,0.2211972056837306,0.00815692110915009,0.048928203802290626,0.0036085763126532727
skin_censor_adaptive,initial,certified_initial,baseline_relative_ISE_1,100,0.06304168864533913,0.003724875874534625,,,,,,,
skin_censor_adaptive,initial,certified_initial,prediction_mse,100,0.9273291986483843,0.002782086652591575,,,,,,,
skin_censor_adaptive,initial,certified_initial,negative_prediction_fraction,100,0.0,0.0,,,,,,,
skin_censor_adaptive,projected_initial,certified_initial,treatment_0,100,0.13285558776919795,0.007884792837682246,0.125,0.007855587769197954,0.007884792837682246,0.07884501322482566,0.005521937941832811,0.006216536110422933,0.0008707545401009492
skin_censor_adaptive,projected_initial,certified_initial,age10_0,100,-0.06057896931979182,0.0035558535194861866,-0.05,-0.010578969319791819,0.0035558535194861866,0.03692803708324184,0.0023884367722881022,0.0013636799228212845,0.00017640056339606697
skin_censor_adaptive,projected_initial,certified_initial,treatment_1,100,0.26522380416962127,0.009997797750283123,0.246,0.01922380416962126,0.009997797750283125,0.10131729700526465,0.00745465811301301,0.01026519467245301,0.0015105716202176898
skin_censor_adaptive,projected_initial,certified_initial,age10_1,100,0.15807659411478206,0.004804031698372591,0.156,0.00207659411478205,0.00480403169837259,0.04784459821605195,0.003723850154112253,0.0022891055784554416,0.0003563322288805677
skin_censor_adaptive,projected_initial,certified_initial,sigma0,100,0.0006682850431407626,0.00012394224199094333,0.002,-0.0013317149568592374,0.00012394224199094333,0.0018150126671588312,4.735146059878612e-05,3.294270981947014e-06,1.718870015905382e-07
skin_censor_adaptive,projected_initial,certified_initial,sigma1,100,0.0006112139154575643,0.00011383178756970726,0.003,-0.0023887860845424355,0.00011383178756970726,0.0026436922793649344,5.261654755403494e-05,6.989108867973762e-06,2.782039210708802e-07
skin_censor_adaptive,projected_initial,certified_initial,nu0,100,0.381372099706562,0.0023775668326090553,0.95,-0.5686279002934378,0.002377566832609055,0.5691197752428153,0.0023651862359206563,0.32389731857243265,0.0026921485179891287
skin_censor_adaptive,projected_initial,certified_initial,nu1,100,0.2803839420799275,0.002687024877795056,1.85,-1.5696160579200724,0.002687024877795056,1.5698437372704468,0.0026791208481966393,2.4644093594472434,0.008411602169864363
skin_censor_adaptive,projected_initial,certified_initial,theta,100,0.0226630353715169,0.001199220832545858,0.3,-0.27733696462848306,0.001199220832545858,0.2775935281652951,0.0011929991419420368,0.07705816687925647,0.0006623376818197193
skin_censor_adaptive,projected_initial,certified_initial,cumulative_relative_0,100,1.0920937406739795,0.0055132249975920495,1.0,0.09209374067397952,0.0055132249975920495,0.10719340655497193,0.0048320632360654555,0.011490426408859502,0.0010359306379257953
skin_censor_adaptive,projected_initial,certified_initial,baseline_relative_ISE_0,100,0.018590753716800384,0.0010636579126998157,,,,,,,
skin_censor_adaptive,projected_initial,certified_initial,cumulative_relative_1,100,1.2022451507529228,0.009003424039583352,1.0,0.20224515075292268,0.009003424039583352,0.2211972056837306,0.00815692110915009,0.048928203802290626,0.0036085763126532727
skin_censor_adaptive,projected_initial,certified_initial,baseline_relative_ISE_1,100,0.06304168864533913,0.003724875874534625,,,,,,,
skin_censor_adaptive,projected_initial,certified_initial,prediction_mse,100,0.9273291986483843,0.002782086652591575,,,,,,,
skin_censor_adaptive,projected_initial,certified_initial,negative_prediction_fraction,100,0.0,0.0,,,,,,,
skin_censor_adaptive,fallback,certified_initial,treatment_0,100,0.13279408059910586,0.007787399057684529,0.125,0.0077940805991058605,0.007787399057684529,0.07787465901475475,0.005419522080471857,0.006064462516664324,0.0008440868680793603
skin_censor_adaptive,fallback,certified_initial,age10_0,100,-0.06182912942968712,0.003488659637960412,-0.05,-0.011829129429687111,0.003488659637960412,0.03667195336968244,0.0024203458445627673,0.001344832163948163,0.00017751761990062094
skin_censor_adaptive,fallback,certified_initial,treatment_1,100,0.2642962914877143,0.009928951871864707,0.246,0.018296291487714278,0.009928951871864707,0.10047178073623542,0.007372508064429933,0.010094578724310166,0.001481458027451063
skin_censor_adaptive,fallback,certified_initial,age10_1,100,0.15826499819965262,0.004837429064661326,0.156,0.0022649981996526276,0.004837429064661326,0.04818507541191375,0.003852392722706158,0.0023218014924518146,0.0003712556677198079
skin_censor_adaptive,fallback,certified_initial,sigma0,100,0.0023722830510832333,0.0003488912723121849,0.002,0.00037228305108323313,0.0003488912723121849,0.0034913294802681894,0.00031932355921750156,1.2189381539789745e-05,2.229727512080456e-06
skin_censor_adaptive,fallback,certified_initial,sigma1,100,0.004067665656387275,0.0008590831767636432,0.003,0.001067665656387275,0.0008590831767636432,0.00861419041518481,0.0018361990052466232,7.420427650906183e-05,3.163473574273468e-05
skin_censor_adaptive,fallback,certified_initial,nu0,100,0.6285247610666422,0.011199468250644065,0.95,-0.3214752389333577,0.011199468250644063,0.34024066492393396,0.010511458858205175,0.11576371006788069,0.007152851502472609
skin_censor_adaptive,fallback,certified_initial,nu1,100,1.2217578811631888,0.028681354147947154,1.85,-0.6282421188368112,0.028681354147947154,0.6900199615814043,0.02381366041025654,0.4761275473808027,0.03286380208279566
skin_censor_adaptive,fallback,certified_initial,theta,100,0.177370547776379,0.009131553027712376,0.3,-0.12262945222362097,0.009131553027712378,0.15262084838500842,0.007707289405069224,0.023293123361759725,0.0023525860955009035
skin_censor_adaptive,fallback,certified_initial,cumulative_relative_0,100,1.123127249357854,0.005662941672814898,1.0,0.12312724935785402,0.005662941672814898,0.13540731688137028,0.0053369797007719105,0.018335141465011827,0.0014453322030637257
skin_censor_adaptive,fallback,certified_initial,baseline_relative_ISE_0,100,0.025622880511238177,0.0015228286267367015,,,,,,,
skin_censor_adaptive,fallback,certified_initial,cumulative_relative_1,100,1.1815690004394659,0.009184360821333665,1.0,0.18156900043946628,0.009184360821333665,0.20326878217408426,0.0081130565872352,0.04131819780653532,0.0032982622643934626
skin_censor_adaptive,fallback,certified_initial,baseline_relative_ISE_1,100,0.054312362065062195,0.0034722104343205495,,,,,,,
skin_censor_adaptive,fallback,certified_initial,prediction_mse,100,0.9218321428044911,0.0037759080025960685,,,,,,,
skin_censor_adaptive,fallback,certified_initial,negative_prediction_fraction,100,0.0,0.0,,,,,,,
skin_censor_adaptive,initial,coupled_accepted,treatment_0,100,0.13285558776919795,0.007884792837682246,0.125,0.007855587769197954,0.007884792837682246,0.07884501322482566,0.005521937941832811,0.006216536110422933,0.0008707545401009492
skin_censor_adaptive,initial,coupled_accepted,age10_0,100,-0.06057896931979182,0.0035558535194861866,-0.05,-0.010578969319791819,0.0035558535194861866,0.03692803708324184,0.0023884367722881022,0.0013636799228212845,0.00017640056339606697
skin_censor_adaptive,initial,coupled_accepted,treatment_1,100,0.26522380416962127,0.009997797750283123,0.246,0.01922380416962126,0.009997797750283125,0.10131729700526465,0.00745465811301301,0.01026519467245301,0.0015105716202176898
skin_censor_adaptive,initial,coupled_accepted,age10_1,100,0.15807659411478206,0.004804031698372591,0.156,0.00207659411478205,0.00480403169837259,0.04784459821605195,0.003723850154112253,0.0022891055784554416,0.0003563322288805677
skin_censor_adaptive,initial,coupled_accepted,sigma0,100,-0.00018858648936838376,0.00018601950309688828,0.002,-0.0021885864893683837,0.00018601950309688828,0.0028662925738931013,0.00011090507081401266,8.215633119154739e-06,6.357727617625861e-07
skin_censor_adaptive,initial,coupled_accepted,sigma1,100,2.0948023449856613e-05,0.00016083875031323551,0.003,-0.002979051976550143,0.00016083875031323551,0.0033816847776836512,0.00011567830945802014,1.1435791935617325e-05,7.823751564047309e-07
skin_censor_adaptive,initial,coupled_accepted,nu0,100,0.381372099706562,0.0023775668326090553,0.95,-0.5686279002934378,0.002377566832609055,0.5691197752428153,0.0023651862359206563,0.32389731857243265,0.0026921485179891287
skin_censor_adaptive,initial,coupled_accepted,nu1,100,0.2803839420799275,0.002687024877795056,1.85,-1.5696160579200724,0.002687024877795056,1.5698437372704468,0.0026791208481966393,2.4644093594472434,0.008411602169864363
skin_censor_adaptive,initial,coupled_accepted,theta,100,0.0226630353715169,0.0011992208325458582,0.3,-0.27733696462848306,0.0011992208325458582,0.2775935281652951,0.001192999141942037,0.07705816687925647,0.0006623376818197194
skin_censor_adaptive,initial,coupled_accepted,cumulative_relative_0,100,1.0920937406739795,0.0055132249975920495,1.0,0.09209374067397952,0.0055132249975920495,0.10719340655497193,0.0048320632360654555,0.011490426408859502,0.0010359306379257953
skin_censor_adaptive,initial,coupled_accepted,baseline_relative_ISE_0,100,0.018590753716800384,0.0010636579126998157,,,,,,,
skin_censor_adaptive,initial,coupled_accepted,cumulative_relative_1,100,1.2022451507529228,0.009003424039583352,1.0,0.20224515075292268,0.009003424039583352,0.2211972056837306,0.00815692110915009,0.048928203802290626,0.0036085763126532727
skin_censor_adaptive,initial,coupled_accepted,baseline_relative_ISE_1,100,0.06304168864533913,0.003724875874534625,,,,,,,
skin_censor_adaptive,initial,coupled_accepted,prediction_mse,100,0.9273291986483843,0.002782086652591575,,,,,,,
skin_censor_adaptive,initial,coupled_accepted,negative_prediction_fraction,100,0.0,0.0,,,,,,,
skin_censor_adaptive,projected_initial,coupled_accepted,treatment_0,100,0.13285558776919795,0.007884792837682246,0.125,0.007855587769197954,0.007884792837682246,0.07884501322482566,0.005521937941832811,0.006216536110422933,0.0008707545401009492
skin_censor_adaptive,projected_initial,coupled_accepted,age10_0,100,-0.06057896931979182,0.0035558535194861866,-0.05,-0.010578969319791819,0.0035558535194861866,0.03692803708324184,0.0023884367722881022,0.0013636799228212845,0.00017640056339606697
skin_censor_adaptive,projected_initial,coupled_accepted,treatment_1,100,0.26522380416962127,0.009997797750283123,0.246,0.01922380416962126,0.009997797750283125,0.10131729700526465,0.00745465811301301,0.01026519467245301,0.0015105716202176898
skin_censor_adaptive,projected_initial,coupled_accepted,age10_1,100,0.15807659411478206,0.004804031698372591,0.156,0.00207659411478205,0.00480403169837259,0.04784459821605195,0.003723850154112253,0.0022891055784554416,0.0003563322288805677
skin_censor_adaptive,projected_initial,coupled_accepted,sigma0,100,0.0006682850431407626,0.00012394224199094333,0.002,-0.0013317149568592374,0.00012394224199094333,0.0018150126671588312,4.735146059878612e-05,3.294270981947014e-06,1.718870015905382e-07
skin_censor_adaptive,projected_initial,coupled_accepted,sigma1,100,0.0006112139154575643,0.00011383178756970726,0.003,-0.0023887860845424355,0.00011383178756970726,0.0026436922793649344,5.261654755403494e-05,6.989108867973762e-06,2.782039210708802e-07
skin_censor_adaptive,projected_initial,coupled_accepted,nu0,100,0.381372099706562,0.0023775668326090553,0.95,-0.5686279002934378,0.002377566832609055,0.5691197752428153,0.0023651862359206563,0.32389731857243265,0.0026921485179891287
skin_censor_adaptive,projected_initial,coupled_accepted,nu1,100,0.2803839420799275,0.002687024877795056,1.85,-1.5696160579200724,0.002687024877795056,1.5698437372704468,0.0026791208481966393,2.4644093594472434,0.008411602169864363
skin_censor_adaptive,projected_initial,coupled_accepted,theta,100,0.0226630353715169,0.001199220832545858,0.3,-0.27733696462848306,0.001199220832545858,0.2775935281652951,0.0011929991419420368,0.07705816687925647,0.0006623376818197193
skin_censor_adaptive,projected_initial,coupled_accepted,cumulative_relative_0,100,1.0920937406739795,0.0055132249975920495,1.0,0.09209374067397952,0.0055132249975920495,0.10719340655497193,0.0048320632360654555,0.011490426408859502,0.0010359306379257953
skin_censor_adaptive,projected_initial,coupled_accepted,baseline_relative_ISE_0,100,0.018590753716800384,0.0010636579126998157,,,,,,,
skin_censor_adaptive,projected_initial,coupled_accepted,cumulative_relative_1,100,1.2022451507529228,0.009003424039583352,1.0,0.20224515075292268,0.009003424039583352,0.2211972056837306,0.00815692110915009,0.048928203802290626,0.0036085763126532727
skin_censor_adaptive,projected_initial,coupled_accepted,baseline_relative_ISE_1,100,0.06304168864533913,0.003724875874534625,,,,,,,
skin_censor_adaptive,projected_initial,coupled_accepted,prediction_mse,100,0.9273291986483843,0.002782086652591575,,,,,,,
skin_censor_adaptive,projected_initial,coupled_accepted,negative_prediction_fraction,100,0.0,0.0,,,,,,,
skin_censor_adaptive,coupled,coupled_accepted,treatment_0,100,0.13279408059910586,0.007787399057684529,0.125,0.0077940805991058605,0.007787399057684529,0.07787465901475475,0.005419522080471857,0.006064462516664324,0.0008440868680793603
skin_censor_adaptive,coupled,coupled_accepted,age10_0,100,-0.06182912942968712,0.003488659637960412,-0.05,-0.011829129429687111,0.003488659637960412,0.03667195336968244,0.0024203458445627673,0.001344832163948163,0.00017751761990062094
skin_censor_adaptive,coupled,coupled_accepted,treatment_1,100,0.2642962914877143,0.009928951871864707,0.246,0.018296291487714278,0.009928951871864707,0.10047178073623542,0.007372508064429933,0.010094578724310166,0.001481458027451063
skin_censor_adaptive,coupled,coupled_accepted,age10_1,100,0.15826499819965262,0.004837429064661326,0.156,0.0022649981996526276,0.004837429064661326,0.04818507541191375,0.003852392722706158,0.0023218014924518146,0.0003712556677198079
skin_censor_adaptive,coupled,coupled_accepted,sigma0,100,0.0023722830510832333,0.0003488912723121849,0.002,0.00037228305108323313,0.0003488912723121849,0.0034913294802681894,0.00031932355921750156,1.2189381539789745e-05,2.229727512080456e-06
skin_censor_adaptive,coupled,coupled_accepted,sigma1,100,0.004067665656387275,0.0008590831767636432,0.003,0.001067665656387275,0.0008590831767636432,0.00861419041518481,0.0018361990052466232,7.420427650906183e-05,3.163473574273468e-05
skin_censor_adaptive,coupled,coupled_accepted,nu0,100,0.6285247610666422,0.011199468250644065,0.95,-0.3214752389333577,0.011199468250644063,0.34024066492393396,0.010511458858205175,0.11576371006788069,0.007152851502472609
skin_censor_adaptive,coupled,coupled_accepted,nu1,100,1.2217578811631888,0.028681354147947154,1.85,-0.6282421188368112,0.028681354147947154,0.6900199615814043,0.02381366041025654,0.4761275473808027,0.03286380208279566
skin_censor_adaptive,coupled,coupled_accepted,theta,100,0.177370547776379,0.009131553027712376,0.3,-0.12262945222362097,0.009131553027712378,0.15262084838500842,0.007707289405069224,0.023293123361759725,0.0023525860955009035
skin_censor_adaptive,coupled,coupled_accepted,cumulative_relative_0,100,1.123127249357854,0.005662941672814898,1.0,0.12312724935785402,0.005662941672814898,0.13540731688137028,0.0053369797007719105,0.018335141465011827,0.0014453322030637257
skin_censor_adaptive,coupled,coupled_accepted,baseline_relative_ISE_0,100,0.025622880511238177,0.0015228286267367015,,,,,,,
skin_censor_adaptive,coupled,coupled_accepted,cumulative_relative_1,100,1.1815690004394659,0.009184360821333665,1.0,0.18156900043946628,0.009184360821333665,0.20326878217408426,0.0081130565872352,0.04131819780653532,0.0032982622643934626
skin_censor_adaptive,coupled,coupled_accepted,baseline_relative_ISE_1,100,0.054312362065062195,0.0034722104343205495,,,,,,,
skin_censor_adaptive,coupled,coupled_accepted,prediction_mse,100,0.9218321428044911,0.0037759080025960685,,,,,,,
skin_censor_adaptive,coupled,coupled_accepted,negative_prediction_fraction,100,0.0,0.0,,,,,,,
informative_reference,initial,certified_initial,static_x_0,200,0.2539988974535724,0.002181251027208454,0.25,0.003998897453572389,0.002181251027208454,0.03102909172921562,0.0017164033168585915,0.0009628045335400773,0.00010651687192627036
informative_reference,initial,certified_initial,measured_z_0,200,0.3554561957337627,0.0013674982400915113,0.35,0.005456195733762747,0.0013674982400915113,0.02004770081029627,0.0009757654100982315,0.0004019103077791536,3.9123706005370774e-05
informative_reference,initial,certified_initial,early2_0,200,0.30746249951699356,0.0038715998789876,0.25,0.057462499516993566,0.0038715998789876,0.07927677269990793,0.003168785183850666,0.006284806689712867,0.0005024221255099304
informative_reference,initial,certified_initial,static_x_1,200,-0.20756442376111223,0.0021741452925732275,-0.2,-0.007564423761112231,0.0021741452925732275,0.03158916190290787,0.0014737196094203049,0.0009978751497281262,9.310713468293633e-05
informative_reference,initial,certified_initial,measured_z_1,200,-0.30481393045111177,0.0011204083984576716,-0.3,-0.004813930451111786,0.0011204083984576716,0.01652215504332603,0.000755147895670465,0.00027298160727570384,2.4953341225817628e-05
informative_reference,initial,certified_initial,early2_1,200,-0.15341077621474317,0.004171747400230938,-0.2,0.046589223785256824,0.004171747400230938,0.07505896062968181,0.003231984950748859,0.005633847570808124,0.0004851788623479654
informative_reference,initial,certified_initial,sigma0,200,0.03660384832390187,0.0011466392206127283,0.04,-0.003396151676098127,0.0011466392206127283,0.016528017580892444,0.0008416651199700574,0.00027317536515428974,2.7822111800178116e-05
informative_reference,initial,certified_initial,sigma1,200,0.02101538550404361,0.001178050982564066,0.0225,-0.0014846144959563914,0.0011780509825640658,0.016684636633385697,0.0007172708025643346,0.000278377099588116,2.3934805417045715e-05
informative_reference,initial,certified_initial,nu0,200,0.14779915985307965,0.0013761967934803425,0.1,0.04779915985307965,0.0013761967934803425,0.051591174515831596,0.001475535314367402,0.0026616492879229913,0.00015224919981560213
informative_reference,initial,certified_initial,nu1,200,0.17842057058560593,0.001393391869755725,0.14,0.0384205705856059,0.001393391869755725,0.043156771007121175,0.0013090018998872823,0.0018625068837610948,0.000112984590482644
informative_reference,initial,certified_initial,theta,200,0.024408373373524483,0.0010107368969192346,0.025,-0.0005916266264755171,0.0010107368969192346,0.01427046768501809,0.0007482993201807151,0.00020364624794914554,2.13571625347198e-05
informative_reference,initial,certified_initial,cumulative_relative_0,200,1.02365874320002,0.0032530677130704847,1.0,0.023658743200020007,0.0032530677130704847,0.051629871096323665,0.0024542172469355747,0.002665643589422998,0.00025342184020331614
informative_reference,initial,certified_initial,baseline_relative_ISE_0,200,0.010821302853585773,0.00039778185509867497,,,,,,,
informative_reference,initial,certified_initial,cumulative_relative_1,200,1.023599460535878,0.00299834386311117,1.0,0.023599460535877994,0.00299834386311117,0.048435087033619435,0.0025447980959958714,0.0023459576559542897,0.0002465150345250981
informative_reference,initial,certified_initial,baseline_relative_ISE_1,200,0.008917730336742133,0.0003184946684377962,,,,,,,
informative_reference,initial,certified_initial,prediction_mse,200,0.04976352081222199,0.000307346872857316,,,,,,,
informative_reference,initial,certified_initial,negative_prediction_fraction,200,0.0,0.0,,,,,,,
informative_reference,projected_initial,certified_initial,static_x_0,200,0.2539988974535724,0.002181251027208454,0.25,0.003998897453572389,0.002181251027208454,0.03102909172921562,0.0017164033168585915,0.0009628045335400773,0.00010651687192627036
informative_reference,projected_initial,certified_initial,measured_z_0,200,0.3554561957337627,0.0013674982400915113,0.35,0.005456195733762747,0.0013674982400915113,0.02004770081029627,0.0009757654100982315,0.0004019103077791536,3.9123706005370774e-05
informative_reference,projected_initial,certified_initial,early2_0,200,0.30746249951699356,0.0038715998789876,0.25,0.057462499516993566,0.0038715998789876,0.07927677269990793,0.003168785183850666,0.006284806689712867,0.0005024221255099304
informative_reference,projected_initial,certified_initial,static_x_1,200,-0.20756442376111223,0.0021741452925732275,-0.2,-0.007564423761112231,0.0021741452925732275,0.03158916190290787,0.0014737196094203049,0.0009978751497281262,9.310713468293633e-05
informative_reference,projected_initial,certified_initial,measured_z_1,200,-0.30481393045111177,0.0011204083984576716,-0.3,-0.004813930451111786,0.0011204083984576716,0.01652215504332603,0.000755147895670465,0.00027298160727570384,2.4953341225817628e-05
informative_reference,projected_initial,certified_initial,early2_1,200,-0.15341077621474317,0.004171747400230938,-0.2,0.046589223785256824,0.004171747400230938,0.07505896062968181,0.003231984950748859,0.005633847570808124,0.0004851788623479654
informative_reference,projected_initial,certified_initial,sigma0,200,0.03660384832390187,0.0011466392206127283,0.04,-0.003396151676098127,0.0011466392206127283,0.016528017580892444,0.0008416651199700574,0.00027317536515428974,2.7822111800178116e-05
informative_reference,projected_initial,certified_initial,sigma1,200,0.021529927472775063,0.0011191083161490212,0.0225,-0.0009700725272249369,0.0011191083161490212,0.01581674182439551,0.0006453117651022655,0.0002501693219395822,2.0413459169734986e-05
informative_reference,projected_initial,certified_initial,nu0,200,0.14779915985307965,0.0013761967934803425,0.1,0.04779915985307965,0.0013761967934803425,0.051591174515831596,0.0014755353143674015,0.0026616492879229913,0.0001522491998156021
informative_reference,projected_initial,certified_initial,nu1,200,0.17842057058560593,0.001393391869755725,0.14,0.0384205705856059,0.001393391869755725,0.043156771007121175,0.0013090018998872823,0.0018625068837610948,0.000112984590482644
informative_reference,projected_initial,certified_initial,theta,200,0.024408373373524483,0.0010107368969192346,0.025,-0.0005916266264755163,0.0010107368969192346,0.014270467685018088,0.0007482993201807151,0.00020364624794914552,2.1357162534719796e-05
informative_reference,projected_initial,certified_initial,cumulative_relative_0,200,1.02365874320002,0.0032530677130704847,1.0,0.023658743200020007,0.0032530677130704847,0.051629871096323665,0.0024542172469355747,0.002665643589422998,0.00025342184020331614
informative_reference,projected_initial,certified_initial,baseline_relative_ISE_0,200,0.010821302853585773,0.00039778185509867497,,,,,,,
informative_reference,projected_initial,certified_initial,cumulative_relative_1,200,1.023599460535878,0.00299834386311117,1.0,0.023599460535877994,0.00299834386311117,0.048435087033619435,0.0025447980959958714,0.0023459576559542897,0.0002465150345250981
informative_reference,projected_initial,certified_initial,baseline_relative_ISE_1,200,0.008917730336742133,0.0003184946684377962,,,,,,,
informative_reference,projected_initial,certified_initial,prediction_mse,200,0.04976352081222199,0.000307346872857316,,,,,,,
informative_reference,projected_initial,certified_initial,negative_prediction_fraction,200,0.0,0.0,,,,,,,
informative_reference,fallback,certified_initial,static_x_0,200,0.2421309576790732,0.0020237463146833175,0.25,-0.007869042320926814,0.0020237463146833175,0.029613107016002307,0.001284786597233044,0.000876936107141205,7.609304599317517e-05
informative_reference,fallback,certified_initial,measured_z_0,200,0.3432341118885983,0.0013081290349744163,0.35,-0.0067658881114017085,0.0013081290349744163,0.01965467768223339,0.00091493600628571,0.00038630635479248337,3.5965544606830985e-05
informative_reference,fallback,certified_initial,early2_0,200,0.22913319467647336,0.0037479514790799856,0.25,-0.020866805323526628,0.0037479514790799856,0.05684016609782199,0.002925387582488864,0.003230804482027992,0.00033255903217834594
informative_reference,fallback,certified_initial,static_x_1,200,-0.19715079041309863,0.002054362790455966,-0.2,0.0028492095869013683,0.002054362790455966,0.029120076987488985,0.0014545349053951295,0.0008479788837572854,8.471233685219235e-05
informative_reference,fallback,certified_initial,measured_z_1,200,-0.2969836422096372,0.0010611135929596113,-0.3,0.0030163577903628046,0.0010611135929596113,0.015269736857426521,0.0007710084974889284,0.00023316486369504995,2.3546193742991466e-05
informative_reference,fallback,certified_initial,early2_1,200,-0.20818559036826648,0.0040936044048180366,-0.2,-0.008185590368266486,0.004093604404818037,0.058324657712523605,0.0025088190608252175,0.003401765697283039,0.0002926520259705715
informative_reference,fallback,certified_initial,sigma0,200,0.03727107902074972,0.0010368226475397833,0.04,-0.0027289209792502765,0.0010368226475397833,0.014878583568297825,0.0007609657202075853,0.000221372248998822,2.2644184121436995e-05
informative_reference,fallback,certified_initial,sigma1,200,0.020870621126432124,0.0009928249502377722,0.0225,-0.001629378873567871,0.0009928249502377722,0.014099980513984462,0.0005789464196670234,0.00019880945049474157,1.63262664718922e-05
informative_reference,fallback,certified_initial,nu0,200,0.09315936033487784,0.0012522582870566955,0.1,-0.006840639665122178,0.0012522582870566953,0.01894350452558804,0.0008312876850493423,0.0003588563637109745,3.149500404759564e-05
informative_reference,fallback,certified_initial,nu1,200,0.13577714419221326,0.0013394467238528036,0.14,-0.004222855807786747,0.0013394467238528036,0.019361350646463694,0.000902931622726339,0.00037486189885532013,3.496395151477023e-05
informative_reference,fallback,certified_initial,theta,200,0.024920478537515365,0.000943700260408711,0.025,-7.952146248463715e-05,0.0009437002604087109,0.013312767923335626,0.0006674696123227782,0.00017722978978059394,1.7771736089463894e-05
informative_reference,fallback,certified_initial,cumulative_relative_0,200,1.011111880162832,0.0029786123356848704,1.0,0.01111188016283209,0.0029786123356848704,0.04346295018249064,0.0020671827327913305,0.0018890280385656633,0.00017969172026682892
informative_reference,fallback,certified_initial,baseline_relative_ISE_0,200,0.007703460034889809,0.00023040953036569675,,,,,,,
informative_reference,fallback,certified_initial,cumulative_relative_1,200,1.0086952979513897,0.0027906749980287286,1.0,0.008695297951389798,0.0027906749980287286,0.04031617204600841,0.0021045196883606597,0.0016253937284433498,0.0001696923556603207
informative_reference,fallback,certified_initial,baseline_relative_ISE_1,200,0.006503294056646434,0.00020165311696516836,,,,,,,
informative_reference,fallback,certified_initial,prediction_mse,200,0.03813083653845836,0.00020636712152352141,,,,,,,
informative_reference,fallback,certified_initial,negative_prediction_fraction,200,0.0,0.0,,,,,,,
informative_reference,initial,coupled_accepted,static_x_0,200,0.2539988974535724,0.002181251027208454,0.25,0.003998897453572389,0.002181251027208454,0.03102909172921562,0.0017164033168585915,0.0009628045335400773,0.00010651687192627036
informative_reference,initial,coupled_accepted,measured_z_0,200,0.3554561957337627,0.0013674982400915113,0.35,0.005456195733762747,0.0013674982400915113,0.02004770081029627,0.0009757654100982315,0.0004019103077791536,3.9123706005370774e-05
informative_reference,initial,coupled_accepted,early2_0,200,0.30746249951699356,0.0038715998789876,0.25,0.057462499516993566,0.0038715998789876,0.07927677269990793,0.003168785183850666,0.006284806689712867,0.0005024221255099304
informative_reference,initial,coupled_accepted,static_x_1,200,-0.20756442376111223,0.0021741452925732275,-0.2,-0.007564423761112231,0.0021741452925732275,0.03158916190290787,0.0014737196094203049,0.0009978751497281262,9.310713468293633e-05
informative_reference,initial,coupled_accepted,measured_z_1,200,-0.30481393045111177,0.0011204083984576716,-0.3,-0.004813930451111786,0.0011204083984576716,0.01652215504332603,0.000755147895670465,0.00027298160727570384,2.4953341225817628e-05
informative_reference,initial,coupled_accepted,early2_1,200,-0.15341077621474317,0.004171747400230938,-0.2,0.046589223785256824,0.004171747400230938,0.07505896062968181,0.003231984950748859,0.005633847570808124,0.0004851788623479654
informative_reference,initial,coupled_accepted,sigma0,200,0.03660384832390187,0.0011466392206127283,0.04,-0.003396151676098127,0.0011466392206127283,0.016528017580892444,0.0008416651199700574,0.00027317536515428974,2.7822111800178116e-05
informative_reference,initial,coupled_accepted,sigma1,200,0.02101538550404361,0.001178050982564066,0.0225,-0.0014846144959563914,0.0011780509825640658,0.016684636633385697,0.0007172708025643346,0.000278377099588116,2.3934805417045715e-05
informative_reference,initial,coupled_accepted,nu0,200,0.14779915985307965,0.0013761967934803425,0.1,0.04779915985307965,0.0013761967934803425,0.051591174515831596,0.001475535314367402,0.0026616492879229913,0.00015224919981560213
informative_reference,initial,coupled_accepted,nu1,200,0.17842057058560593,0.001393391869755725,0.14,0.0384205705856059,0.001393391869755725,0.043156771007121175,0.0013090018998872823,0.0018625068837610948,0.000112984590482644
informative_reference,initial,coupled_accepted,theta,200,0.024408373373524483,0.0010107368969192346,0.025,-0.0005916266264755171,0.0010107368969192346,0.01427046768501809,0.0007482993201807151,0.00020364624794914554,2.13571625347198e-05
informative_reference,initial,coupled_accepted,cumulative_relative_0,200,1.02365874320002,0.0032530677130704847,1.0,0.023658743200020007,0.0032530677130704847,0.051629871096323665,0.0024542172469355747,0.002665643589422998,0.00025342184020331614
informative_reference,initial,coupled_accepted,baseline_relative_ISE_0,200,0.010821302853585773,0.00039778185509867497,,,,,,,
informative_reference,initial,coupled_accepted,cumulative_relative_1,200,1.023599460535878,0.00299834386311117,1.0,0.023599460535877994,0.00299834386311117,0.048435087033619435,0.0025447980959958714,0.0023459576559542897,0.0002465150345250981
informative_reference,initial,coupled_accepted,baseline_relative_ISE_1,200,0.008917730336742133,0.0003184946684377962,,,,,,,
informative_reference,initial,coupled_accepted,prediction_mse,200,0.04976352081222199,0.000307346872857316,,,,,,,
informative_reference,initial,coupled_accepted,negative_prediction_fraction,200,0.0,0.0,,,,,,,
informative_reference,projected_initial,coupled_accepted,static_x_0,200,0.2539988974535724,0.002181251027208454,0.25,0.003998897453572389,0.002181251027208454,0.03102909172921562,0.0017164033168585915,0.0009628045335400773,0.00010651687192627036
informative_reference,projected_initial,coupled_accepted,measured_z_0,200,0.3554561957337627,0.0013674982400915113,0.35,0.005456195733762747,0.0013674982400915113,0.02004770081029627,0.0009757654100982315,0.0004019103077791536,3.9123706005370774e-05
informative_reference,projected_initial,coupled_accepted,early2_0,200,0.30746249951699356,0.0038715998789876,0.25,0.057462499516993566,0.0038715998789876,0.07927677269990793,0.003168785183850666,0.006284806689712867,0.0005024221255099304
informative_reference,projected_initial,coupled_accepted,static_x_1,200,-0.20756442376111223,0.0021741452925732275,-0.2,-0.007564423761112231,0.0021741452925732275,0.03158916190290787,0.0014737196094203049,0.0009978751497281262,9.310713468293633e-05
informative_reference,projected_initial,coupled_accepted,measured_z_1,200,-0.30481393045111177,0.0011204083984576716,-0.3,-0.004813930451111786,0.0011204083984576716,0.01652215504332603,0.000755147895670465,0.00027298160727570384,2.4953341225817628e-05
informative_reference,projected_initial,coupled_accepted,early2_1,200,-0.15341077621474317,0.004171747400230938,-0.2,0.046589223785256824,0.004171747400230938,0.07505896062968181,0.003231984950748859,0.005633847570808124,0.0004851788623479654
informative_reference,projected_initial,coupled_accepted,sigma0,200,0.03660384832390187,0.0011466392206127283,0.04,-0.003396151676098127,0.0011466392206127283,0.016528017580892444,0.0008416651199700574,0.00027317536515428974,2.7822111800178116e-05
informative_reference,projected_initial,coupled_accepted,sigma1,200,0.021529927472775063,0.0011191083161490212,0.0225,-0.0009700725272249369,0.0011191083161490212,0.01581674182439551,0.0006453117651022655,0.0002501693219395822,2.0413459169734986e-05
informative_reference,projected_initial,coupled_accepted,nu0,200,0.14779915985307965,0.0013761967934803425,0.1,0.04779915985307965,0.0013761967934803425,0.051591174515831596,0.0014755353143674015,0.0026616492879229913,0.0001522491998156021
informative_reference,projected_initial,coupled_accepted,nu1,200,0.17842057058560593,0.001393391869755725,0.14,0.0384205705856059,0.001393391869755725,0.043156771007121175,0.0013090018998872823,0.0018625068837610948,0.000112984590482644
informative_reference,projected_initial,coupled_accepted,theta,200,0.024408373373524483,0.0010107368969192346,0.025,-0.0005916266264755163,0.0010107368969192346,0.014270467685018088,0.0007482993201807151,0.00020364624794914552,2.1357162534719796e-05
informative_reference,projected_initial,coupled_accepted,cumulative_relative_0,200,1.02365874320002,0.0032530677130704847,1.0,0.023658743200020007,0.0032530677130704847,0.051629871096323665,0.0024542172469355747,0.002665643589422998,0.00025342184020331614
informative_reference,projected_initial,coupled_accepted,baseline_relative_ISE_0,200,0.010821302853585773,0.00039778185509867497,,,,,,,
informative_reference,projected_initial,coupled_accepted,cumulative_relative_1,200,1.023599460535878,0.00299834386311117,1.0,0.023599460535877994,0.00299834386311117,0.048435087033619435,0.0025447980959958714,0.0023459576559542897,0.0002465150345250981
informative_reference,projected_initial,coupled_accepted,baseline_relative_ISE_1,200,0.008917730336742133,0.0003184946684377962,,,,,,,
informative_reference,projected_initial,coupled_accepted,prediction_mse,200,0.04976352081222199,0.000307346872857316,,,,,,,
informative_reference,projected_initial,coupled_accepted,negative_prediction_fraction,200,0.0,0.0,,,,,,,
informative_reference,coupled,coupled_accepted,static_x_0,200,0.2421309576790732,0.0020237463146833175,0.25,-0.007869042320926814,0.0020237463146833175,0.029613107016002307,0.001284786597233044,0.000876936107141205,7.609304599317517e-05
informative_reference,coupled,coupled_accepted,measured_z_0,200,0.3432341118885983,0.0013081290349744163,0.35,-0.0067658881114017085,0.0013081290349744163,0.01965467768223339,0.00091493600628571,0.00038630635479248337,3.5965544606830985e-05
informative_reference,coupled,coupled_accepted,early2_0,200,0.22913319467647336,0.0037479514790799856,0.25,-0.020866805323526628,0.0037479514790799856,0.05684016609782199,0.002925387582488864,0.003230804482027992,0.00033255903217834594
informative_reference,coupled,coupled_accepted,static_x_1,200,-0.19715079041309863,0.002054362790455966,-0.2,0.0028492095869013683,0.002054362790455966,0.029120076987488985,0.0014545349053951295,0.0008479788837572854,8.471233685219235e-05
informative_reference,coupled,coupled_accepted,measured_z_1,200,-0.2969836422096372,0.0010611135929596113,-0.3,0.0030163577903628046,0.0010611135929596113,0.015269736857426521,0.0007710084974889284,0.00023316486369504995,2.3546193742991466e-05
informative_reference,coupled,coupled_accepted,early2_1,200,-0.20818559036826648,0.0040936044048180366,-0.2,-0.008185590368266486,0.004093604404818037,0.058324657712523605,0.0025088190608252175,0.003401765697283039,0.0002926520259705715
informative_reference,coupled,coupled_accepted,sigma0,200,0.03727107902074972,0.0010368226475397833,0.04,-0.0027289209792502765,0.0010368226475397833,0.014878583568297825,0.0007609657202075853,0.000221372248998822,2.2644184121436995e-05
informative_reference,coupled,coupled_accepted,sigma1,200,0.020870621126432124,0.0009928249502377722,0.0225,-0.001629378873567871,0.0009928249502377722,0.014099980513984462,0.0005789464196670234,0.00019880945049474157,1.63262664718922e-05
informative_reference,coupled,coupled_accepted,nu0,200,0.09315936033487784,0.0012522582870566955,0.1,-0.006840639665122178,0.0012522582870566953,0.01894350452558804,0.0008312876850493423,0.0003588563637109745,3.149500404759564e-05
informative_reference,coupled,coupled_accepted,nu1,200,0.13577714419221326,0.0013394467238528036,0.14,-0.004222855807786747,0.0013394467238528036,0.019361350646463694,0.000902931622726339,0.00037486189885532013,3.496395151477023e-05
informative_reference,coupled,coupled_accepted,theta,200,0.024920478537515365,0.000943700260408711,0.025,-7.952146248463715e-05,0.0009437002604087109,0.013312767923335626,0.0006674696123227782,0.00017722978978059394,1.7771736089463894e-05
informative_reference,coupled,coupled_accepted,cumulative_relative_0,200,1.011111880162832,0.0029786123356848704,1.0,0.01111188016283209,0.0029786123356848704,0.04346295018249064,0.0020671827327913305,0.0018890280385656633,0.00017969172026682892
informative_reference,coupled,coupled_accepted,baseline_relative_ISE_0,200,0.007703460034889809,0.00023040953036569675,,,,,,,
informative_reference,coupled,coupled_accepted,cumulative_relative_1,200,1.0086952979513897,0.0027906749980287286,1.0,0.008695297951389798,0.0027906749980287286,0.04031617204600841,0.0021045196883606597,0.0016253937284433498,0.0001696923556603207
informative_reference,coupled,coupled_accepted,baseline_relative_ISE_1,200,0.006503294056646434,0.00020165311696516836,,,,,,,
informative_reference,coupled,coupled_accepted,prediction_mse,200,0.03813083653845836,0.00020636712152352141,,,,,,,
informative_reference,coupled,coupled_accepted,negative_prediction_fraction,200,0.0,0.0,,,,,,,
growth_m32,initial,certified_initial,static_x_0,100,0.2514881871353633,0.004573326157406787,0.25,0.0014881871353632893,0.004573326157406787,0.04552834944306627,0.0030851209876503346,0.0020728306030099526,0.00028092093279976434
growth_m32,initial,certified_initial,measured_z_0,100,0.3534683548875526,0.002131920845878655,0.35,0.0034683548875526003,0.002131920845878655,0.02149402355172512,0.0015200945170171084,0.00046199304844211415,6.53458946992279e-05
growth_m32,initial,certified_initial,early2_0,100,0.28257678957364574,0.007609142260953323,0.25,0.03257678957364571,0.007609142260953323,0.08242119125395331,0.005318220456079878,0.00679325276772075,0.0008766681306824929
growth_m32,initial,certified_initial,static_x_1,100,-0.20963010091891957,0.004736331770642128,-0.2,-0.009630100918919589,0.004736331770642128,0.04809979073994378,0.003196216472118812,0.0023135898692263814,0.00030747468693695243
growth_m32,initial,certified_initial,measured_z_1,100,-0.30100238892567655,0.0019477941910702426,-0.3,-0.0010023889256766028,0.0019477941910702426,0.01940621298513057,0.0015704245274390759,0.0003766011024242503,6.095198571311147e-05
growth_m32,initial,certified_initial,early2_1,100,-0.16607302749532077,0.008104878662396568,-0.2,0.03392697250467924,0.008104878662396568,0.08748860622057142,0.006051527917355159,0.007654256218418209,0.0010588794859885604
growth_m32,initial,certified_initial,sigma0,100,0.03780114523834068,0.0023904968100428954,0.04,-0.0021988547616593173,0.0023904968100428954,0.023886564992618185,0.001601223405385058,0.0005705679871465725,7.64954538808632e-05
growth_m32,initial,certified_initial,sigma1,100,0.02146289584999197,0.0025167516769403616,0.0225,-0.001037104150008025,0.002516751676940362,0.025062829974940862,0.0017440844616194585,0.0006281454463527941,8.742338464700952e-05
growth_m32,initial,certified_initial,nu0,100,0.13187678679115156,0.002227275590881384,0.1,0.031876786791151544,0.0022272755908813837,0.03882324606913233,0.0022452095647693794,0.001507244435344399,0.00017433264681962225
growth_m32,initial,certified_initial,nu1,100,0.16636728149107666,0.002622098445215322,0.14,0.026367281491076637,0.002622098445215322,0.03709310122668814,0.002330501745089153,0.001375898158613333,0.0001728910742791306
growth_m32,initial,certified_initial,theta,100,0.02483042254393968,0.0019853220402163787,0.025,-0.0001695774560603222,0.0019853220402163787,0.019754432749312933,0.0013575988214339547,0.0003902376132471274,5.363718923712711e-05
growth_m32,initial,certified_initial,cumulative_relative_0,100,1.014222113913788,0.005716323853659397,1.0,0.014222113913787764,0.005716323853659397,0.05862787737730559,0.004145519323907932,0.003437228005768381,0.00048608599717465007
growth_m32,initial,certified_initial,baseline_relative_ISE_0,100,0.011060610413221594,0.0005379803291881452,,,,,,,
growth_m32,initial,certified_initial,cumulative_relative_1,100,1.0150605022204537,0.005335652459018406,1.0,0.01506050222045387,0.005335652459018406,0.05518394926345688,0.003438011813712065,0.003045268256311783,0.0003794461389901039
growth_m32,initial,certified_initial,baseline_relative_ISE_1,100,0.009554475941623673,0.00043673711272288195,,,,,,,
growth_m32,initial,certified_initial,prediction_mse,100,0.03455907807102853,0.0004985935018205438,,,,,,,
growth_m32,initial,certified_initial,negative_prediction_fraction,100,0.0,0.0,,,,,,,
growth_m32,projected_initial,certified_initial,static_x_0,100,0.2514881871353633,0.004573326157406787,0.25,0.0014881871353632893,0.004573326157406787,0.04552834944306627,0.0030851209876503346,0.0020728306030099526,0.00028092093279976434
growth_m32,projected_initial,certified_initial,measured_z_0,100,0.3534683548875526,0.002131920845878655,0.35,0.0034683548875526003,0.002131920845878655,0.02149402355172512,0.0015200945170171084,0.00046199304844211415,6.53458946992279e-05
growth_m32,projected_initial,certified_initial,early2_0,100,0.28257678957364574,0.007609142260953323,0.25,0.03257678957364571,0.007609142260953323,0.08242119125395331,0.005318220456079878,0.00679325276772075,0.0008766681306824929
growth_m32,projected_initial,certified_initial,static_x_1,100,-0.20963010091891957,0.004736331770642128,-0.2,-0.009630100918919589,0.004736331770642128,0.04809979073994378,0.003196216472118812,0.0023135898692263814,0.00030747468693695243
growth_m32,projected_initial,certified_initial,measured_z_1,100,-0.30100238892567655,0.0019477941910702426,-0.3,-0.0010023889256766028,0.0019477941910702426,0.01940621298513057,0.0015704245274390759,0.0003766011024242503,6.095198571311147e-05
growth_m32,projected_initial,certified_initial,early2_1,100,-0.16607302749532077,0.008104878662396568,-0.2,0.03392697250467924,0.008104878662396568,0.08748860622057142,0.006051527917355159,0.007654256218418209,0.0010588794859885604
growth_m32,projected_initial,certified_initial,sigma0,100,0.03810898270717201,0.0023319325531860812,0.04,-0.0018910172928279939,0.0023319325531860812,0.023279368123513597,0.0015020679801173,0.000541928980230061,6.993438691138626e-05
growth_m32,projected_initial,certified_initial,sigma1,100,0.023559061727685644,0.0022558196240876163,0.0225,0.0010590617276856498,0.0022558196240876167,0.022470093618151863,0.0018264258691651776,0.0005049051072085092,8.207992053351186e-05
growth_m32,projected_initial,certified_initial,nu0,100,0.13187678679115156,0.002227275590881384,0.1,0.031876786791151544,0.002227275590881384,0.03882324606913233,0.00224520956476938,0.001507244435344399,0.00017433264681962227
growth_m32,projected_initial,certified_initial,nu1,100,0.16636728149107666,0.002622098445215322,0.14,0.026367281491076637,0.002622098445215322,0.03709310122668813,0.0023305017450891527,0.0013758981586133325,0.00017289107427913056
growth_m32,projected_initial,certified_initial,theta,100,0.024830422543939683,0.0019853220402163787,0.025,-0.0001695774560603212,0.0019853220402163787,0.019754432749312933,0.0013575988214339547,0.0003902376132471274,5.3637189237127116e-05
growth_m32,projected_initial,certified_initial,cumulative_relative_0,100,1.014222113913788,0.005716323853659397,1.0,0.014222113913787764,0.005716323853659397,0.05862787737730559,0.004145519323907932,0.003437228005768381,0.00048608599717465007
growth_m32,projected_initial,certified_initial,baseline_relative_ISE_0,100,0.011060610413221594,0.0005379803291881452,,,,,,,
growth_m32,projected_initial,certified_initial,cumulative_relative_1,100,1.0150605022204537,0.005335652459018406,1.0,0.01506050222045387,0.005335652459018406,0.05518394926345688,0.003438011813712065,0.003045268256311783,0.0003794461389901039
growth_m32,projected_initial,certified_initial,baseline_relative_ISE_1,100,0.009554475941623673,0.00043673711272288195,,,,,,,
growth_m32,projected_initial,certified_initial,prediction_mse,100,0.03455907807102853,0.0004985935018205438,,,,,,,
growth_m32,projected_initial,certified_initial,negative_prediction_fraction,100,0.0,0.0,,,,,,,
growth_m32,fallback,certified_initial,static_x_0,100,0.2426893556816587,0.0041636162124305005,0.25,-0.007310644318341338,0.0041636162124305005,0.042067562525374504,0.0026760023009025605,0.0017696798168262934,0.000225145788222529
growth_m32,fallback,certified_initial,measured_z_0,100,0.3458442932287468,0.0019586156150930736,0.35,-0.004155706771253188,0.001958615615093073,0.019926144544532322,0.0013216909348080944,0.0003970512364095952,5.267240922036827e-05
growth_m32,fallback,certified_initial,early2_0,100,0.23239070262624992,0.007431426762674345,0.25,-0.017609297373750086,0.007431426762674345,0.07600968111475945,0.005299146208106691,0.00577747162316742,0.0008055728269173526
growth_m32,fallback,certified_initial,static_x_1,100,-0.20228986504891242,0.004550495520245902,-0.2,-0.0022898650489124065,0.004550495520245902,0.045334726429529223,0.0028736997360706285,0.002055237420440255,0.00026055678275074454
growth_m32,fallback,certified_initial,measured_z_1,100,-0.2966463516874894,0.0018780955616433926,-0.3,0.003353648312510613,0.0018780955616433926,0.018985362991836677,0.0012896429279373068,0.0003604440079318017,4.896867823348968e-05
growth_m32,fallback,certified_initial,early2_1,100,-0.19945398830316155,0.007851473323135589,-0.2,0.0005460116968384714,0.007851473323135589,0.07812308128728766,0.004994512935584911,0.0061032158298201565,0.0007803734801142195
growth_m32,fallback,certified_initial,sigma0,100,0.03777669582197198,0.0020824290878048617,0.04,-0.0022233041780280174,0.0020824290878048617,0.02083884980357313,0.0015260807094212112,0.00043425766113588,6.36035333835179e-05
growth_m32,fallback,certified_initial,sigma1,100,0.022435210327424796,0.002078144364660716,0.0225,-6.478967257519772e-05,0.002078144364660716,0.020677376858257688,0.0016071788575445977,0.00042755391373841057,6.646448583214739e-05
growth_m32,fallback,certified_initial,nu0,100,0.0954334407290664,0.0019053286053424142,0.1,-0.0045665592709335946,0.001905328605342414,0.019500022972145967,0.0012400292070961336,0.00038025089591422036,4.8361196049013104e-05
growth_m32,fallback,certified_initial,nu1,100,0.13843188840494558,0.0024735992084333946,0.14,-0.0015681115950544442,0.0024735992084333946,0.024661905549385542,0.0018355511157913905,0.0006082095853268133,9.053637649743303e-05
growth_m32,fallback,certified_initial,theta,100,0.02479454847176771,0.0018040891116236572,0.025,-0.00020545152823228465,0.0018040891116236576,0.01795163572145106,0.0011311989308600253,0.00032226122507567767,4.061374227058815e-05
growth_m32,fallback,certified_initial,cumulative_relative_0,100,1.007413673523439,0.005493058780399463,1.0,0.0074136735234389154,0.005493058780399463,0.05515576431198809,0.003933668000771901,0.003042158336839579,0.0004339289302643688
growth_m32,fallback,certified_initial,baseline_relative_ISE_0,100,0.009609008154010461,0.0004644528315675452,,,,,,,
growth_m32,fallback,certified_initial,cumulative_relative_1,100,1.0048370357597871,0.00507126377389546,1.0,0.004837035759787025,0.00507126377389546,0.050689750691036914,0.003105751073470497,0.002569450825119477,0.00031485949524527953
growth_m32,fallback,certified_initial,baseline_relative_ISE_1,100,0.008108627402359854,0.0003474042860822757,,,,,,,
growth_m32,fallback,certified_initial,prediction_mse,100,0.02882375097857916,0.00035812542559148137,,,,,,,
growth_m32,fallback,certified_initial,negative_prediction_fraction,100,0.0,0.0,,,,,,,
growth_m32,initial,coupled_accepted,static_x_0,100,0.2514881871353633,0.004573326157406787,0.25,0.0014881871353632893,0.004573326157406787,0.04552834944306627,0.0030851209876503346,0.0020728306030099526,0.00028092093279976434
growth_m32,initial,coupled_accepted,measured_z_0,100,0.3534683548875526,0.002131920845878655,0.35,0.0034683548875526003,0.002131920845878655,0.02149402355172512,0.0015200945170171084,0.00046199304844211415,6.53458946992279e-05
growth_m32,initial,coupled_accepted,early2_0,100,0.28257678957364574,0.007609142260953323,0.25,0.03257678957364571,0.007609142260953323,0.08242119125395331,0.005318220456079878,0.00679325276772075,0.0008766681306824929
growth_m32,initial,coupled_accepted,static_x_1,100,-0.20963010091891957,0.004736331770642128,-0.2,-0.009630100918919589,0.004736331770642128,0.04809979073994378,0.003196216472118812,0.0023135898692263814,0.00030747468693695243
growth_m32,initial,coupled_accepted,measured_z_1,100,-0.30100238892567655,0.0019477941910702426,-0.3,-0.0010023889256766028,0.0019477941910702426,0.01940621298513057,0.0015704245274390759,0.0003766011024242503,6.095198571311147e-05
growth_m32,initial,coupled_accepted,early2_1,100,-0.16607302749532077,0.008104878662396568,-0.2,0.03392697250467924,0.008104878662396568,0.08748860622057142,0.006051527917355159,0.007654256218418209,0.0010588794859885604
growth_m32,initial,coupled_accepted,sigma0,100,0.03780114523834068,0.0023904968100428954,0.04,-0.0021988547616593173,0.0023904968100428954,0.023886564992618185,0.001601223405385058,0.0005705679871465725,7.64954538808632e-05
growth_m32,initial,coupled_accepted,sigma1,100,0.02146289584999197,0.0025167516769403616,0.0225,-0.001037104150008025,0.002516751676940362,0.025062829974940862,0.0017440844616194585,0.0006281454463527941,8.742338464700952e-05
growth_m32,initial,coupled_accepted,nu0,100,0.13187678679115156,0.002227275590881384,0.1,0.031876786791151544,0.0022272755908813837,0.03882324606913233,0.0022452095647693794,0.001507244435344399,0.00017433264681962225
growth_m32,initial,coupled_accepted,nu1,100,0.16636728149107666,0.002622098445215322,0.14,0.026367281491076637,0.002622098445215322,0.03709310122668814,0.002330501745089153,0.001375898158613333,0.0001728910742791306
growth_m32,initial,coupled_accepted,theta,100,0.02483042254393968,0.0019853220402163787,0.025,-0.0001695774560603222,0.0019853220402163787,0.019754432749312933,0.0013575988214339547,0.0003902376132471274,5.363718923712711e-05
growth_m32,initial,coupled_accepted,cumulative_relative_0,100,1.014222113913788,0.005716323853659397,1.0,0.014222113913787764,0.005716323853659397,0.05862787737730559,0.004145519323907932,0.003437228005768381,0.00048608599717465007
growth_m32,initial,coupled_accepted,baseline_relative_ISE_0,100,0.011060610413221594,0.0005379803291881452,,,,,,,
growth_m32,initial,coupled_accepted,cumulative_relative_1,100,1.0150605022204537,0.005335652459018406,1.0,0.01506050222045387,0.005335652459018406,0.05518394926345688,0.003438011813712065,0.003045268256311783,0.0003794461389901039
growth_m32,initial,coupled_accepted,baseline_relative_ISE_1,100,0.009554475941623673,0.00043673711272288195,,,,,,,
growth_m32,initial,coupled_accepted,prediction_mse,100,0.03455907807102853,0.0004985935018205438,,,,,,,
growth_m32,initial,coupled_accepted,negative_prediction_fraction,100,0.0,0.0,,,,,,,
growth_m32,projected_initial,coupled_accepted,static_x_0,100,0.2514881871353633,0.004573326157406787,0.25,0.0014881871353632893,0.004573326157406787,0.04552834944306627,0.0030851209876503346,0.0020728306030099526,0.00028092093279976434
growth_m32,projected_initial,coupled_accepted,measured_z_0,100,0.3534683548875526,0.002131920845878655,0.35,0.0034683548875526003,0.002131920845878655,0.02149402355172512,0.0015200945170171084,0.00046199304844211415,6.53458946992279e-05
growth_m32,projected_initial,coupled_accepted,early2_0,100,0.28257678957364574,0.007609142260953323,0.25,0.03257678957364571,0.007609142260953323,0.08242119125395331,0.005318220456079878,0.00679325276772075,0.0008766681306824929
growth_m32,projected_initial,coupled_accepted,static_x_1,100,-0.20963010091891957,0.004736331770642128,-0.2,-0.009630100918919589,0.004736331770642128,0.04809979073994378,0.003196216472118812,0.0023135898692263814,0.00030747468693695243
growth_m32,projected_initial,coupled_accepted,measured_z_1,100,-0.30100238892567655,0.0019477941910702426,-0.3,-0.0010023889256766028,0.0019477941910702426,0.01940621298513057,0.0015704245274390759,0.0003766011024242503,6.095198571311147e-05
growth_m32,projected_initial,coupled_accepted,early2_1,100,-0.16607302749532077,0.008104878662396568,-0.2,0.03392697250467924,0.008104878662396568,0.08748860622057142,0.006051527917355159,0.007654256218418209,0.0010588794859885604
growth_m32,projected_initial,coupled_accepted,sigma0,100,0.03810898270717201,0.0023319325531860812,0.04,-0.0018910172928279939,0.0023319325531860812,0.023279368123513597,0.0015020679801173,0.000541928980230061,6.993438691138626e-05
growth_m32,projected_initial,coupled_accepted,sigma1,100,0.023559061727685644,0.0022558196240876163,0.0225,0.0010590617276856498,0.0022558196240876167,0.022470093618151863,0.0018264258691651776,0.0005049051072085092,8.207992053351186e-05
growth_m32,projected_initial,coupled_accepted,nu0,100,0.13187678679115156,0.002227275590881384,0.1,0.031876786791151544,0.002227275590881384,0.03882324606913233,0.00224520956476938,0.001507244435344399,0.00017433264681962227
growth_m32,projected_initial,coupled_accepted,nu1,100,0.16636728149107666,0.002622098445215322,0.14,0.026367281491076637,0.002622098445215322,0.03709310122668813,0.0023305017450891527,0.0013758981586133325,0.00017289107427913056
growth_m32,projected_initial,coupled_accepted,theta,100,0.024830422543939683,0.0019853220402163787,0.025,-0.0001695774560603212,0.0019853220402163787,0.019754432749312933,0.0013575988214339547,0.0003902376132471274,5.3637189237127116e-05
growth_m32,projected_initial,coupled_accepted,cumulative_relative_0,100,1.014222113913788,0.005716323853659397,1.0,0.014222113913787764,0.005716323853659397,0.05862787737730559,0.004145519323907932,0.003437228005768381,0.00048608599717465007
growth_m32,projected_initial,coupled_accepted,baseline_relative_ISE_0,100,0.011060610413221594,0.0005379803291881452,,,,,,,
growth_m32,projected_initial,coupled_accepted,cumulative_relative_1,100,1.0150605022204537,0.005335652459018406,1.0,0.01506050222045387,0.005335652459018406,0.05518394926345688,0.003438011813712065,0.003045268256311783,0.0003794461389901039
growth_m32,projected_initial,coupled_accepted,baseline_relative_ISE_1,100,0.009554475941623673,0.00043673711272288195,,,,,,,
growth_m32,projected_initial,coupled_accepted,prediction_mse,100,0.03455907807102853,0.0004985935018205438,,,,,,,
growth_m32,projected_initial,coupled_accepted,negative_prediction_fraction,100,0.0,0.0,,,,,,,
growth_m32,coupled,coupled_accepted,static_x_0,100,0.2426893556816587,0.0041636162124305005,0.25,-0.007310644318341338,0.0041636162124305005,0.042067562525374504,0.0026760023009025605,0.0017696798168262934,0.000225145788222529
growth_m32,coupled,coupled_accepted,measured_z_0,100,0.3458442932287468,0.0019586156150930736,0.35,-0.004155706771253188,0.001958615615093073,0.019926144544532322,0.0013216909348080944,0.0003970512364095952,5.267240922036827e-05
growth_m32,coupled,coupled_accepted,early2_0,100,0.23239070262624992,0.007431426762674345,0.25,-0.017609297373750086,0.007431426762674345,0.07600968111475945,0.005299146208106691,0.00577747162316742,0.0008055728269173526
growth_m32,coupled,coupled_accepted,static_x_1,100,-0.20228986504891242,0.004550495520245902,-0.2,-0.0022898650489124065,0.004550495520245902,0.045334726429529223,0.0028736997360706285,0.002055237420440255,0.00026055678275074454
growth_m32,coupled,coupled_accepted,measured_z_1,100,-0.2966463516874894,0.0018780955616433926,-0.3,0.003353648312510613,0.0018780955616433926,0.018985362991836677,0.0012896429279373068,0.0003604440079318017,4.896867823348968e-05
growth_m32,coupled,coupled_accepted,early2_1,100,-0.19945398830316155,0.007851473323135589,-0.2,0.0005460116968384714,0.007851473323135589,0.07812308128728766,0.004994512935584911,0.0061032158298201565,0.0007803734801142195
growth_m32,coupled,coupled_accepted,sigma0,100,0.03777669582197198,0.0020824290878048617,0.04,-0.0022233041780280174,0.0020824290878048617,0.02083884980357313,0.0015260807094212112,0.00043425766113588,6.36035333835179e-05
growth_m32,coupled,coupled_accepted,sigma1,100,0.022435210327424796,0.002078144364660716,0.0225,-6.478967257519772e-05,0.002078144364660716,0.020677376858257688,0.0016071788575445977,0.00042755391373841057,6.646448583214739e-05
growth_m32,coupled,coupled_accepted,nu0,100,0.0954334407290664,0.0019053286053424142,0.1,-0.0045665592709335946,0.001905328605342414,0.019500022972145967,0.0012400292070961336,0.00038025089591422036,4.8361196049013104e-05
growth_m32,coupled,coupled_accepted,nu1,100,0.13843188840494558,0.0024735992084333946,0.14,-0.0015681115950544442,0.0024735992084333946,0.024661905549385542,0.0018355511157913905,0.0006082095853268133,9.053637649743303e-05
growth_m32,coupled,coupled_accepted,theta,100,0.02479454847176771,0.0018040891116236572,0.025,-0.00020545152823228465,0.0018040891116236576,0.01795163572145106,0.0011311989308600253,0.00032226122507567767,4.061374227058815e-05
growth_m32,coupled,coupled_accepted,cumulative_relative_0,100,1.007413673523439,0.005493058780399463,1.0,0.0074136735234389154,0.005493058780399463,0.05515576431198809,0.003933668000771901,0.003042158336839579,0.0004339289302643688
growth_m32,coupled,coupled_accepted,baseline_relative_ISE_0,100,0.009609008154010461,0.0004644528315675452,,,,,,,
growth_m32,coupled,coupled_accepted,cumulative_relative_1,100,1.0048370357597871,0.00507126377389546,1.0,0.004837035759787025,0.00507126377389546,0.050689750691036914,0.003105751073470497,0.002569450825119477,0.00031485949524527953
growth_m32,coupled,coupled_accepted,baseline_relative_ISE_1,100,0.008108627402359854,0.0003474042860822757,,,,,,,
growth_m32,coupled,coupled_accepted,prediction_mse,100,0.02882375097857916,0.00035812542559148137,,,,,,,
growth_m32,coupled,coupled_accepted,negative_prediction_fraction,100,0.0,0.0,,,,,,,
growth_m64,initial,certified_initial,static_x_0,100,0.24854945037636458,0.0027870045086411744,0.25,-0.0014505496236354146,0.0027870045086411744,0.027768257294941395,0.0015700954114791462,0.000771076113198066,8.719762672711962e-05
growth_m64,initial,certified_initial,measured_z_0,100,0.35094096356334753,0.000774361594669695,0.35,0.0009409635633474878,0.000774361594669695,0.007762046410463384,0.0005561160235396004,6.0249364478187505e-05,8.633196768633453e-06
growth_m64,initial,certified_initial,early2_0,100,0.2503867839241987,0.005564354898132169,0.25,0.00038678392419874333,0.005564354898132169,0.055365983235271796,0.0035125809894812135,0.0030653920996083976,0.00038895500035230257
growth_m64,initial,certified_initial,static_x_1,100,-0.19614950680075563,0.003154057883636844,-0.2,0.0038504931992444057,0.003154057883636844,0.031617816655760224,0.0018178929002969095,0.0009996863300772685,0.00011495560884279177
growth_m64,initial,certified_initial,measured_z_1,100,-0.30058257500634983,0.0006453932068770415,-0.3,-0.000582575006349787,0.0006453932068770413,0.0064479531942193535,0.00042379718173145807,4.1576100394843565e-05,5.46524878329303e-06
growth_m64,initial,certified_initial,early2_1,100,-0.1965857918236485,0.006124454290123978,-0.2,0.0034142081763514666,0.006124454290123978,0.06103312143665478,0.0036806412803584974,0.003725041912301449,0.00044928205245776937
growth_m64,initial,certified_initial,sigma0,100,0.03700016017641263,0.0011740523146817506,0.04,-0.002999839823587367,0.0011740523146817506,0.012060701633426173,0.0007785294189820589,0.00014546052389052876,1.8779222070374494e-05
growth_m64,initial,certified_initial,sigma1,100,0.02012777485343399,0.0015834091964512173,0.0225,-0.0023722251465660054,0.0015834091964512169,0.015932317339396138,0.0009402807508594324,0.0002538387358032228,2.9961702621636308e-05
growth_m64,initial,certified_initial,nu0,100,0.10920156938352774,0.0011926554157050402,0.1,0.009201569383527732,0.0011926554157050402,0.015016296022665528,0.0009698137063181405,0.00022548914624032052,2.9126019401823215e-05
growth_m64,initial,certified_initial,nu1,100,0.14579019088480363,0.0015288023384172067,0.14,0.0057901908848036,0.0015288023384172067,0.016276139987340513,0.001080786977074138,0.0002649127328875048,3.518208027070651e-05
growth_m64,initial,certified_initial,theta,100,0.026097255642884246,0.0013145612473657376,0.025,0.0010972556428842449,0.0013145612473657376,0.013125662877749909,0.0008296853941801234,0.000172283025980342,2.1780341557202692e-05
growth_m64,initial,certified_initial,cumulative_relative_0,100,0.999573062928015,0.0039221389877679095,1.0,-0.0004269370719852339,0.0039221389877679095,0.03902712550215522,0.002378030930829158,0.0015231165249609746,0.0001856154231709531
growth_m64,initial,certified_initial,baseline_relative_ISE_0,100,0.0035810578646751825,0.00019449640281178296,,,,,,,
growth_m64,initial,certified_initial,cumulative_relative_1,100,1.0030326991385334,0.0034003197047835026,1.0,0.0030326991385334055,0.0034003197047835026,0.03396840442888095,0.002747434345612628,0.001153852499444019,0.00018665192198713526
growth_m64,initial,certified_initial,baseline_relative_ISE_1,100,0.002867100266059089,0.0001825690598087372,,,,,,,
growth_m64,initial,certified_initial,prediction_mse,100,0.010082614539260484,0.00018555609450184358,,,,,,,
growth_m64,initial,certified_initial,negative_prediction_fraction,100,0.0,0.0,,,,,,,
growth_m64,projected_initial,certified_initial,static_x_0,100,0.24854945037636458,0.0027870045086411744,0.25,-0.0014505496236354146,0.0027870045086411744,0.027768257294941395,0.0015700954114791462,0.000771076113198066,8.719762672711962e-05
growth_m64,projected_initial,certified_initial,measured_z_0,100,0.35094096356334753,0.000774361594669695,0.35,0.0009409635633474878,0.000774361594669695,0.007762046410463384,0.0005561160235396004,6.0249364478187505e-05,8.633196768633453e-06
growth_m64,projected_initial,certified_initial,early2_0,100,0.2503867839241987,0.005564354898132169,0.25,0.00038678392419874333,0.005564354898132169,0.055365983235271796,0.0035125809894812135,0.0030653920996083976,0.00038895500035230257
growth_m64,projected_initial,certified_initial,static_x_1,100,-0.19614950680075563,0.003154057883636844,-0.2,0.0038504931992444057,0.003154057883636844,0.031617816655760224,0.0018178929002969095,0.0009996863300772685,0.00011495560884279177
growth_m64,projected_initial,certified_initial,measured_z_1,100,-0.30058257500634983,0.0006453932068770415,-0.3,-0.000582575006349787,0.0006453932068770413,0.0064479531942193535,0.00042379718173145807,4.1576100394843565e-05,5.46524878329303e-06
growth_m64,projected_initial,certified_initial,early2_1,100,-0.1965857918236485,0.006124454290123978,-0.2,0.0034142081763514666,0.006124454290123978,0.06103312143665478,0.0036806412803584974,0.003725041912301449,0.00044928205245776937
growth_m64,projected_initial,certified_initial,sigma0,100,0.03700016017641263,0.0011740523146817506,0.04,-0.002999839823587367,0.0011740523146817506,0.012060701633426173,0.0007785294189820589,0.00014546052389052876,1.8779222070374494e-05
growth_m64,projected_initial,certified_initial,sigma1,100,0.020792970121412062,0.0014745654193705792,0.0225,-0.0017070298785879373,0.0014745654193705792,0.014770711744216718,0.0007711809792632277,0.00021817392543074167,2.2781783894639813e-05
growth_m64,projected_initial,certified_initial,nu0,100,0.10920156938352774,0.0011926554157050402,0.1,0.009201569383527732,0.0011926554157050402,0.015016296022665528,0.0009698137063181405,0.00022548914624032055,2.9126019401823215e-05
growth_m64,projected_initial,certified_initial,nu1,100,0.14579019088480363,0.0015288023384172067,0.14,0.005790190884803597,0.001528802338417207,0.01627613998734051,0.0010807869770741384,0.00026491273288750477,3.518208027070651e-05
growth_m64,projected_initial,certified_initial,theta,100,0.026097255642884246,0.0013145612473657376,0.025,0.0010972556428842449,0.0013145612473657376,0.013125662877749909,0.000829685394180123,0.000172283025980342,2.1780341557202682e-05
growth_m64,projected_initial,certified_initial,cumulative_relative_0,100,0.999573062928015,0.0039221389877679095,1.0,-0.0004269370719852339,0.0039221389877679095,0.03902712550215522,0.002378030930829158,0.0015231165249609746,0.0001856154231709531
growth_m64,projected_initial,certified_initial,baseline_relative_ISE_0,100,0.0035810578646751825,0.00019449640281178296,,,,,,,
growth_m64,projected_initial,certified_initial,cumulative_relative_1,100,1.0030326991385334,0.0034003197047835026,1.0,0.0030326991385334055,0.0034003197047835026,0.03396840442888095,0.002747434345612628,0.001153852499444019,0.00018665192198713526
growth_m64,projected_initial,certified_initial,baseline_relative_ISE_1,100,0.002867100266059089,0.0001825690598087372,,,,,,,
growth_m64,projected_initial,certified_initial,prediction_mse,100,0.010082614539260484,0.00018555609450184358,,,,,,,
growth_m64,projected_initial,certified_initial,negative_prediction_fraction,100,0.0,0.0,,,,,,,
growth_m64,fallback,certified_initial,static_x_0,100,0.24541498377177823,0.002724560279432779,0.25,-0.004585016228221745,0.002724560279432779,0.02749403602098237,0.0017697312427455442,0.0007559220167230761,9.731410907100778e-05
growth_m64,fallback,certified_initial,measured_z_0,100,0.34885431886314777,0.0007699410040618563,0.35,-0.0011456811368522385,0.0007699410040618562,0.007746011302030304,0.0004938335758709922,6.000069109118121e-05,7.650480920037491e-06
growth_m64,fallback,certified_initial,early2_0,100,0.23759087801365295,0.005535073373934405,0.25,-0.012409121986347096,0.005535073373934405,0.05645399008662687,0.003775566812999361,0.003187052996700965,0.00042629162286492666
growth_m64,fallback,certified_initial,static_x_1,100,-0.19461642986529132,0.0032372219645759328,-0.2,0.005383570134708718,0.0032372219645759328,0.032656757740790514,0.0019405177629254302,0.001066463826140681,0.00012674203695111307
growth_m64,fallback,certified_initial,measured_z_1,100,-0.29925704562625594,0.0006412574001702412,-0.3,0.0007429543737440392,0.0006412574001702415,0.00642354072731714,0.0004140978761378006,4.1261875475502006e-05,5.319949144933381e-06
growth_m64,fallback,certified_initial,early2_1,100,-0.20331843095895225,0.006092999839811688,-0.2,-0.003318430958952211,0.006092999839811688,0.060715336133269605,0.003666721933949043,0.0036863520417759134,0.0004452525094538971
growth_m64,fallback,certified_initial,sigma0,100,0.03795431457888967,0.0010032216065675417,0.04,-0.002045685421110338,0.0010032216065675417,0.010189393232114236,0.0005547246799370568,0.00010382373443865537,1.1304615798874763e-05
growth_m64,fallback,certified_initial,sigma1,100,0.01995176215615751,0.0012500913682552933,0.0225,-0.0025482378438424894,0.0012500913682552933,0.012696599173733248,0.000694707361666689,0.00016120363057844377,1.7640841828247377e-05
growth_m64,fallback,certified_initial,nu0,100,0.09912682480337548,0.0011129325629953232,0.1,-0.0008731751966245304,0.0011129325629953234,0.011107911820488984,0.0008758752093969719,0.00012338570501175888,1.9458289183467776e-05
growth_m64,fallback,certified_initial,nu1,100,0.1396477118568334,0.0013213316270078526,0.14,-0.0003522881431666258,0.0013213316270078528,0.013151802785945604,0.0009139364390833564,0.00017296991652040656,2.4039823611427385e-05
growth_m64,fallback,certified_initial,theta,100,0.025898800410744275,0.0012265187017490209,0.025,0.0008988004107442736,0.0012265187017490209,0.012236760462909467,0.000802031387173843,0.00014973830662662433,1.9628531937162635e-05
growth_m64,fallback,certified_initial,cumulative_relative_0,100,0.9978664933326644,0.0038819957108383965,1.0,-0.0021335066673356285,0.003881995710838397,0.038684247826439234,0.002348975551436379,0.0014964710298973687,0.00018173670474002328
growth_m64,fallback,certified_initial,baseline_relative_ISE_0,100,0.003446317161896275,0.00018705511621024378,,,,,,,
growth_m64,fallback,certified_initial,cumulative_relative_1,100,1.0000172006907118,0.0033128104299896795,1.0,1.720069071157959e-05,0.0033128104299896795,0.03296205208150052,0.0025435559533731516,0.0010864968774235526,0.00016768164761459307
growth_m64,fallback,certified_initial,baseline_relative_ISE_1,100,0.002737725862722652,0.00016669790703958504,,,,,,,
growth_m64,fallback,certified_initial,prediction_mse,100,0.009630157347007208,0.00017033682453678004,,,,,,,
growth_m64,fallback,certified_initial,negative_prediction_fraction,100,0.0,0.0,,,,,,,
growth_m64,initial,coupled_accepted,static_x_0,100,0.24854945037636458,0.0027870045086411744,0.25,-0.0014505496236354146,0.0027870045086411744,0.027768257294941395,0.0015700954114791462,0.000771076113198066,8.719762672711962e-05
growth_m64,initial,coupled_accepted,measured_z_0,100,0.35094096356334753,0.000774361594669695,0.35,0.0009409635633474878,0.000774361594669695,0.007762046410463384,0.0005561160235396004,6.0249364478187505e-05,8.633196768633453e-06
growth_m64,initial,coupled_accepted,early2_0,100,0.2503867839241987,0.005564354898132169,0.25,0.00038678392419874333,0.005564354898132169,0.055365983235271796,0.0035125809894812135,0.0030653920996083976,0.00038895500035230257
growth_m64,initial,coupled_accepted,static_x_1,100,-0.19614950680075563,0.003154057883636844,-0.2,0.0038504931992444057,0.003154057883636844,0.031617816655760224,0.0018178929002969095,0.0009996863300772685,0.00011495560884279177
growth_m64,initial,coupled_accepted,measured_z_1,100,-0.30058257500634983,0.0006453932068770415,-0.3,-0.000582575006349787,0.0006453932068770413,0.0064479531942193535,0.00042379718173145807,4.1576100394843565e-05,5.46524878329303e-06
growth_m64,initial,coupled_accepted,early2_1,100,-0.1965857918236485,0.006124454290123978,-0.2,0.0034142081763514666,0.006124454290123978,0.06103312143665478,0.0036806412803584974,0.003725041912301449,0.00044928205245776937
growth_m64,initial,coupled_accepted,sigma0,100,0.03700016017641263,0.0011740523146817506,0.04,-0.002999839823587367,0.0011740523146817506,0.012060701633426173,0.0007785294189820589,0.00014546052389052876,1.8779222070374494e-05
growth_m64,initial,coupled_accepted,sigma1,100,0.02012777485343399,0.0015834091964512173,0.0225,-0.0023722251465660054,0.0015834091964512169,0.015932317339396138,0.0009402807508594324,0.0002538387358032228,2.9961702621636308e-05
growth_m64,initial,coupled_accepted,nu0,100,0.10920156938352774,0.0011926554157050402,0.1,0.009201569383527732,0.0011926554157050402,0.015016296022665528,0.0009698137063181405,0.00022548914624032052,2.9126019401823215e-05
growth_m64,initial,coupled_accepted,nu1,100,0.14579019088480363,0.0015288023384172067,0.14,0.0057901908848036,0.0015288023384172067,0.016276139987340513,0.001080786977074138,0.0002649127328875048,3.518208027070651e-05
growth_m64,initial,coupled_accepted,theta,100,0.026097255642884246,0.0013145612473657376,0.025,0.0010972556428842449,0.0013145612473657376,0.013125662877749909,0.0008296853941801234,0.000172283025980342,2.1780341557202692e-05
growth_m64,initial,coupled_accepted,cumulative_relative_0,100,0.999573062928015,0.0039221389877679095,1.0,-0.0004269370719852339,0.0039221389877679095,0.03902712550215522,0.002378030930829158,0.0015231165249609746,0.0001856154231709531
growth_m64,initial,coupled_accepted,baseline_relative_ISE_0,100,0.0035810578646751825,0.00019449640281178296,,,,,,,
growth_m64,initial,coupled_accepted,cumulative_relative_1,100,1.0030326991385334,0.0034003197047835026,1.0,0.0030326991385334055,0.0034003197047835026,0.03396840442888095,0.002747434345612628,0.001153852499444019,0.00018665192198713526
growth_m64,initial,coupled_accepted,baseline_relative_ISE_1,100,0.002867100266059089,0.0001825690598087372,,,,,,,
growth_m64,initial,coupled_accepted,prediction_mse,100,0.010082614539260484,0.00018555609450184358,,,,,,,
growth_m64,initial,coupled_accepted,negative_prediction_fraction,100,0.0,0.0,,,,,,,
growth_m64,projected_initial,coupled_accepted,static_x_0,100,0.24854945037636458,0.0027870045086411744,0.25,-0.0014505496236354146,0.0027870045086411744,0.027768257294941395,0.0015700954114791462,0.000771076113198066,8.719762672711962e-05
growth_m64,projected_initial,coupled_accepted,measured_z_0,100,0.35094096356334753,0.000774361594669695,0.35,0.0009409635633474878,0.000774361594669695,0.007762046410463384,0.0005561160235396004,6.0249364478187505e-05,8.633196768633453e-06
growth_m64,projected_initial,coupled_accepted,early2_0,100,0.2503867839241987,0.005564354898132169,0.25,0.00038678392419874333,0.005564354898132169,0.055365983235271796,0.0035125809894812135,0.0030653920996083976,0.00038895500035230257
growth_m64,projected_initial,coupled_accepted,static_x_1,100,-0.19614950680075563,0.003154057883636844,-0.2,0.0038504931992444057,0.003154057883636844,0.031617816655760224,0.0018178929002969095,0.0009996863300772685,0.00011495560884279177
growth_m64,projected_initial,coupled_accepted,measured_z_1,100,-0.30058257500634983,0.0006453932068770415,-0.3,-0.000582575006349787,0.0006453932068770413,0.0064479531942193535,0.00042379718173145807,4.1576100394843565e-05,5.46524878329303e-06
growth_m64,projected_initial,coupled_accepted,early2_1,100,-0.1965857918236485,0.006124454290123978,-0.2,0.0034142081763514666,0.006124454290123978,0.06103312143665478,0.0036806412803584974,0.003725041912301449,0.00044928205245776937
growth_m64,projected_initial,coupled_accepted,sigma0,100,0.03700016017641263,0.0011740523146817506,0.04,-0.002999839823587367,0.0011740523146817506,0.012060701633426173,0.0007785294189820589,0.00014546052389052876,1.8779222070374494e-05
growth_m64,projected_initial,coupled_accepted,sigma1,100,0.020792970121412062,0.0014745654193705792,0.0225,-0.0017070298785879373,0.0014745654193705792,0.014770711744216718,0.0007711809792632277,0.00021817392543074167,2.2781783894639813e-05
growth_m64,projected_initial,coupled_accepted,nu0,100,0.10920156938352774,0.0011926554157050402,0.1,0.009201569383527732,0.0011926554157050402,0.015016296022665528,0.0009698137063181405,0.00022548914624032055,2.9126019401823215e-05
growth_m64,projected_initial,coupled_accepted,nu1,100,0.14579019088480363,0.0015288023384172067,0.14,0.005790190884803597,0.001528802338417207,0.01627613998734051,0.0010807869770741384,0.00026491273288750477,3.518208027070651e-05
growth_m64,projected_initial,coupled_accepted,theta,100,0.026097255642884246,0.0013145612473657376,0.025,0.0010972556428842449,0.0013145612473657376,0.013125662877749909,0.000829685394180123,0.000172283025980342,2.1780341557202682e-05
growth_m64,projected_initial,coupled_accepted,cumulative_relative_0,100,0.999573062928015,0.0039221389877679095,1.0,-0.0004269370719852339,0.0039221389877679095,0.03902712550215522,0.002378030930829158,0.0015231165249609746,0.0001856154231709531
growth_m64,projected_initial,coupled_accepted,baseline_relative_ISE_0,100,0.0035810578646751825,0.00019449640281178296,,,,,,,
growth_m64,projected_initial,coupled_accepted,cumulative_relative_1,100,1.0030326991385334,0.0034003197047835026,1.0,0.0030326991385334055,0.0034003197047835026,0.03396840442888095,0.002747434345612628,0.001153852499444019,0.00018665192198713526
growth_m64,projected_initial,coupled_accepted,baseline_relative_ISE_1,100,0.002867100266059089,0.0001825690598087372,,,,,,,
growth_m64,projected_initial,coupled_accepted,prediction_mse,100,0.010082614539260484,0.00018555609450184358,,,,,,,
growth_m64,projected_initial,coupled_accepted,negative_prediction_fraction,100,0.0,0.0,,,,,,,
growth_m64,coupled,coupled_accepted,static_x_0,100,0.24541498377177823,0.002724560279432779,0.25,-0.004585016228221745,0.002724560279432779,0.02749403602098237,0.0017697312427455442,0.0007559220167230761,9.731410907100778e-05
growth_m64,coupled,coupled_accepted,measured_z_0,100,0.34885431886314777,0.0007699410040618563,0.35,-0.0011456811368522385,0.0007699410040618562,0.007746011302030304,0.0004938335758709922,6.000069109118121e-05,7.650480920037491e-06
growth_m64,coupled,coupled_accepted,early2_0,100,0.23759087801365295,0.005535073373934405,0.25,-0.012409121986347096,0.005535073373934405,0.05645399008662687,0.003775566812999361,0.003187052996700965,0.00042629162286492666
growth_m64,coupled,coupled_accepted,static_x_1,100,-0.19461642986529132,0.0032372219645759328,-0.2,0.005383570134708718,0.0032372219645759328,0.032656757740790514,0.0019405177629254302,0.001066463826140681,0.00012674203695111307
growth_m64,coupled,coupled_accepted,measured_z_1,100,-0.29925704562625594,0.0006412574001702412,-0.3,0.0007429543737440392,0.0006412574001702415,0.00642354072731714,0.0004140978761378006,4.1261875475502006e-05,5.319949144933381e-06
growth_m64,coupled,coupled_accepted,early2_1,100,-0.20331843095895225,0.006092999839811688,-0.2,-0.003318430958952211,0.006092999839811688,0.060715336133269605,0.003666721933949043,0.0036863520417759134,0.0004452525094538971
growth_m64,coupled,coupled_accepted,sigma0,100,0.03795431457888967,0.0010032216065675417,0.04,-0.002045685421110338,0.0010032216065675417,0.010189393232114236,0.0005547246799370568,0.00010382373443865537,1.1304615798874763e-05
growth_m64,coupled,coupled_accepted,sigma1,100,0.01995176215615751,0.0012500913682552933,0.0225,-0.0025482378438424894,0.0012500913682552933,0.012696599173733248,0.000694707361666689,0.00016120363057844377,1.7640841828247377e-05
growth_m64,coupled,coupled_accepted,nu0,100,0.09912682480337548,0.0011129325629953232,0.1,-0.0008731751966245304,0.0011129325629953234,0.011107911820488984,0.0008758752093969719,0.00012338570501175888,1.9458289183467776e-05
growth_m64,coupled,coupled_accepted,nu1,100,0.1396477118568334,0.0013213316270078526,0.14,-0.0003522881431666258,0.0013213316270078528,0.013151802785945604,0.0009139364390833564,0.00017296991652040656,2.4039823611427385e-05
growth_m64,coupled,coupled_accepted,theta,100,0.025898800410744275,0.0012265187017490209,0.025,0.0008988004107442736,0.0012265187017490209,0.012236760462909467,0.000802031387173843,0.00014973830662662433,1.9628531937162635e-05
growth_m64,coupled,coupled_accepted,cumulative_relative_0,100,0.9978664933326644,0.0038819957108383965,1.0,-0.0021335066673356285,0.003881995710838397,0.038684247826439234,0.002348975551436379,0.0014964710298973687,0.00018173670474002328
growth_m64,coupled,coupled_accepted,baseline_relative_ISE_0,100,0.003446317161896275,0.00018705511621024378,,,,,,,
growth_m64,coupled,coupled_accepted,cumulative_relative_1,100,1.0000172006907118,0.0033128104299896795,1.0,1.720069071157959e-05,0.0033128104299896795,0.03296205208150052,0.0025435559533731516,0.0010864968774235526,0.00016768164761459307
growth_m64,coupled,coupled_accepted,baseline_relative_ISE_1,100,0.002737725862722652,0.00016669790703958504,,,,,,,
growth_m64,coupled,coupled_accepted,prediction_mse,100,0.009630157347007208,0.00017033682453678004,,,,,,,
growth_m64,coupled,coupled_accepted,negative_prediction_fraction,100,0.0,0.0,,,,,,,
growth_m128,initial,certified_initial,static_x_0,200,0.2506674001303111,0.0013459676398180369,0.25,0.000667400130311057,0.0013459676398180369,0.01899893606321073,0.0010889653140024483,0.00036095957153396924,4.137836475157342e-05
growth_m128,initial,certified_initial,measured_z_0,200,0.3502120585768191,0.00019148299784874646,0.35,0.00021205857681905194,0.00019148299784874646,0.002709511172622469,0.00012039769002843319,7.341450794565986e-06,6.524377725799531e-07
growth_m128,initial,certified_initial,early2_0,200,0.2540748993711122,0.002701232839712388,0.25,0.00407489937111224,0.002701232839712388,0.03832283805902794,0.002154217261320042,0.0014686399168984806,0.00016511143849906127
growth_m128,initial,certified_initial,static_x_1,200,-0.20192635392150002,0.0015077554706363532,-0.2,-0.0019263539214999957,0.0015077554706363532,0.02135656397266224,0.0010076598926740056,0.0004561028247184148,4.3040305921156735e-05
growth_m128,initial,certified_initial,measured_z_1,200,-0.30028146371624403,0.00015992115367378332,-0.3,-0.0002814637162439995,0.00015992115367378332,0.0022734559873989852,0.00011381601676054478,5.1686021266402945e-06,5.175114095323276e-07
growth_m128,initial,certified_initial,early2_1,200,-0.19621534454571557,0.0026987664394141804,-0.2,0.0037846554542844356,0.0026987664394141804,0.038258441362852134,0.0017903004237041214,0.001463708335514795,0.00013698820756434692
growth_m128,initial,certified_initial,sigma0,200,0.038574532562031194,0.0006811524645475854,0.04,-0.00142546743796881,0.0006811524645475855,0.009713996331510528,0.0005355154847345707,9.436172472860001e-05,1.0403990908357404e-05
growth_m128,initial,certified_initial,sigma1,200,0.02199944464656675,0.0007602277621723221,0.0225,-0.0005005553534332431,0.0007602277621723221,0.010736007613958763,0.0005194510175830074,0.00011526185948698052,1.115366015969959e-05
growth_m128,initial,certified_initial,nu0,200,0.10345171592285571,0.0005489136280656065,0.1,0.0034517159228556987,0.0005489136280656064,0.008477869476245127,0.00040094675382652784,7.187427085624882e-05,6.79834849173098e-06
growth_m128,initial,certified_initial,nu1,200,0.1417871993534926,0.0007311735563360088,0.14,0.0017871993534925796,0.0007311735563360088,0.010468162238743178,0.0005112968346580154,0.00010958242065664859,1.0704676434711902e-05
growth_m128,initial,certified_initial,theta,200,0.02468276622536067,0.0006489228500533124,0.025,-0.0003172337746393325,0.0006489228500533125,0.009159678458696757,0.0004347762640333816,8.389970946671338e-05,7.964821560038438e-06
growth_m128,initial,certified_initial,cumulative_relative_0,200,0.9986210143105911,0.0018006843777308803,1.0,-0.0013789856894088177,0.0018006843777308803,0.025439182041571223,0.0014081088579177836,0.0006471519829441998,7.16422751418389e-05
growth_m128,initial,certified_initial,baseline_relative_ISE_0,200,0.0011968173873542604,7.222263076740021e-05,,,,,,,
growth_m128,initial,certified_initial,cumulative_relative_1,200,1.0017732182993975,0.0018209336081357287,1.0,0.001773218299397561,0.001820933608135729,0.025748560056432692,0.0012510786373896505,0.0006629883449797211,6.442694686029478e-05
growth_m128,initial,certified_initial,baseline_relative_ISE_1,200,0.001126100176957295,6.400776119953401e-05,,,,,,,
growth_m128,initial,certified_initial,prediction_mse,200,0.0031614619283747408,6.527623517464022e-05,,,,,,,
growth_m128,initial,certified_initial,negative_prediction_fraction,200,0.0,0.0,,,,,,,
growth_m128,projected_initial,certified_initial,static_x_0,200,0.2506674001303111,0.0013459676398180369,0.25,0.000667400130311057,0.0013459676398180369,0.01899893606321073,0.0010889653140024483,0.00036095957153396924,4.137836475157342e-05
growth_m128,projected_initial,certified_initial,measured_z_0,200,0.3502120585768191,0.00019148299784874646,0.35,0.00021205857681905194,0.00019148299784874646,0.002709511172622469,0.00012039769002843319,7.341450794565986e-06,6.524377725799531e-07
growth_m128,projected_initial,certified_initial,early2_0,200,0.2540748993711122,0.002701232839712388,0.25,0.00407489937111224,0.002701232839712388,0.03832283805902794,0.002154217261320042,0.0014686399168984806,0.00016511143849906127
growth_m128,projected_initial,certified_initial,static_x_1,200,-0.20192635392150002,0.0015077554706363532,-0.2,-0.0019263539214999957,0.0015077554706363532,0.02135656397266224,0.0010076598926740056,0.0004561028247184148,4.3040305921156735e-05
growth_m128,projected_initial,certified_initial,measured_z_1,200,-0.30028146371624403,0.00015992115367378332,-0.3,-0.0002814637162439995,0.00015992115367378332,0.0022734559873989852,0.00011381601676054478,5.1686021266402945e-06,5.175114095323276e-07
growth_m128,projected_initial,certified_initial,early2_1,200,-0.19621534454571557,0.0026987664394141804,-0.2,0.0037846554542844356,0.0026987664394141804,0.038258441362852134,0.0017903004237041214,0.001463708335514795,0.00013698820756434692
growth_m128,projected_initial,certified_initial,sigma0,200,0.038574532562031194,0.0006811524645475854,0.04,-0.00142546743796881,0.0006811524645475855,0.009713996331510528,0.0005355154847345707,9.436172472860001e-05,1.0403990908357404e-05
growth_m128,projected_initial,certified_initial,sigma1,200,0.0220566843579605,0.0007512292703130147,0.0225,-0.0004433156420394984,0.0007512292703130147,0.010606661428409355,0.0004973884918525704,0.00011250126665690679,1.0551262662934716e-05
growth_m128,projected_initial,certified_initial,nu0,200,0.10345171592285571,0.0005489136280656065,0.1,0.0034517159228556974,0.0005489136280656064,0.008477869476245126,0.0004009467538265278,7.18742708562488e-05,6.798348491730977e-06
growth_m128,projected_initial,certified_initial,nu1,200,0.1417871993534926,0.0007311735563360088,0.14,0.0017871993534925785,0.0007311735563360088,0.010468162238743178,0.0005112968346580154,0.00010958242065664857,1.0704676434711902e-05
growth_m128,projected_initial,certified_initial,theta,200,0.024682766225360666,0.0006489228500533124,0.025,-0.0003172337746393325,0.0006489228500533124,0.009159678458696755,0.0004347762640333817,8.389970946671337e-05,7.964821560038438e-06
growth_m128,projected_initial,certified_initial,cumulative_relative_0,200,0.9986210143105911,0.0018006843777308803,1.0,-0.0013789856894088177,0.0018006843777308803,0.025439182041571223,0.0014081088579177836,0.0006471519829441998,7.16422751418389e-05
growth_m128,projected_initial,certified_initial,baseline_relative_ISE_0,200,0.0011968173873542604,7.222263076740021e-05,,,,,,,
growth_m128,projected_initial,certified_initial,cumulative_relative_1,200,1.0017732182993975,0.0018209336081357287,1.0,0.001773218299397561,0.001820933608135729,0.025748560056432692,0.0012510786373896505,0.0006629883449797211,6.442694686029478e-05
growth_m128,projected_initial,certified_initial,baseline_relative_ISE_1,200,0.001126100176957295,6.400776119953401e-05,,,,,,,
growth_m128,projected_initial,certified_initial,prediction_mse,200,0.0031614619283747408,6.527623517464022e-05,,,,,,,
growth_m128,projected_initial,certified_initial,negative_prediction_fraction,200,0.0,0.0,,,,,,,
growth_m128,fallback,certified_initial,static_x_0,200,0.2506528265360474,0.0012014871118186964,0.25,0.0006528265360473881,0.0012014871118186964,0.016961629260763472,0.0010100490647871562,0.0002876968671795876,3.426415554420121e-05
growth_m128,fallback,certified_initial,measured_z_0,200,0.34968302405791535,0.00019103852629928387,0.35,-0.0003169759420846327,0.00019103852629928387,0.0027135072757319577,0.0001235671307303485,7.363121735450271e-06,6.706006165562453e-07
growth_m128,fallback,certified_initial,early2_0,200,0.2508365870946994,0.00269703921751863,0.25,0.0008365870946994044,0.0026970392175186294,0.0380556167417227,0.002071647767310323,0.0014482299655928846,0.00015767566691321437
growth_m128,fallback,certified_initial,static_x_1,200,-0.20131154133878496,0.0015196695607433786,-0.2,-0.0013115413387849578,0.0015196695607433783,0.021477659553114405,0.0010482728711946334,0.0004612898598794865,4.5028895692568166e-05
growth_m128,fallback,certified_initial,measured_z_1,200,-0.29994054366093786,0.00015999834326417136,-0.3,5.945633906215969e-05,0.00015999834326417136,0.0022578373625802453,0.00010902679806805745,5.0978295558633175e-06,4.923295564011037e-07
growth_m128,fallback,certified_initial,early2_1,200,-0.19787801047005416,0.0026960545212120473,-0.2,0.0021219895299458293,0.0026960545212120473,0.038091680533332166,0.0017870808658387223,0.0014509761258534365,0.0001361458268575185
growth_m128,fallback,certified_initial,sigma0,200,0.03884667551511918,0.0006045205475448224,0.04,-0.0011533244848808228,0.0006045205475448224,0.008605447737090738,0.0005177610579123816,7.405373075580011e-05,8.911131448331622e-06
growth_m128,fallback,certified_initial,sigma1,200,0.02225679770054762,0.0006441463981640525,0.0225,-0.00024320229945237659,0.0006441463981640525,0.009090057163172056,0.0004993520867512822,8.262913922973561e-05,9.078278026236812e-06
growth_m128,fallback,certified_initial,nu0,200,0.10082613750881773,0.0004938385045012444,0.1,0.0008261375088177342,0.0004938385045012444,0.00701526338925009,0.00031837917440734163,4.9213920420552666e-05,4.467027532238986e-06
growth_m128,fallback,certified_initial,nu1,200,0.14006245657011,0.0006724946713813051,0.14,6.24565701099894e-05,0.0006724946713813051,0.009486910368890579,0.0004905531979172331,9.000146834736357e-05,9.307668439626862e-06
growth_m128,fallback,certified_initial,theta,200,0.024878190202255304,0.0005684554037942231,0.025,-0.00012180979774469504,0.0005684554037942231,0.008019975392811029,0.0003945957251194012,6.43200053012944e-05,6.3292960111320445e-06
growth_m128,fallback,certified_initial,cumulative_relative_0,200,0.9982279681593096,0.0017659087177339541,1.0,-0.0017720318406904544,0.0017659087177339541,0.02497415430237444,0.0013644694167037762,0.0006237083831188077,6.815293950726191e-05
growth_m128,fallback,certified_initial,baseline_relative_ISE_0,200,0.0011661884360690438,6.893179111125767e-05,,,,,,,
growth_m128,fallback,certified_initial,cumulative_relative_1,200,1.0008526547352818,0.0018063600808485981,1.0,0.0008526547352817693,0.0018063600808485981,0.025496106206489375,0.0012248115938985002,0.000650051431692586,6.245585296195139e-05
growth_m128,fallback,certified_initial,baseline_relative_ISE_1,200,0.0011095587444334776,6.225686895718845e-05,,,,,,,
growth_m128,fallback,certified_initial,prediction_mse,200,0.003066584370814697,6.347296736056724e-05,,,,,,,
growth_m128,fallback,certified_initial,negative_prediction_fraction,200,0.0,0.0,,,,,,,
growth_m128,initial,coupled_accepted,static_x_0,200,0.2506674001303111,0.0013459676398180369,0.25,0.000667400130311057,0.0013459676398180369,0.01899893606321073,0.0010889653140024483,0.00036095957153396924,4.137836475157342e-05
growth_m128,initial,coupled_accepted,measured_z_0,200,0.3502120585768191,0.00019148299784874646,0.35,0.00021205857681905194,0.00019148299784874646,0.002709511172622469,0.00012039769002843319,7.341450794565986e-06,6.524377725799531e-07
growth_m128,initial,coupled_accepted,early2_0,200,0.2540748993711122,0.002701232839712388,0.25,0.00407489937111224,0.002701232839712388,0.03832283805902794,0.002154217261320042,0.0014686399168984806,0.00016511143849906127
growth_m128,initial,coupled_accepted,static_x_1,200,-0.20192635392150002,0.0015077554706363532,-0.2,-0.0019263539214999957,0.0015077554706363532,0.02135656397266224,0.0010076598926740056,0.0004561028247184148,4.3040305921156735e-05
growth_m128,initial,coupled_accepted,measured_z_1,200,-0.30028146371624403,0.00015992115367378332,-0.3,-0.0002814637162439995,0.00015992115367378332,0.0022734559873989852,0.00011381601676054478,5.1686021266402945e-06,5.175114095323276e-07
growth_m128,initial,coupled_accepted,early2_1,200,-0.19621534454571557,0.0026987664394141804,-0.2,0.0037846554542844356,0.0026987664394141804,0.038258441362852134,0.0017903004237041214,0.001463708335514795,0.00013698820756434692
growth_m128,initial,coupled_accepted,sigma0,200,0.038574532562031194,0.0006811524645475854,0.04,-0.00142546743796881,0.0006811524645475855,0.009713996331510528,0.0005355154847345707,9.436172472860001e-05,1.0403990908357404e-05
growth_m128,initial,coupled_accepted,sigma1,200,0.02199944464656675,0.0007602277621723221,0.0225,-0.0005005553534332431,0.0007602277621723221,0.010736007613958763,0.0005194510175830074,0.00011526185948698052,1.115366015969959e-05
growth_m128,initial,coupled_accepted,nu0,200,0.10345171592285571,0.0005489136280656065,0.1,0.0034517159228556987,0.0005489136280656064,0.008477869476245127,0.00040094675382652784,7.187427085624882e-05,6.79834849173098e-06
growth_m128,initial,coupled_accepted,nu1,200,0.1417871993534926,0.0007311735563360088,0.14,0.0017871993534925796,0.0007311735563360088,0.010468162238743178,0.0005112968346580154,0.00010958242065664859,1.0704676434711902e-05
growth_m128,initial,coupled_accepted,theta,200,0.02468276622536067,0.0006489228500533124,0.025,-0.0003172337746393325,0.0006489228500533125,0.009159678458696757,0.0004347762640333816,8.389970946671338e-05,7.964821560038438e-06
growth_m128,initial,coupled_accepted,cumulative_relative_0,200,0.9986210143105911,0.0018006843777308803,1.0,-0.0013789856894088177,0.0018006843777308803,0.025439182041571223,0.0014081088579177836,0.0006471519829441998,7.16422751418389e-05
growth_m128,initial,coupled_accepted,baseline_relative_ISE_0,200,0.0011968173873542604,7.222263076740021e-05,,,,,,,
growth_m128,initial,coupled_accepted,cumulative_relative_1,200,1.0017732182993975,0.0018209336081357287,1.0,0.001773218299397561,0.001820933608135729,0.025748560056432692,0.0012510786373896505,0.0006629883449797211,6.442694686029478e-05
growth_m128,initial,coupled_accepted,baseline_relative_ISE_1,200,0.001126100176957295,6.400776119953401e-05,,,,,,,
growth_m128,initial,coupled_accepted,prediction_mse,200,0.0031614619283747408,6.527623517464022e-05,,,,,,,
growth_m128,initial,coupled_accepted,negative_prediction_fraction,200,0.0,0.0,,,,,,,
growth_m128,projected_initial,coupled_accepted,static_x_0,200,0.2506674001303111,0.0013459676398180369,0.25,0.000667400130311057,0.0013459676398180369,0.01899893606321073,0.0010889653140024483,0.00036095957153396924,4.137836475157342e-05
growth_m128,projected_initial,coupled_accepted,measured_z_0,200,0.3502120585768191,0.00019148299784874646,0.35,0.00021205857681905194,0.00019148299784874646,0.002709511172622469,0.00012039769002843319,7.341450794565986e-06,6.524377725799531e-07
growth_m128,projected_initial,coupled_accepted,early2_0,200,0.2540748993711122,0.002701232839712388,0.25,0.00407489937111224,0.002701232839712388,0.03832283805902794,0.002154217261320042,0.0014686399168984806,0.00016511143849906127
growth_m128,projected_initial,coupled_accepted,static_x_1,200,-0.20192635392150002,0.0015077554706363532,-0.2,-0.0019263539214999957,0.0015077554706363532,0.02135656397266224,0.0010076598926740056,0.0004561028247184148,4.3040305921156735e-05
growth_m128,projected_initial,coupled_accepted,measured_z_1,200,-0.30028146371624403,0.00015992115367378332,-0.3,-0.0002814637162439995,0.00015992115367378332,0.0022734559873989852,0.00011381601676054478,5.1686021266402945e-06,5.175114095323276e-07
growth_m128,projected_initial,coupled_accepted,early2_1,200,-0.19621534454571557,0.0026987664394141804,-0.2,0.0037846554542844356,0.0026987664394141804,0.038258441362852134,0.0017903004237041214,0.001463708335514795,0.00013698820756434692
growth_m128,projected_initial,coupled_accepted,sigma0,200,0.038574532562031194,0.0006811524645475854,0.04,-0.00142546743796881,0.0006811524645475855,0.009713996331510528,0.0005355154847345707,9.436172472860001e-05,1.0403990908357404e-05
growth_m128,projected_initial,coupled_accepted,sigma1,200,0.0220566843579605,0.0007512292703130147,0.0225,-0.0004433156420394984,0.0007512292703130147,0.010606661428409355,0.0004973884918525704,0.00011250126665690679,1.0551262662934716e-05
growth_m128,projected_initial,coupled_accepted,nu0,200,0.10345171592285571,0.0005489136280656065,0.1,0.0034517159228556974,0.0005489136280656064,0.008477869476245126,0.0004009467538265278,7.18742708562488e-05,6.798348491730977e-06
growth_m128,projected_initial,coupled_accepted,nu1,200,0.1417871993534926,0.0007311735563360088,0.14,0.0017871993534925785,0.0007311735563360088,0.010468162238743178,0.0005112968346580154,0.00010958242065664857,1.0704676434711902e-05
growth_m128,projected_initial,coupled_accepted,theta,200,0.024682766225360666,0.0006489228500533124,0.025,-0.0003172337746393325,0.0006489228500533124,0.009159678458696755,0.0004347762640333817,8.389970946671337e-05,7.964821560038438e-06
growth_m128,projected_initial,coupled_accepted,cumulative_relative_0,200,0.9986210143105911,0.0018006843777308803,1.0,-0.0013789856894088177,0.0018006843777308803,0.025439182041571223,0.0014081088579177836,0.0006471519829441998,7.16422751418389e-05
growth_m128,projected_initial,coupled_accepted,baseline_relative_ISE_0,200,0.0011968173873542604,7.222263076740021e-05,,,,,,,
growth_m128,projected_initial,coupled_accepted,cumulative_relative_1,200,1.0017732182993975,0.0018209336081357287,1.0,0.001773218299397561,0.001820933608135729,0.025748560056432692,0.0012510786373896505,0.0006629883449797211,6.442694686029478e-05
growth_m128,projected_initial,coupled_accepted,baseline_relative_ISE_1,200,0.001126100176957295,6.400776119953401e-05,,,,,,,
growth_m128,projected_initial,coupled_accepted,prediction_mse,200,0.0031614619283747408,6.527623517464022e-05,,,,,,,
growth_m128,projected_initial,coupled_accepted,negative_prediction_fraction,200,0.0,0.0,,,,,,,
growth_m128,coupled,coupled_accepted,static_x_0,200,0.2506528265360474,0.0012014871118186964,0.25,0.0006528265360473881,0.0012014871118186964,0.016961629260763472,0.0010100490647871562,0.0002876968671795876,3.426415554420121e-05
growth_m128,coupled,coupled_accepted,measured_z_0,200,0.34968302405791535,0.00019103852629928387,0.35,-0.0003169759420846327,0.00019103852629928387,0.0027135072757319577,0.0001235671307303485,7.363121735450271e-06,6.706006165562453e-07
growth_m128,coupled,coupled_accepted,early2_0,200,0.2508365870946994,0.00269703921751863,0.25,0.0008365870946994044,0.0026970392175186294,0.0380556167417227,0.002071647767310323,0.0014482299655928846,0.00015767566691321437
growth_m128,coupled,coupled_accepted,static_x_1,200,-0.20131154133878496,0.0015196695607433786,-0.2,-0.0013115413387849578,0.0015196695607433783,0.021477659553114405,0.0010482728711946334,0.0004612898598794865,4.5028895692568166e-05
growth_m128,coupled,coupled_accepted,measured_z_1,200,-0.29994054366093786,0.00015999834326417136,-0.3,5.945633906215969e-05,0.00015999834326417136,0.0022578373625802453,0.00010902679806805745,5.0978295558633175e-06,4.923295564011037e-07
growth_m128,coupled,coupled_accepted,early2_1,200,-0.19787801047005416,0.0026960545212120473,-0.2,0.0021219895299458293,0.0026960545212120473,0.038091680533332166,0.0017870808658387223,0.0014509761258534365,0.0001361458268575185
growth_m128,coupled,coupled_accepted,sigma0,200,0.03884667551511918,0.0006045205475448224,0.04,-0.0011533244848808228,0.0006045205475448224,0.008605447737090738,0.0005177610579123816,7.405373075580011e-05,8.911131448331622e-06
growth_m128,coupled,coupled_accepted,sigma1,200,0.02225679770054762,0.0006441463981640525,0.0225,-0.00024320229945237659,0.0006441463981640525,0.009090057163172056,0.0004993520867512822,8.262913922973561e-05,9.078278026236812e-06
growth_m128,coupled,coupled_accepted,nu0,200,0.10082613750881773,0.0004938385045012444,0.1,0.0008261375088177342,0.0004938385045012444,0.00701526338925009,0.00031837917440734163,4.9213920420552666e-05,4.467027532238986e-06
growth_m128,coupled,coupled_accepted,nu1,200,0.14006245657011,0.0006724946713813051,0.14,6.24565701099894e-05,0.0006724946713813051,0.009486910368890579,0.0004905531979172331,9.000146834736357e-05,9.307668439626862e-06
growth_m128,coupled,coupled_accepted,theta,200,0.024878190202255304,0.0005684554037942231,0.025,-0.00012180979774469504,0.0005684554037942231,0.008019975392811029,0.0003945957251194012,6.43200053012944e-05,6.3292960111320445e-06
growth_m128,coupled,coupled_accepted,cumulative_relative_0,200,0.9982279681593096,0.0017659087177339541,1.0,-0.0017720318406904544,0.0017659087177339541,0.02497415430237444,0.0013644694167037762,0.0006237083831188077,6.815293950726191e-05
growth_m128,coupled,coupled_accepted,baseline_relative_ISE_0,200,0.0011661884360690438,6.893179111125767e-05,,,,,,,
growth_m128,coupled,coupled_accepted,cumulative_relative_1,200,1.0008526547352818,0.0018063600808485981,1.0,0.0008526547352817693,0.0018063600808485981,0.025496106206489375,0.0012248115938985002,0.000650051431692586,6.245585296195139e-05
growth_m128,coupled,coupled_accepted,baseline_relative_ISE_1,200,0.0011095587444334776,6.225686895718845e-05,,,,,,,
growth_m128,coupled,coupled_accepted,prediction_mse,200,0.003066584370814697,6.347296736056724e-05,,,,,,,
growth_m128,coupled,coupled_accepted,negative_prediction_fraction,200,0.0,0.0,,,,,,,
