case,comparison,parameter,n,risk_difference,MCSE
cf_reference,coupled - initial,treatment_0,200,-0.002714670492526584,0.00045496716117532506
cf_reference,coupled - initial,FEV10_0,200,-0.0002617735884617795,5.740802423899271e-05
cf_reference,coupled - initial,treatment_1,200,-0.011973866176006535,0.0018685826462298378
cf_reference,coupled - initial,FEV10_1,200,-0.000980599651042389,0.00012845233418940392
cf_reference,coupled - initial,nu0,200,0.007226889095006461,0.0016983898864315473
cf_reference,coupled - initial,nu1,200,0.00031738388423274575,0.0003107001343736183
cf_reference,coupled - initial,theta,200,0.004477595735456145,0.0005580245035572217
cf_reference,coupled - initial,cumulative_relative_0,200,-0.010861174634966796,0.0015635611886642648
cf_reference,coupled - initial,cumulative_relative_1,200,-6.119588176403654,0.328660833057185
cf_reference,coupled - initial,baseline_relative_ISE_0,200,-0.02665851232232452,0.0022844018784466532
cf_reference,coupled - initial,baseline_relative_ISE_1,200,-8.91180139321067,0.5505618112602623
cf_reference,coupled - initial,prediction_mse,200,-0.0732948520830341,0.0007799355979547178
cf_reference,coupled - initial,negative_prediction_fraction,200,0.0,0.0
cf_reference,coupled - projected_initial,treatment_0,200,-0.002714670492526584,0.00045496716117532506
cf_reference,coupled - projected_initial,FEV10_0,200,-0.0002617735884617795,5.740802423899271e-05
cf_reference,coupled - projected_initial,treatment_1,200,-0.011973866176006535,0.0018685826462298378
cf_reference,coupled - projected_initial,FEV10_1,200,-0.000980599651042389,0.00012845233418940392
cf_reference,coupled - projected_initial,nu0,200,0.007226889095006459,0.0016983898864315473
cf_reference,coupled - projected_initial,nu1,200,0.0003173838842327456,0.0003107001343736183
cf_reference,coupled - projected_initial,theta,200,0.004477595735456145,0.0005580245035572217
cf_reference,coupled - projected_initial,cumulative_relative_0,200,-0.010861174634966796,0.0015635611886642648
cf_reference,coupled - projected_initial,cumulative_relative_1,200,-6.119588176403654,0.328660833057185
cf_reference,coupled - projected_initial,baseline_relative_ISE_0,200,-0.02665851232232452,0.0022844018784466532
cf_reference,coupled - projected_initial,baseline_relative_ISE_1,200,-8.91180139321067,0.5505618112602623
cf_reference,coupled - projected_initial,prediction_mse,200,-0.0732948520830341,0.0007799355979547178
cf_reference,coupled - projected_initial,negative_prediction_fraction,200,0.0,0.0
cf_reference,fallback - projected_initial,treatment_0,200,-0.002714670492526584,0.00045496716117532506
cf_reference,fallback - projected_initial,FEV10_0,200,-0.0002617735884617795,5.740802423899271e-05
cf_reference,fallback - projected_initial,treatment_1,200,-0.011973866176006535,0.0018685826462298378
cf_reference,fallback - projected_initial,FEV10_1,200,-0.000980599651042389,0.00012845233418940392
cf_reference,fallback - projected_initial,nu0,200,0.007226889095006459,0.0016983898864315473
cf_reference,fallback - projected_initial,nu1,200,0.0003173838842327456,0.0003107001343736183
cf_reference,fallback - projected_initial,theta,200,0.004477595735456145,0.0005580245035572217
cf_reference,fallback - projected_initial,cumulative_relative_0,200,-0.010861174634966796,0.0015635611886642648
cf_reference,fallback - projected_initial,cumulative_relative_1,200,-6.119588176403654,0.328660833057185
cf_reference,fallback - projected_initial,baseline_relative_ISE_0,200,-0.02665851232232452,0.0022844018784466532
cf_reference,fallback - projected_initial,baseline_relative_ISE_1,200,-8.91180139321067,0.5505618112602623
cf_reference,fallback - projected_initial,prediction_mse,200,-0.0732948520830341,0.0007799355979547178
cf_reference,fallback - projected_initial,negative_prediction_fraction,200,0.0,0.0
cf_n160,coupled - initial,treatment_0,100,-0.008823896004530426,0.0018773246053176613
cf_n160,coupled - initial,FEV10_0,100,-0.000339145395711249,0.00015642245918843294
cf_n160,coupled - initial,treatment_1,100,-0.04152458250786441,0.009780382951969492
cf_n160,coupled - initial,FEV10_1,100,-0.002025175999863596,0.000457430467513238
cf_n160,coupled - initial,nu0,100,0.04872407492590868,0.011244717594412961
cf_n160,coupled - initial,nu1,100,0.02452457994456875,0.013509398806419843
cf_n160,coupled - initial,theta,100,0.01922137991575117,0.004357391198073
cf_n160,coupled - initial,cumulative_relative_0,100,-0.023627943450304067,0.005599515446865291
cf_n160,coupled - initial,cumulative_relative_1,100,-18.29399637427998,4.801905254702285
cf_n160,coupled - initial,baseline_relative_ISE_0,100,-0.05295524515758102,0.009352626293288294
cf_n160,coupled - initial,baseline_relative_ISE_1,100,-44.04486312962175,15.038057685219803
cf_n160,coupled - initial,prediction_mse,100,-0.059031016386786775,0.003048361187516817
cf_n160,coupled - initial,negative_prediction_fraction,100,0.0,0.0
cf_n160,coupled - projected_initial,treatment_0,100,-0.008823896004530426,0.0018773246053176613
cf_n160,coupled - projected_initial,FEV10_0,100,-0.000339145395711249,0.00015642245918843294
cf_n160,coupled - projected_initial,treatment_1,100,-0.04152458250786441,0.009780382951969492
cf_n160,coupled - projected_initial,FEV10_1,100,-0.002025175999863596,0.000457430467513238
cf_n160,coupled - projected_initial,nu0,100,0.04872407492590868,0.011244717594412961
cf_n160,coupled - projected_initial,nu1,100,0.02452457994456875,0.013509398806419843
cf_n160,coupled - projected_initial,theta,100,0.01922137991575117,0.004357391198073
cf_n160,coupled - projected_initial,cumulative_relative_0,100,-0.023627943450304067,0.005599515446865291
cf_n160,coupled - projected_initial,cumulative_relative_1,100,-18.29399637427998,4.801905254702285
cf_n160,coupled - projected_initial,baseline_relative_ISE_0,100,-0.05295524515758102,0.009352626293288294
cf_n160,coupled - projected_initial,baseline_relative_ISE_1,100,-44.04486312962175,15.038057685219803
cf_n160,coupled - projected_initial,prediction_mse,100,-0.059031016386786775,0.003048361187516817
cf_n160,coupled - projected_initial,negative_prediction_fraction,100,0.0,0.0
cf_n160,fallback - projected_initial,treatment_0,100,-0.008823896004530426,0.0018773246053176613
cf_n160,fallback - projected_initial,FEV10_0,100,-0.000339145395711249,0.00015642245918843294
cf_n160,fallback - projected_initial,treatment_1,100,-0.04152458250786441,0.009780382951969492
cf_n160,fallback - projected_initial,FEV10_1,100,-0.002025175999863596,0.000457430467513238
cf_n160,fallback - projected_initial,nu0,100,0.04872407492590868,0.011244717594412961
cf_n160,fallback - projected_initial,nu1,100,0.02452457994456875,0.013509398806419843
cf_n160,fallback - projected_initial,theta,100,0.01922137991575117,0.004357391198073
cf_n160,fallback - projected_initial,cumulative_relative_0,100,-0.023627943450304067,0.005599515446865291
cf_n160,fallback - projected_initial,cumulative_relative_1,100,-18.29399637427998,4.801905254702285
cf_n160,fallback - projected_initial,baseline_relative_ISE_0,100,-0.05295524515758102,0.009352626293288294
cf_n160,fallback - projected_initial,baseline_relative_ISE_1,100,-44.04486312962175,15.038057685219803
cf_n160,fallback - projected_initial,prediction_mse,100,-0.059031016386786775,0.003048361187516817
cf_n160,fallback - projected_initial,negative_prediction_fraction,100,0.0,0.0
cf_n2564,coupled - initial,treatment_0,100,-0.0011245956570690207,0.0002842903339035065
cf_n2564,coupled - initial,FEV10_0,100,-3.4408489055824714e-05,2.714655149352528e-05
cf_n2564,coupled - initial,treatment_1,100,-0.003167451775320615,0.0007423220357596164
cf_n2564,coupled - initial,FEV10_1,100,-0.0007950975335644527,9.851324477283953e-05
cf_n2564,coupled - initial,nu0,100,-0.005396684872932371,0.0009388160307687915
cf_n2564,coupled - initial,nu1,100,-0.00070215249518571,0.0001477219080293636
cf_n2564,coupled - initial,theta,100,0.0013514236289576362,0.0002233121497225169
cf_n2564,coupled - initial,cumulative_relative_0,100,-0.006756807061994421,0.0009092298610531053
cf_n2564,coupled - initial,cumulative_relative_1,100,-4.681306023791499,0.18418113764461547
cf_n2564,coupled - initial,baseline_relative_ISE_0,100,-0.01978819250522649,0.0012324594260714893
cf_n2564,coupled - initial,baseline_relative_ISE_1,100,-6.177474802453417,0.2764969867248256
cf_n2564,coupled - initial,prediction_mse,100,-0.07719463572552372,0.0004912493352810691
cf_n2564,coupled - initial,negative_prediction_fraction,100,0.0,0.0
cf_n2564,coupled - projected_initial,treatment_0,100,-0.0011245956570690207,0.0002842903339035065
cf_n2564,coupled - projected_initial,FEV10_0,100,-3.4408489055824714e-05,2.714655149352528e-05
cf_n2564,coupled - projected_initial,treatment_1,100,-0.003167451775320615,0.0007423220357596164
cf_n2564,coupled - projected_initial,FEV10_1,100,-0.0007950975335644527,9.851324477283953e-05
cf_n2564,coupled - projected_initial,nu0,100,-0.005396684872932374,0.0009388160307687912
cf_n2564,coupled - projected_initial,nu1,100,-0.0007021524951857101,0.00014772190802936363
cf_n2564,coupled - projected_initial,theta,100,0.0013514236289576362,0.0002233121497225169
cf_n2564,coupled - projected_initial,cumulative_relative_0,100,-0.006756807061994421,0.0009092298610531053
cf_n2564,coupled - projected_initial,cumulative_relative_1,100,-4.681306023791499,0.18418113764461547
cf_n2564,coupled - projected_initial,baseline_relative_ISE_0,100,-0.01978819250522649,0.0012324594260714893
cf_n2564,coupled - projected_initial,baseline_relative_ISE_1,100,-6.177474802453417,0.2764969867248256
cf_n2564,coupled - projected_initial,prediction_mse,100,-0.07719463572552372,0.0004912493352810691
cf_n2564,coupled - projected_initial,negative_prediction_fraction,100,0.0,0.0
cf_n2564,fallback - projected_initial,treatment_0,100,-0.0011245956570690207,0.0002842903339035065
cf_n2564,fallback - projected_initial,FEV10_0,100,-3.4408489055824714e-05,2.714655149352528e-05
cf_n2564,fallback - projected_initial,treatment_1,100,-0.003167451775320615,0.0007423220357596164
cf_n2564,fallback - projected_initial,FEV10_1,100,-0.0007950975335644527,9.851324477283953e-05
cf_n2564,fallback - projected_initial,nu0,100,-0.005396684872932374,0.0009388160307687912
cf_n2564,fallback - projected_initial,nu1,100,-0.0007021524951857101,0.00014772190802936363
cf_n2564,fallback - projected_initial,theta,100,0.0013514236289576362,0.0002233121497225169
cf_n2564,fallback - projected_initial,cumulative_relative_0,100,-0.006756807061994421,0.0009092298610531053
cf_n2564,fallback - projected_initial,cumulative_relative_1,100,-4.681306023791499,0.18418113764461547
cf_n2564,fallback - projected_initial,baseline_relative_ISE_0,100,-0.01978819250522649,0.0012324594260714893
cf_n2564,fallback - projected_initial,baseline_relative_ISE_1,100,-6.177474802453417,0.2764969867248256
cf_n2564,fallback - projected_initial,prediction_mse,100,-0.07719463572552372,0.0004912493352810691
cf_n2564,fallback - projected_initial,negative_prediction_fraction,100,0.0,0.0
cf_long4,coupled - initial,treatment_0,100,-0.0003151306161962756,0.00027937348593898076
cf_long4,coupled - initial,FEV10_0,100,-3.551370044548315e-05,1.826632569446619e-05
cf_long4,coupled - initial,treatment_1,100,-0.0033896625291729605,0.0009048357820275275
cf_long4,coupled - initial,FEV10_1,100,-0.0007356886518028435,0.00011821518875342999
cf_long4,coupled - initial,nu0,100,-0.0008572107549771222,0.0005750321643129888
cf_long4,coupled - initial,nu1,100,-0.013375084511221125,0.00031912123618070337
cf_long4,coupled - initial,theta,100,0.0007017972174989613,0.00010244208905467597
cf_long4,coupled - initial,cumulative_relative_0,100,0.0039797691116902675,0.0004930027288882494
cf_long4,coupled - initial,cumulative_relative_1,100,-0.5183239842012971,0.024357816531207242
cf_long4,coupled - initial,baseline_relative_ISE_0,100,0.002671054699195063,0.0006241215415138463
cf_long4,coupled - initial,baseline_relative_ISE_1,100,-0.5981248200334247,0.0285628770777336
cf_long4,coupled - initial,prediction_mse,100,-0.07926588755138755,0.0009360291211127795
cf_long4,coupled - initial,negative_prediction_fraction,100,0.0,0.0
cf_long4,coupled - projected_initial,treatment_0,100,-0.0003151306161962756,0.00027937348593898076
cf_long4,coupled - projected_initial,FEV10_0,100,-3.551370044548315e-05,1.826632569446619e-05
cf_long4,coupled - projected_initial,treatment_1,100,-0.0033896625291729605,0.0009048357820275275
cf_long4,coupled - projected_initial,FEV10_1,100,-0.0007356886518028435,0.00011821518875342999
cf_long4,coupled - projected_initial,nu0,100,-0.000857210754977123,0.0005750321643129887
cf_long4,coupled - projected_initial,nu1,100,-0.013375084511221125,0.0003191212361807035
cf_long4,coupled - projected_initial,theta,100,0.0007017972174989616,0.00010244208905467594
cf_long4,coupled - projected_initial,cumulative_relative_0,100,0.0039797691116902675,0.0004930027288882494
cf_long4,coupled - projected_initial,cumulative_relative_1,100,-0.5183239842012971,0.024357816531207242
cf_long4,coupled - projected_initial,baseline_relative_ISE_0,100,0.002671054699195063,0.0006241215415138463
cf_long4,coupled - projected_initial,baseline_relative_ISE_1,100,-0.5981248200334247,0.0285628770777336
cf_long4,coupled - projected_initial,prediction_mse,100,-0.07926588755138755,0.0009360291211127795
cf_long4,coupled - projected_initial,negative_prediction_fraction,100,0.0,0.0
cf_long4,fallback - projected_initial,treatment_0,100,-0.0003151306161962756,0.00027937348593898076
cf_long4,fallback - projected_initial,FEV10_0,100,-3.551370044548315e-05,1.826632569446619e-05
cf_long4,fallback - projected_initial,treatment_1,100,-0.0033896625291729605,0.0009048357820275275
cf_long4,fallback - projected_initial,FEV10_1,100,-0.0007356886518028435,0.00011821518875342999
cf_long4,fallback - projected_initial,nu0,100,-0.000857210754977123,0.0005750321643129887
cf_long4,fallback - projected_initial,nu1,100,-0.013375084511221125,0.0003191212361807035
cf_long4,fallback - projected_initial,theta,100,0.0007017972174989616,0.00010244208905467594
cf_long4,fallback - projected_initial,cumulative_relative_0,100,0.0039797691116902675,0.0004930027288882494
cf_long4,fallback - projected_initial,cumulative_relative_1,100,-0.5183239842012971,0.024357816531207242
cf_long4,fallback - projected_initial,baseline_relative_ISE_0,100,0.002671054699195063,0.0006241215415138463
cf_long4,fallback - projected_initial,baseline_relative_ISE_1,100,-0.5981248200334247,0.0285628770777336
cf_long4,fallback - projected_initial,prediction_mse,100,-0.07926588755138755,0.0009360291211127795
cf_long4,fallback - projected_initial,negative_prediction_fraction,100,0.0,0.0
cf_long16,coupled - initial,treatment_0,99,6.279469522817048e-05,0.00016105262093257434
cf_long16,coupled - initial,FEV10_0,99,0.00012676988875577594,1.59142178824325e-05
cf_long16,coupled - initial,treatment_1,99,-0.002539398980313309,0.0004796937911438356
cf_long16,coupled - initial,FEV10_1,99,-0.00036267170994146175,4.2262969628307045e-05
cf_long16,coupled - initial,nu0,99,0.003493439771882147,0.0003770415972043515
cf_long16,coupled - initial,nu1,99,-0.01948208122535789,0.0003726008796224289
cf_long16,coupled - initial,theta,99,-0.00017974439473037124,5.290549055405239e-05
cf_long16,coupled - initial,cumulative_relative_0,99,0.007613502146804598,0.0005585100545245211
cf_long16,coupled - initial,cumulative_relative_1,99,-0.07665555388460552,0.0032369037075468707
cf_long16,coupled - initial,baseline_relative_ISE_0,99,0.007450028952798509,0.0005627250406790118
cf_long16,coupled - initial,baseline_relative_ISE_1,99,-0.08229326736418621,0.0033806703330603195
cf_long16,coupled - initial,prediction_mse,99,-0.06360508196300688,0.0008806366947251271
cf_long16,coupled - initial,negative_prediction_fraction,99,0.0,0.0
cf_long16,coupled - projected_initial,treatment_0,99,6.279469522817048e-05,0.00016105262093257434
cf_long16,coupled - projected_initial,FEV10_0,99,0.00012676988875577594,1.59142178824325e-05
cf_long16,coupled - projected_initial,treatment_1,99,-0.002539398980313309,0.0004796937911438356
cf_long16,coupled - projected_initial,FEV10_1,99,-0.00036267170994146175,4.2262969628307045e-05
cf_long16,coupled - projected_initial,nu0,99,0.0034934397718821455,0.00037704159720435145
cf_long16,coupled - projected_initial,nu1,99,-0.019482081225357887,0.0003726008796224288
cf_long16,coupled - projected_initial,theta,99,-0.00017974439473037127,5.290549055405241e-05
cf_long16,coupled - projected_initial,cumulative_relative_0,99,0.007613502146804598,0.0005585100545245211
cf_long16,coupled - projected_initial,cumulative_relative_1,99,-0.07665555388460552,0.0032369037075468707
cf_long16,coupled - projected_initial,baseline_relative_ISE_0,99,0.007450028952798509,0.0005627250406790118
cf_long16,coupled - projected_initial,baseline_relative_ISE_1,99,-0.08229326736418621,0.0033806703330603195
cf_long16,coupled - projected_initial,prediction_mse,99,-0.06360508196300688,0.0008806366947251271
cf_long16,coupled - projected_initial,negative_prediction_fraction,99,0.0,0.0
cf_long16,fallback - projected_initial,treatment_0,100,6.216674827588878e-05,0.00015943519715684283
cf_long16,fallback - projected_initial,FEV10_0,100,0.0001255021898682182,1.580519359776586e-05
cf_long16,fallback - projected_initial,treatment_1,100,-0.002514004990510176,0.00047555111745723876
cf_long16,fallback - projected_initial,FEV10_1,100,-0.0003590449928420472,4.19951009843568e-05
cf_long16,fallback - projected_initial,nu0,100,0.003458505374163324,0.00037488340967017605
cf_long16,fallback - projected_initial,nu1,100,-0.019287260413104305,0.00041714498207774686
cf_long16,fallback - projected_initial,theta,100,-0.00017794695078306752,5.240459824188454e-05
cf_long16,fallback - projected_initial,cumulative_relative_0,100,0.0075373671253365524,0.0005581141038164361
cf_long16,fallback - projected_initial,cumulative_relative_1,100,-0.07588899834575946,0.0032947840739307372
cf_long16,fallback - projected_initial,baseline_relative_ISE_0,100,0.0073755286632705246,0.0005620289806752008
cf_long16,fallback - projected_initial,baseline_relative_ISE_1,100,-0.08147033469054435,0.003446385272740822
cf_long16,fallback - projected_initial,prediction_mse,100,-0.0629690311433768,0.0010791530074491526
cf_long16,fallback - projected_initial,negative_prediction_fraction,100,0.0,0.0
cf_K2,coupled - initial,treatment_0,100,-0.0022988501490338997,0.0005682803790391418
cf_K2,coupled - initial,FEV10_0,100,-0.00022451772446869918,7.018203494037474e-05
cf_K2,coupled - initial,treatment_1,100,-0.007732800613474716,0.0020351924525868837
cf_K2,coupled - initial,FEV10_1,100,-0.00048167607840509627,0.00011323899879253448
cf_K2,coupled - initial,nu0,100,0.007000985761122473,0.0023393801760003005
cf_K2,coupled - initial,nu1,100,0.0006863620865693338,0.0004808532284323173
cf_K2,coupled - initial,theta,100,0.0034517498704208717,0.0005517485004640571
cf_K2,coupled - initial,cumulative_relative_0,100,-0.010214929089443213,0.002141155521278487
cf_K2,coupled - initial,cumulative_relative_1,100,-2.500771749865322,0.15872901103961454
cf_K2,coupled - initial,baseline_relative_ISE_0,100,-0.02847356602586298,0.0032993245772709235
cf_K2,coupled - initial,baseline_relative_ISE_1,100,-3.576466285171345,0.2383337155221818
cf_K2,coupled - initial,prediction_mse,100,-0.06569712608968188,0.0010364543502840596
cf_K2,coupled - initial,negative_prediction_fraction,100,0.0,0.0
cf_K2,coupled - projected_initial,treatment_0,100,-0.0022988501490338997,0.0005682803790391418
cf_K2,coupled - projected_initial,FEV10_0,100,-0.00022451772446869918,7.018203494037474e-05
cf_K2,coupled - projected_initial,treatment_1,100,-0.007732800613474716,0.0020351924525868837
cf_K2,coupled - projected_initial,FEV10_1,100,-0.00048167607840509627,0.00011323899879253448
cf_K2,coupled - projected_initial,nu0,100,0.007000985761122473,0.0023393801760003
cf_K2,coupled - projected_initial,nu1,100,0.0006863620865693338,0.00048085322843231717
cf_K2,coupled - projected_initial,theta,100,0.003451749870420871,0.000551748500464057
cf_K2,coupled - projected_initial,cumulative_relative_0,100,-0.010214929089443213,0.002141155521278487
cf_K2,coupled - projected_initial,cumulative_relative_1,100,-2.500771749865322,0.15872901103961454
cf_K2,coupled - projected_initial,baseline_relative_ISE_0,100,-0.02847356602586298,0.0032993245772709235
cf_K2,coupled - projected_initial,baseline_relative_ISE_1,100,-3.576466285171345,0.2383337155221818
cf_K2,coupled - projected_initial,prediction_mse,100,-0.06569712608968188,0.0010364543502840596
cf_K2,coupled - projected_initial,negative_prediction_fraction,100,0.0,0.0
cf_K2,fallback - projected_initial,treatment_0,100,-0.0022988501490338997,0.0005682803790391418
cf_K2,fallback - projected_initial,FEV10_0,100,-0.00022451772446869918,7.018203494037474e-05
cf_K2,fallback - projected_initial,treatment_1,100,-0.007732800613474716,0.0020351924525868837
cf_K2,fallback - projected_initial,FEV10_1,100,-0.00048167607840509627,0.00011323899879253448
cf_K2,fallback - projected_initial,nu0,100,0.007000985761122473,0.0023393801760003
cf_K2,fallback - projected_initial,nu1,100,0.0006863620865693338,0.00048085322843231717
cf_K2,fallback - projected_initial,theta,100,0.003451749870420871,0.000551748500464057
cf_K2,fallback - projected_initial,cumulative_relative_0,100,-0.010214929089443213,0.002141155521278487
cf_K2,fallback - projected_initial,cumulative_relative_1,100,-2.500771749865322,0.15872901103961454
cf_K2,fallback - projected_initial,baseline_relative_ISE_0,100,-0.02847356602586298,0.0032993245772709235
cf_K2,fallback - projected_initial,baseline_relative_ISE_1,100,-3.576466285171345,0.2383337155221818
cf_K2,fallback - projected_initial,prediction_mse,100,-0.06569712608968188,0.0010364543502840596
cf_K2,fallback - projected_initial,negative_prediction_fraction,100,0.0,0.0
cf_K8,coupled - initial,treatment_0,100,-0.0027958852562550178,0.0006700910467354216
cf_K8,coupled - initial,FEV10_0,100,-0.0003117228656914947,8.547255583541307e-05
cf_K8,coupled - initial,treatment_1,100,-0.01932507179372648,0.003455084490725297
cf_K8,coupled - initial,FEV10_1,100,-0.0016252473525145297,0.00023729730774611378
cf_K8,coupled - initial,nu0,100,0.009210138404676483,0.0024822672019735002
cf_K8,coupled - initial,nu1,100,-0.0010608473175800384,0.00041843331333003126
cf_K8,coupled - initial,theta,100,0.0034235548629379022,0.000550617585475057
cf_K8,coupled - initial,cumulative_relative_0,100,-0.01256584352222265,0.002539868232746657
cf_K8,coupled - initial,cumulative_relative_1,100,-8.895763053009825,0.6748241907960228
cf_K8,coupled - initial,baseline_relative_ISE_0,100,-0.03296682533950393,0.0038327460632136836
cf_K8,coupled - initial,baseline_relative_ISE_1,100,-13.882173230003492,1.2400935156164754
cf_K8,coupled - initial,prediction_mse,100,-0.07810373362024568,0.0010874737929425567
cf_K8,coupled - initial,negative_prediction_fraction,100,0.0,0.0
cf_K8,coupled - projected_initial,treatment_0,100,-0.0027958852562550178,0.0006700910467354216
cf_K8,coupled - projected_initial,FEV10_0,100,-0.0003117228656914947,8.547255583541307e-05
cf_K8,coupled - projected_initial,treatment_1,100,-0.01932507179372648,0.003455084490725297
cf_K8,coupled - projected_initial,FEV10_1,100,-0.0016252473525145297,0.00023729730774611378
cf_K8,coupled - projected_initial,nu0,100,0.009210138404676483,0.0024822672019735007
cf_K8,coupled - projected_initial,nu1,100,-0.0010608473175800384,0.0004184333133300312
cf_K8,coupled - projected_initial,theta,100,0.0034235548629379022,0.000550617585475057
cf_K8,coupled - projected_initial,cumulative_relative_0,100,-0.01256584352222265,0.002539868232746657
cf_K8,coupled - projected_initial,cumulative_relative_1,100,-8.895763053009825,0.6748241907960228
cf_K8,coupled - projected_initial,baseline_relative_ISE_0,100,-0.03296682533950393,0.0038327460632136836
cf_K8,coupled - projected_initial,baseline_relative_ISE_1,100,-13.882173230003492,1.2400935156164754
cf_K8,coupled - projected_initial,prediction_mse,100,-0.07810373362024568,0.0010874737929425567
cf_K8,coupled - projected_initial,negative_prediction_fraction,100,0.0,0.0
cf_K8,fallback - projected_initial,treatment_0,100,-0.0027958852562550178,0.0006700910467354216
cf_K8,fallback - projected_initial,FEV10_0,100,-0.0003117228656914947,8.547255583541307e-05
cf_K8,fallback - projected_initial,treatment_1,100,-0.01932507179372648,0.003455084490725297
cf_K8,fallback - projected_initial,FEV10_1,100,-0.0016252473525145297,0.00023729730774611378
cf_K8,fallback - projected_initial,nu0,100,0.009210138404676483,0.0024822672019735007
cf_K8,fallback - projected_initial,nu1,100,-0.0010608473175800384,0.0004184333133300312
cf_K8,fallback - projected_initial,theta,100,0.0034235548629379022,0.000550617585475057
cf_K8,fallback - projected_initial,cumulative_relative_0,100,-0.01256584352222265,0.002539868232746657
cf_K8,fallback - projected_initial,cumulative_relative_1,100,-8.895763053009825,0.6748241907960228
cf_K8,fallback - projected_initial,baseline_relative_ISE_0,100,-0.03296682533950393,0.0038327460632136836
cf_K8,fallback - projected_initial,baseline_relative_ISE_1,100,-13.882173230003492,1.2400935156164754
cf_K8,fallback - projected_initial,prediction_mse,100,-0.07810373362024568,0.0010874737929425567
cf_K8,fallback - projected_initial,negative_prediction_fraction,100,0.0,0.0
cf_flat,coupled - initial,treatment_0,100,-0.0024877618643220755,0.0007441268859957543
cf_flat,coupled - initial,FEV10_0,100,-0.00024512887045909803,6.006038696172937e-05
cf_flat,coupled - initial,treatment_1,100,-0.013255121024268205,0.0028401502455078
cf_flat,coupled - initial,FEV10_1,100,-0.0012879795928992402,0.00021842266187025898
cf_flat,coupled - initial,nu0,100,0.011083696241875211,0.003307838187261681
cf_flat,coupled - initial,nu1,100,0.002243729630303717,0.0009807747959527646
cf_flat,coupled - initial,theta,100,0.0064529865146444295,0.0011364814205484972
cf_flat,coupled - initial,cumulative_relative_0,100,-0.008497239832701503,0.002187433823910114
cf_flat,coupled - initial,cumulative_relative_1,100,-6.531112439152136,0.7201110351162103
cf_flat,coupled - initial,baseline_relative_ISE_0,100,-0.02403477520719711,0.0037539213521903584
cf_flat,coupled - initial,baseline_relative_ISE_1,100,-12.077531795702596,1.6667096916815265
cf_flat,coupled - initial,prediction_mse,100,-0.06954360385021821,0.0012478251253879471
cf_flat,coupled - initial,negative_prediction_fraction,100,0.0,0.0
cf_flat,coupled - projected_initial,treatment_0,100,-0.0024877618643220755,0.0007441268859957543
cf_flat,coupled - projected_initial,FEV10_0,100,-0.00024512887045909803,6.006038696172937e-05
cf_flat,coupled - projected_initial,treatment_1,100,-0.013255121024268205,0.0028401502455078
cf_flat,coupled - projected_initial,FEV10_1,100,-0.0012879795928992402,0.00021842266187025898
cf_flat,coupled - projected_initial,nu0,100,0.011083696241875211,0.003307838187261681
cf_flat,coupled - projected_initial,nu1,100,0.002243729630303717,0.0009807747959527646
cf_flat,coupled - projected_initial,theta,100,0.0064529865146444295,0.0011364814205484972
cf_flat,coupled - projected_initial,cumulative_relative_0,100,-0.008497239832701503,0.002187433823910114
cf_flat,coupled - projected_initial,cumulative_relative_1,100,-6.531112439152136,0.7201110351162103
cf_flat,coupled - projected_initial,baseline_relative_ISE_0,100,-0.02403477520719711,0.0037539213521903584
cf_flat,coupled - projected_initial,baseline_relative_ISE_1,100,-12.077531795702596,1.6667096916815265
cf_flat,coupled - projected_initial,prediction_mse,100,-0.06954360385021821,0.0012478251253879471
cf_flat,coupled - projected_initial,negative_prediction_fraction,100,0.0,0.0
cf_flat,fallback - projected_initial,treatment_0,100,-0.0024877618643220755,0.0007441268859957543
cf_flat,fallback - projected_initial,FEV10_0,100,-0.00024512887045909803,6.006038696172937e-05
cf_flat,fallback - projected_initial,treatment_1,100,-0.013255121024268205,0.0028401502455078
cf_flat,fallback - projected_initial,FEV10_1,100,-0.0012879795928992402,0.00021842266187025898
cf_flat,fallback - projected_initial,nu0,100,0.011083696241875211,0.003307838187261681
cf_flat,fallback - projected_initial,nu1,100,0.002243729630303717,0.0009807747959527646
cf_flat,fallback - projected_initial,theta,100,0.0064529865146444295,0.0011364814205484972
cf_flat,fallback - projected_initial,cumulative_relative_0,100,-0.008497239832701503,0.002187433823910114
cf_flat,fallback - projected_initial,cumulative_relative_1,100,-6.531112439152136,0.7201110351162103
cf_flat,fallback - projected_initial,baseline_relative_ISE_0,100,-0.02403477520719711,0.0037539213521903584
cf_flat,fallback - projected_initial,baseline_relative_ISE_1,100,-12.077531795702596,1.6667096916815265
cf_flat,fallback - projected_initial,prediction_mse,100,-0.06954360385021821,0.0012478251253879471
cf_flat,fallback - projected_initial,negative_prediction_fraction,100,0.0,0.0
cf_monotone,coupled - initial,treatment_0,100,-0.003227372165140623,0.0008277784297977562
cf_monotone,coupled - initial,FEV10_0,100,-0.00018298610470032333,7.011165564764697e-05
cf_monotone,coupled - initial,treatment_1,100,-0.01308872994671935,0.0027398483189797
cf_monotone,coupled - initial,FEV10_1,100,-0.0009240872307885856,0.00018090218838366295
cf_monotone,coupled - initial,nu0,100,0.015149514867764455,0.003564259120487123
cf_monotone,coupled - initial,nu1,100,0.003140433215081381,0.001267017348132472
cf_monotone,coupled - initial,theta,100,0.0074257694740683736,0.0014277712194555666
cf_monotone,coupled - initial,cumulative_relative_0,100,-0.011828574782352204,0.003061583072729725
cf_monotone,coupled - initial,cumulative_relative_1,100,-10.541966783308697,1.4658267158618856
cf_monotone,coupled - initial,baseline_relative_ISE_0,100,-0.03210604897445428,0.005831839347235408
cf_monotone,coupled - initial,baseline_relative_ISE_1,100,-18.505025429589285,3.146175543329643
cf_monotone,coupled - initial,prediction_mse,100,-0.06777380462504667,0.001441160257507449
cf_monotone,coupled - initial,negative_prediction_fraction,100,0.0,0.0
cf_monotone,coupled - projected_initial,treatment_0,100,-0.003227372165140623,0.0008277784297977562
cf_monotone,coupled - projected_initial,FEV10_0,100,-0.00018298610470032333,7.011165564764697e-05
cf_monotone,coupled - projected_initial,treatment_1,100,-0.01308872994671935,0.0027398483189797
cf_monotone,coupled - projected_initial,FEV10_1,100,-0.0009240872307885856,0.00018090218838366295
cf_monotone,coupled - projected_initial,nu0,100,0.015149514867764457,0.003564259120487124
cf_monotone,coupled - projected_initial,nu1,100,0.003140433215081381,0.001267017348132472
cf_monotone,coupled - projected_initial,theta,100,0.0074257694740683736,0.0014277712194555666
cf_monotone,coupled - projected_initial,cumulative_relative_0,100,-0.011828574782352204,0.003061583072729725
cf_monotone,coupled - projected_initial,cumulative_relative_1,100,-10.541966783308697,1.4658267158618856
cf_monotone,coupled - projected_initial,baseline_relative_ISE_0,100,-0.03210604897445428,0.005831839347235408
cf_monotone,coupled - projected_initial,baseline_relative_ISE_1,100,-18.505025429589285,3.146175543329643
cf_monotone,coupled - projected_initial,prediction_mse,100,-0.06777380462504667,0.001441160257507449
cf_monotone,coupled - projected_initial,negative_prediction_fraction,100,0.0,0.0
cf_monotone,fallback - projected_initial,treatment_0,100,-0.003227372165140623,0.0008277784297977562
cf_monotone,fallback - projected_initial,FEV10_0,100,-0.00018298610470032333,7.011165564764697e-05
cf_monotone,fallback - projected_initial,treatment_1,100,-0.01308872994671935,0.0027398483189797
cf_monotone,fallback - projected_initial,FEV10_1,100,-0.0009240872307885856,0.00018090218838366295
cf_monotone,fallback - projected_initial,nu0,100,0.015149514867764457,0.003564259120487124
cf_monotone,fallback - projected_initial,nu1,100,0.003140433215081381,0.001267017348132472
cf_monotone,fallback - projected_initial,theta,100,0.0074257694740683736,0.0014277712194555666
cf_monotone,fallback - projected_initial,cumulative_relative_0,100,-0.011828574782352204,0.003061583072729725
cf_monotone,fallback - projected_initial,cumulative_relative_1,100,-10.541966783308697,1.4658267158618856
cf_monotone,fallback - projected_initial,baseline_relative_ISE_0,100,-0.03210604897445428,0.005831839347235408
cf_monotone,fallback - projected_initial,baseline_relative_ISE_1,100,-18.505025429589285,3.146175543329643
cf_monotone,fallback - projected_initial,prediction_mse,100,-0.06777380462504667,0.001441160257507449
cf_monotone,fallback - projected_initial,negative_prediction_fraction,100,0.0,0.0
cf_zero_ending,coupled - initial,treatment_0,100,-0.0023230104486865392,0.0005834066732507937
cf_zero_ending,coupled - initial,FEV10_0,100,-0.00019213319649199042,5.197303222346213e-05
cf_zero_ending,coupled - initial,treatment_1,100,-0.012628936049905202,0.002825987189109485
cf_zero_ending,coupled - initial,FEV10_1,100,-0.001117708458283069,0.00022802964521596888
cf_zero_ending,coupled - initial,nu0,100,0.004966255311695324,0.0034561855197668885
cf_zero_ending,coupled - initial,nu1,100,-0.00852237846508751,0.0004931644078866918
cf_zero_ending,coupled - initial,theta,100,0.004186658973065498,0.0006063609422193243
cf_zero_ending,coupled - initial,cumulative_relative_0,100,-0.004941141519544377,0.001405799748712211
cf_zero_ending,coupled - initial,cumulative_relative_1,100,-15.572133884809588,2.458308311727732
cf_zero_ending,coupled - initial,baseline_relative_ISE_0,100,-0.011741428952340507,0.0022085012926599404
cf_zero_ending,coupled - initial,baseline_relative_ISE_1,100,-28.317088343856952,5.8049206217865335
cf_zero_ending,coupled - initial,prediction_mse,100,-0.08223878510253346,0.0009807969944393992
cf_zero_ending,coupled - initial,negative_prediction_fraction,100,0.0,0.0
cf_zero_ending,coupled - projected_initial,treatment_0,100,-0.0023230104486865392,0.0005834066732507937
cf_zero_ending,coupled - projected_initial,FEV10_0,100,-0.00019213319649199042,5.197303222346213e-05
cf_zero_ending,coupled - projected_initial,treatment_1,100,-0.012628936049905202,0.002825987189109485
cf_zero_ending,coupled - projected_initial,FEV10_1,100,-0.001117708458283069,0.00022802964521596888
cf_zero_ending,coupled - projected_initial,nu0,100,0.004966255311695323,0.0034561855197668885
cf_zero_ending,coupled - projected_initial,nu1,100,-0.00852237846508751,0.000493164407886692
cf_zero_ending,coupled - projected_initial,theta,100,0.004186658973065498,0.0006063609422193243
cf_zero_ending,coupled - projected_initial,cumulative_relative_0,100,-0.004941141519544377,0.001405799748712211
cf_zero_ending,coupled - projected_initial,cumulative_relative_1,100,-15.572133884809588,2.458308311727732
cf_zero_ending,coupled - projected_initial,baseline_relative_ISE_0,100,-0.011741428952340507,0.0022085012926599404
cf_zero_ending,coupled - projected_initial,baseline_relative_ISE_1,100,-28.317088343856952,5.8049206217865335
cf_zero_ending,coupled - projected_initial,prediction_mse,100,-0.08223878510253346,0.0009807969944393992
cf_zero_ending,coupled - projected_initial,negative_prediction_fraction,100,0.0,0.0
cf_zero_ending,fallback - projected_initial,treatment_0,100,-0.0023230104486865392,0.0005834066732507937
cf_zero_ending,fallback - projected_initial,FEV10_0,100,-0.00019213319649199042,5.197303222346213e-05
cf_zero_ending,fallback - projected_initial,treatment_1,100,-0.012628936049905202,0.002825987189109485
cf_zero_ending,fallback - projected_initial,FEV10_1,100,-0.001117708458283069,0.00022802964521596888
cf_zero_ending,fallback - projected_initial,nu0,100,0.004966255311695323,0.0034561855197668885
cf_zero_ending,fallback - projected_initial,nu1,100,-0.00852237846508751,0.000493164407886692
cf_zero_ending,fallback - projected_initial,theta,100,0.004186658973065498,0.0006063609422193243
cf_zero_ending,fallback - projected_initial,cumulative_relative_0,100,-0.004941141519544377,0.001405799748712211
cf_zero_ending,fallback - projected_initial,cumulative_relative_1,100,-15.572133884809588,2.458308311727732
cf_zero_ending,fallback - projected_initial,baseline_relative_ISE_0,100,-0.011741428952340507,0.0022085012926599404
cf_zero_ending,fallback - projected_initial,baseline_relative_ISE_1,100,-28.317088343856952,5.8049206217865335
cf_zero_ending,fallback - projected_initial,prediction_mse,100,-0.08223878510253346,0.0009807969944393992
cf_zero_ending,fallback - projected_initial,negative_prediction_fraction,100,0.0,0.0
cf_near_rank,coupled - initial,treatment_0,100,0.0013152164745589485,0.0005210743067828421
cf_near_rank,coupled - initial,FEV10_0,100,1.29138813181869e-05,5.6087944239489265e-05
cf_near_rank,coupled - initial,treatment_1,100,-0.017682187499068962,0.003557546512917998
cf_near_rank,coupled - initial,FEV10_1,100,-0.0007023667409460668,0.00016884876711775805
cf_near_rank,coupled - initial,nu0,100,-2.0128567094931147,0.018309550004789708
cf_near_rank,coupled - initial,nu1,100,-0.005530369620159728,0.00010906931842513497
cf_near_rank,coupled - initial,theta,100,-0.01123731314807874,0.0004508231358843178
cf_near_rank,coupled - initial,cumulative_relative_0,100,-0.0033659641340260727,0.001250770358355712
cf_near_rank,coupled - initial,cumulative_relative_1,100,-2.928520220838914,0.23210191262435478
cf_near_rank,coupled - initial,baseline_relative_ISE_0,100,-0.004287771493306551,0.0015355181960363857
cf_near_rank,coupled - initial,baseline_relative_ISE_1,100,-4.254660616450436,0.39843755560157745
cf_near_rank,coupled - initial,prediction_mse,100,-0.08540434150597129,0.0021337781995587482
cf_near_rank,coupled - initial,negative_prediction_fraction,100,0.0,0.0
cf_near_rank,coupled - projected_initial,treatment_0,100,0.0013152164745589485,0.0005210743067828421
cf_near_rank,coupled - projected_initial,FEV10_0,100,1.29138813181869e-05,5.6087944239489265e-05
cf_near_rank,coupled - projected_initial,treatment_1,100,-0.017682187499068962,0.003557546512917998
cf_near_rank,coupled - projected_initial,FEV10_1,100,-0.0007023667409460668,0.00016884876711775805
cf_near_rank,coupled - projected_initial,nu0,100,-2.0128567094931147,0.018309550004789708
cf_near_rank,coupled - projected_initial,nu1,100,-0.005530369620159728,0.00010906931842513492
cf_near_rank,coupled - projected_initial,theta,100,-0.01123731314807874,0.00045082313588431773
cf_near_rank,coupled - projected_initial,cumulative_relative_0,100,-0.0033659641340260727,0.001250770358355712
cf_near_rank,coupled - projected_initial,cumulative_relative_1,100,-2.928520220838914,0.23210191262435478
cf_near_rank,coupled - projected_initial,baseline_relative_ISE_0,100,-0.004287771493306551,0.0015355181960363857
cf_near_rank,coupled - projected_initial,baseline_relative_ISE_1,100,-4.254660616450436,0.39843755560157745
cf_near_rank,coupled - projected_initial,prediction_mse,100,-0.08540434150597129,0.0021337781995587482
cf_near_rank,coupled - projected_initial,negative_prediction_fraction,100,0.0,0.0
cf_near_rank,fallback - projected_initial,treatment_0,100,0.0013152164745589485,0.0005210743067828421
cf_near_rank,fallback - projected_initial,FEV10_0,100,1.29138813181869e-05,5.6087944239489265e-05
cf_near_rank,fallback - projected_initial,treatment_1,100,-0.017682187499068962,0.003557546512917998
cf_near_rank,fallback - projected_initial,FEV10_1,100,-0.0007023667409460668,0.00016884876711775805
cf_near_rank,fallback - projected_initial,nu0,100,-2.0128567094931147,0.018309550004789708
cf_near_rank,fallback - projected_initial,nu1,100,-0.005530369620159728,0.00010906931842513492
cf_near_rank,fallback - projected_initial,theta,100,-0.01123731314807874,0.00045082313588431773
cf_near_rank,fallback - projected_initial,cumulative_relative_0,100,-0.0033659641340260727,0.001250770358355712
cf_near_rank,fallback - projected_initial,cumulative_relative_1,100,-2.928520220838914,0.23210191262435478
cf_near_rank,fallback - projected_initial,baseline_relative_ISE_0,100,-0.004287771493306551,0.0015355181960363857
cf_near_rank,fallback - projected_initial,baseline_relative_ISE_1,100,-4.254660616450436,0.39843755560157745
cf_near_rank,fallback - projected_initial,prediction_mse,100,-0.08540434150597129,0.0021337781995587482
cf_near_rank,fallback - projected_initial,negative_prediction_fraction,100,0.0,0.0
cf_rank_one,coupled - initial,treatment_0,200,0.0013511327008546836,0.0004133357901481425
cf_rank_one,coupled - initial,FEV10_0,200,-6.4825105128696345e-06,4.63618487919941e-05
cf_rank_one,coupled - initial,treatment_1,200,-0.015826295631308423,0.002501933866287333
cf_rank_one,coupled - initial,FEV10_1,200,-0.0006668573961380514,0.00011402623236876721
cf_rank_one,coupled - initial,nu0,200,-2.046633973155728,0.014977821364879457
cf_rank_one,coupled - initial,nu1,200,-0.005406772852910454,9.535926155296526e-05
cf_rank_one,coupled - initial,theta,200,-0.014019542973465809,0.0003419828271049247
cf_rank_one,coupled - initial,cumulative_relative_0,200,-0.0044820343904657094,0.0008583478892677874
cf_rank_one,coupled - initial,cumulative_relative_1,200,-2.816383515124319,0.20630654208381022
cf_rank_one,coupled - initial,baseline_relative_ISE_0,200,-0.0033354934027850025,0.0011810531793927813
cf_rank_one,coupled - initial,baseline_relative_ISE_1,200,-4.1505518898557945,0.34775333050838825
cf_rank_one,coupled - initial,prediction_mse,200,-0.08610298968804417,0.0015369144024728627
cf_rank_one,coupled - initial,negative_prediction_fraction,200,0.0,0.0
cf_rank_one,coupled - projected_initial,treatment_0,200,0.0013511327008546836,0.0004133357901481425
cf_rank_one,coupled - projected_initial,FEV10_0,200,-6.4825105128696345e-06,4.63618487919941e-05
cf_rank_one,coupled - projected_initial,treatment_1,200,-0.015826295631308423,0.002501933866287333
cf_rank_one,coupled - projected_initial,FEV10_1,200,-0.0006668573961380514,0.00011402623236876721
cf_rank_one,coupled - projected_initial,nu0,200,-2.046633973155728,0.014977821364879457
cf_rank_one,coupled - projected_initial,nu1,200,-0.005406772852910456,9.535926155296525e-05
cf_rank_one,coupled - projected_initial,theta,200,-0.014019542973465809,0.00034198282710492465
cf_rank_one,coupled - projected_initial,cumulative_relative_0,200,-0.0044820343904657094,0.0008583478892677874
cf_rank_one,coupled - projected_initial,cumulative_relative_1,200,-2.816383515124319,0.20630654208381022
cf_rank_one,coupled - projected_initial,baseline_relative_ISE_0,200,-0.0033354934027850025,0.0011810531793927813
cf_rank_one,coupled - projected_initial,baseline_relative_ISE_1,200,-4.1505518898557945,0.34775333050838825
cf_rank_one,coupled - projected_initial,prediction_mse,200,-0.08610298968804417,0.0015369144024728627
cf_rank_one,coupled - projected_initial,negative_prediction_fraction,200,0.0,0.0
cf_rank_one,fallback - projected_initial,treatment_0,200,0.0013511327008546836,0.0004133357901481425
cf_rank_one,fallback - projected_initial,FEV10_0,200,-6.4825105128696345e-06,4.63618487919941e-05
cf_rank_one,fallback - projected_initial,treatment_1,200,-0.015826295631308423,0.002501933866287333
cf_rank_one,fallback - projected_initial,FEV10_1,200,-0.0006668573961380514,0.00011402623236876721
cf_rank_one,fallback - projected_initial,nu0,200,-2.046633973155728,0.014977821364879457
cf_rank_one,fallback - projected_initial,nu1,200,-0.005406772852910456,9.535926155296525e-05
cf_rank_one,fallback - projected_initial,theta,200,-0.014019542973465809,0.00034198282710492465
cf_rank_one,fallback - projected_initial,cumulative_relative_0,200,-0.0044820343904657094,0.0008583478892677874
cf_rank_one,fallback - projected_initial,cumulative_relative_1,200,-2.816383515124319,0.20630654208381022
cf_rank_one,fallback - projected_initial,baseline_relative_ISE_0,200,-0.0033354934027850025,0.0011810531793927813
cf_rank_one,fallback - projected_initial,baseline_relative_ISE_1,200,-4.1505518898557945,0.34775333050838825
cf_rank_one,fallback - projected_initial,prediction_mse,200,-0.08610298968804417,0.0015369144024728627
cf_rank_one,fallback - projected_initial,negative_prediction_fraction,200,0.0,0.0
cf_law_alt,coupled - initial,treatment_0,100,-0.001311288432033695,0.0006767432917699092
cf_law_alt,coupled - initial,FEV10_0,100,-0.00022559464515157303,7.535802924706818e-05
cf_law_alt,coupled - initial,treatment_1,100,-0.014238797010280628,0.003019411224987298
cf_law_alt,coupled - initial,FEV10_1,100,-0.0009619881246562624,0.00019297330426891135
cf_law_alt,coupled - initial,nu0,100,0.0072321359343035805,0.0018207980660260661
cf_law_alt,coupled - initial,nu1,100,0.0006240321938673115,0.000834475655455241
cf_law_alt,coupled - initial,theta,100,0.004041234760444063,0.0008627108509696594
cf_law_alt,coupled - initial,cumulative_relative_0,100,-0.010011412493443804,0.0020840774855540563
cf_law_alt,coupled - initial,cumulative_relative_1,100,-5.085428554296954,0.4096316520968594
cf_law_alt,coupled - initial,baseline_relative_ISE_0,100,-0.028832077375176207,0.0029442323493033638
cf_law_alt,coupled - initial,baseline_relative_ISE_1,100,-7.408606464250413,0.7464446290690135
cf_law_alt,coupled - initial,prediction_mse,100,-0.07251867768301218,0.0009932290563304854
cf_law_alt,coupled - initial,negative_prediction_fraction,100,0.0,0.0
cf_law_alt,coupled - projected_initial,treatment_0,100,-0.001311288432033695,0.0006767432917699092
cf_law_alt,coupled - projected_initial,FEV10_0,100,-0.00022559464515157303,7.535802924706818e-05
cf_law_alt,coupled - projected_initial,treatment_1,100,-0.014238797010280628,0.003019411224987298
cf_law_alt,coupled - projected_initial,FEV10_1,100,-0.0009619881246562624,0.00019297330426891135
cf_law_alt,coupled - projected_initial,nu0,100,0.007232135934303582,0.0018207980660260661
cf_law_alt,coupled - projected_initial,nu1,100,0.0006240321938673115,0.000834475655455241
cf_law_alt,coupled - projected_initial,theta,100,0.004041234760444063,0.0008627108509696594
cf_law_alt,coupled - projected_initial,cumulative_relative_0,100,-0.010011412493443804,0.0020840774855540563
cf_law_alt,coupled - projected_initial,cumulative_relative_1,100,-5.085428554296954,0.4096316520968594
cf_law_alt,coupled - projected_initial,baseline_relative_ISE_0,100,-0.028832077375176207,0.0029442323493033638
cf_law_alt,coupled - projected_initial,baseline_relative_ISE_1,100,-7.408606464250413,0.7464446290690135
cf_law_alt,coupled - projected_initial,prediction_mse,100,-0.07251867768301218,0.0009932290563304854
cf_law_alt,coupled - projected_initial,negative_prediction_fraction,100,0.0,0.0
cf_law_alt,fallback - projected_initial,treatment_0,100,-0.001311288432033695,0.0006767432917699092
cf_law_alt,fallback - projected_initial,FEV10_0,100,-0.00022559464515157303,7.535802924706818e-05
cf_law_alt,fallback - projected_initial,treatment_1,100,-0.014238797010280628,0.003019411224987298
cf_law_alt,fallback - projected_initial,FEV10_1,100,-0.0009619881246562624,0.00019297330426891135
cf_law_alt,fallback - projected_initial,nu0,100,0.007232135934303582,0.0018207980660260661
cf_law_alt,fallback - projected_initial,nu1,100,0.0006240321938673115,0.000834475655455241
cf_law_alt,fallback - projected_initial,theta,100,0.004041234760444063,0.0008627108509696594
cf_law_alt,fallback - projected_initial,cumulative_relative_0,100,-0.010011412493443804,0.0020840774855540563
cf_law_alt,fallback - projected_initial,cumulative_relative_1,100,-5.085428554296954,0.4096316520968594
cf_law_alt,fallback - projected_initial,baseline_relative_ISE_0,100,-0.028832077375176207,0.0029442323493033638
cf_law_alt,fallback - projected_initial,baseline_relative_ISE_1,100,-7.408606464250413,0.7464446290690135
cf_law_alt,fallback - projected_initial,prediction_mse,100,-0.07251867768301218,0.0009932290563304854
cf_law_alt,fallback - projected_initial,negative_prediction_fraction,100,0.0,0.0
cf_censor_uniform,coupled - initial,treatment_0,100,-0.0020700725653092153,0.0007463012682418026
cf_censor_uniform,coupled - initial,FEV10_0,100,-0.00016217334794588399,7.226079239579453e-05
cf_censor_uniform,coupled - initial,treatment_1,100,-0.017026429332721308,0.002813174596411967
cf_censor_uniform,coupled - initial,FEV10_1,100,-0.0011567936678193015,0.00023116674094904449
cf_censor_uniform,coupled - initial,nu0,100,0.00481022282719693,0.003019355775308192
cf_censor_uniform,coupled - initial,nu1,100,0.004476352915807304,0.0016114269781811272
cf_censor_uniform,coupled - initial,theta,100,0.01111930063275917,0.002174869851491015
cf_censor_uniform,coupled - initial,cumulative_relative_0,100,-0.025182904212436807,0.004616417108143516
cf_censor_uniform,coupled - initial,cumulative_relative_1,100,-8.86547146665869,0.8028625522124722
cf_censor_uniform,coupled - initial,baseline_relative_ISE_0,100,-0.05568970769166162,0.00842363313283373
cf_censor_uniform,coupled - initial,baseline_relative_ISE_1,100,-13.652125006299045,1.3318932951372944
cf_censor_uniform,coupled - initial,prediction_mse,100,-0.06131648802815723,0.0011744842387301857
cf_censor_uniform,coupled - initial,negative_prediction_fraction,100,0.0,0.0
cf_censor_uniform,coupled - projected_initial,treatment_0,100,-0.0020700725653092153,0.0007463012682418026
cf_censor_uniform,coupled - projected_initial,FEV10_0,100,-0.00016217334794588399,7.226079239579453e-05
cf_censor_uniform,coupled - projected_initial,treatment_1,100,-0.017026429332721308,0.002813174596411967
cf_censor_uniform,coupled - projected_initial,FEV10_1,100,-0.0011567936678193015,0.00023116674094904449
cf_censor_uniform,coupled - projected_initial,nu0,100,0.004810222827196932,0.003019355775308192
cf_censor_uniform,coupled - projected_initial,nu1,100,0.004476352915807305,0.0016114269781811272
cf_censor_uniform,coupled - projected_initial,theta,100,0.01111930063275917,0.002174869851491015
cf_censor_uniform,coupled - projected_initial,cumulative_relative_0,100,-0.025182904212436807,0.004616417108143516
cf_censor_uniform,coupled - projected_initial,cumulative_relative_1,100,-8.86547146665869,0.8028625522124722
cf_censor_uniform,coupled - projected_initial,baseline_relative_ISE_0,100,-0.05568970769166162,0.00842363313283373
cf_censor_uniform,coupled - projected_initial,baseline_relative_ISE_1,100,-13.652125006299045,1.3318932951372944
cf_censor_uniform,coupled - projected_initial,prediction_mse,100,-0.06131648802815723,0.0011744842387301857
cf_censor_uniform,coupled - projected_initial,negative_prediction_fraction,100,0.0,0.0
cf_censor_uniform,fallback - projected_initial,treatment_0,100,-0.0020700725653092153,0.0007463012682418026
cf_censor_uniform,fallback - projected_initial,FEV10_0,100,-0.00016217334794588399,7.226079239579453e-05
cf_censor_uniform,fallback - projected_initial,treatment_1,100,-0.017026429332721308,0.002813174596411967
cf_censor_uniform,fallback - projected_initial,FEV10_1,100,-0.0011567936678193015,0.00023116674094904449
cf_censor_uniform,fallback - projected_initial,nu0,100,0.004810222827196932,0.003019355775308192
cf_censor_uniform,fallback - projected_initial,nu1,100,0.004476352915807305,0.0016114269781811272
cf_censor_uniform,fallback - projected_initial,theta,100,0.01111930063275917,0.002174869851491015
cf_censor_uniform,fallback - projected_initial,cumulative_relative_0,100,-0.025182904212436807,0.004616417108143516
cf_censor_uniform,fallback - projected_initial,cumulative_relative_1,100,-8.86547146665869,0.8028625522124722
cf_censor_uniform,fallback - projected_initial,baseline_relative_ISE_0,100,-0.05568970769166162,0.00842363313283373
cf_censor_uniform,fallback - projected_initial,baseline_relative_ISE_1,100,-13.652125006299045,1.3318932951372944
cf_censor_uniform,fallback - projected_initial,prediction_mse,100,-0.06131648802815723,0.0011744842387301857
cf_censor_uniform,fallback - projected_initial,negative_prediction_fraction,100,0.0,0.0
cf_dynamic,coupled - initial,treatment_0,100,-0.002953455205825212,0.0008186967951748968
cf_dynamic,coupled - initial,FEV10_0,100,-0.00017502233281949163,7.317732635542797e-05
cf_dynamic,coupled - initial,measured_z_0,100,-0.0015261488991789923,0.0004705196623072968
cf_dynamic,coupled - initial,treatment_1,100,-0.014351640186972167,0.0026839403202378164
cf_dynamic,coupled - initial,FEV10_1,100,-0.0007103901164471363,0.00016161087328416524
cf_dynamic,coupled - initial,measured_z_1,100,-0.014057980571165965,0.0025016608362088727
cf_dynamic,coupled - initial,nu0,100,0.006901891399240245,0.002848241187855211
cf_dynamic,coupled - initial,nu1,100,0.0005067469644384817,0.0006570344709309368
cf_dynamic,coupled - initial,theta,100,0.005136104078042952,0.0009204864713802429
cf_dynamic,coupled - initial,cumulative_relative_0,100,-0.008632309398489569,0.0018495302006743563
cf_dynamic,coupled - initial,cumulative_relative_1,100,-5.1394205115319895,0.38803039070341516
cf_dynamic,coupled - initial,baseline_relative_ISE_0,100,-0.02534100538728988,0.0030595392265406595
cf_dynamic,coupled - initial,baseline_relative_ISE_1,100,-7.4136151211369254,0.626841738147974
cf_dynamic,coupled - initial,prediction_mse,100,-0.0727985692157722,0.0010531202602143384
cf_dynamic,coupled - initial,negative_prediction_fraction,100,0.0,0.0
cf_dynamic,coupled - projected_initial,treatment_0,100,-0.002953455205825212,0.0008186967951748968
cf_dynamic,coupled - projected_initial,FEV10_0,100,-0.00017502233281949163,7.317732635542797e-05
cf_dynamic,coupled - projected_initial,measured_z_0,100,-0.0015261488991789923,0.0004705196623072968
cf_dynamic,coupled - projected_initial,treatment_1,100,-0.014351640186972167,0.0026839403202378164
cf_dynamic,coupled - projected_initial,FEV10_1,100,-0.0007103901164471363,0.00016161087328416524
cf_dynamic,coupled - projected_initial,measured_z_1,100,-0.014057980571165965,0.0025016608362088727
cf_dynamic,coupled - projected_initial,nu0,100,0.006901891399240249,0.002848241187855211
cf_dynamic,coupled - projected_initial,nu1,100,0.0005067469644384815,0.0006570344709309367
cf_dynamic,coupled - projected_initial,theta,100,0.005136104078042952,0.0009204864713802429
cf_dynamic,coupled - projected_initial,cumulative_relative_0,100,-0.008632309398489569,0.0018495302006743563
cf_dynamic,coupled - projected_initial,cumulative_relative_1,100,-5.1394205115319895,0.38803039070341516
cf_dynamic,coupled - projected_initial,baseline_relative_ISE_0,100,-0.02534100538728988,0.0030595392265406595
cf_dynamic,coupled - projected_initial,baseline_relative_ISE_1,100,-7.4136151211369254,0.626841738147974
cf_dynamic,coupled - projected_initial,prediction_mse,100,-0.0727985692157722,0.0010531202602143384
cf_dynamic,coupled - projected_initial,negative_prediction_fraction,100,0.0,0.0
cf_dynamic,fallback - projected_initial,treatment_0,100,-0.002953455205825212,0.0008186967951748968
cf_dynamic,fallback - projected_initial,FEV10_0,100,-0.00017502233281949163,7.317732635542797e-05
cf_dynamic,fallback - projected_initial,measured_z_0,100,-0.0015261488991789923,0.0004705196623072968
cf_dynamic,fallback - projected_initial,treatment_1,100,-0.014351640186972167,0.0026839403202378164
cf_dynamic,fallback - projected_initial,FEV10_1,100,-0.0007103901164471363,0.00016161087328416524
cf_dynamic,fallback - projected_initial,measured_z_1,100,-0.014057980571165965,0.0025016608362088727
cf_dynamic,fallback - projected_initial,nu0,100,0.006901891399240249,0.002848241187855211
cf_dynamic,fallback - projected_initial,nu1,100,0.0005067469644384815,0.0006570344709309367
cf_dynamic,fallback - projected_initial,theta,100,0.005136104078042952,0.0009204864713802429
cf_dynamic,fallback - projected_initial,cumulative_relative_0,100,-0.008632309398489569,0.0018495302006743563
cf_dynamic,fallback - projected_initial,cumulative_relative_1,100,-5.1394205115319895,0.38803039070341516
cf_dynamic,fallback - projected_initial,baseline_relative_ISE_0,100,-0.02534100538728988,0.0030595392265406595
cf_dynamic,fallback - projected_initial,baseline_relative_ISE_1,100,-7.4136151211369254,0.626841738147974
cf_dynamic,fallback - projected_initial,prediction_mse,100,-0.0727985692157722,0.0010531202602143384
cf_dynamic,fallback - projected_initial,negative_prediction_fraction,100,0.0,0.0
cf_early,coupled - initial,treatment_0,100,-0.006367372382365598,0.001235225932916827
cf_early,coupled - initial,FEV10_0,100,-0.0005905395817416434,0.00011842888803779671
cf_early,coupled - initial,early2_0,100,-0.13738826648830083,0.016517227700446342
cf_early,coupled - initial,treatment_1,100,-0.012081635883018232,0.002586358086497821
cf_early,coupled - initial,FEV10_1,100,-0.001100693086940514,0.00016718656552579072
cf_early,coupled - initial,early2_1,100,-0.12699675206579536,0.02127732022216971
cf_early,coupled - initial,nu0,100,0.02095636127775052,0.00263396187170009
cf_early,coupled - initial,nu1,100,-0.003644164326707328,0.00044507023432480125
cf_early,coupled - initial,theta,100,0.004569416790061206,0.000902597767718713
cf_early,coupled - initial,cumulative_relative_0,100,-0.01161529474638991,0.010586013291064572
cf_early,coupled - initial,cumulative_relative_1,100,-2.1005590794902638,0.3047158943459938
cf_early,coupled - initial,baseline_relative_ISE_0,100,-0.02046881305452494,0.010535572553467626
cf_early,coupled - initial,baseline_relative_ISE_1,100,-3.0300291463387197,0.4173436341178841
cf_early,coupled - initial,prediction_mse,100,-0.08884555958542915,0.0012249222473311092
cf_early,coupled - initial,negative_prediction_fraction,100,0.0,0.0
cf_early,coupled - projected_initial,treatment_0,100,-0.006367372382365598,0.001235225932916827
cf_early,coupled - projected_initial,FEV10_0,100,-0.0005905395817416434,0.00011842888803779671
cf_early,coupled - projected_initial,early2_0,100,-0.13738826648830083,0.016517227700446342
cf_early,coupled - projected_initial,treatment_1,100,-0.012081635883018232,0.002586358086497821
cf_early,coupled - projected_initial,FEV10_1,100,-0.001100693086940514,0.00016718656552579072
cf_early,coupled - projected_initial,early2_1,100,-0.12699675206579536,0.02127732022216971
cf_early,coupled - projected_initial,nu0,100,0.02095636127775052,0.00263396187170009
cf_early,coupled - projected_initial,nu1,100,-0.003644164326707327,0.0004450702343248013
cf_early,coupled - projected_initial,theta,100,0.004569416790061206,0.000902597767718713
cf_early,coupled - projected_initial,cumulative_relative_0,100,-0.01161529474638991,0.010586013291064572
cf_early,coupled - projected_initial,cumulative_relative_1,100,-2.1005590794902638,0.3047158943459938
cf_early,coupled - projected_initial,baseline_relative_ISE_0,100,-0.02046881305452494,0.010535572553467626
cf_early,coupled - projected_initial,baseline_relative_ISE_1,100,-3.0300291463387197,0.4173436341178841
cf_early,coupled - projected_initial,prediction_mse,100,-0.08884555958542915,0.0012249222473311092
cf_early,coupled - projected_initial,negative_prediction_fraction,100,0.0,0.0
cf_early,fallback - projected_initial,treatment_0,100,-0.006367372382365598,0.001235225932916827
cf_early,fallback - projected_initial,FEV10_0,100,-0.0005905395817416434,0.00011842888803779671
cf_early,fallback - projected_initial,early2_0,100,-0.13738826648830083,0.016517227700446342
cf_early,fallback - projected_initial,treatment_1,100,-0.012081635883018232,0.002586358086497821
cf_early,fallback - projected_initial,FEV10_1,100,-0.001100693086940514,0.00016718656552579072
cf_early,fallback - projected_initial,early2_1,100,-0.12699675206579536,0.02127732022216971
cf_early,fallback - projected_initial,nu0,100,0.02095636127775052,0.00263396187170009
cf_early,fallback - projected_initial,nu1,100,-0.003644164326707327,0.0004450702343248013
cf_early,fallback - projected_initial,theta,100,0.004569416790061206,0.000902597767718713
cf_early,fallback - projected_initial,cumulative_relative_0,100,-0.01161529474638991,0.010586013291064572
cf_early,fallback - projected_initial,cumulative_relative_1,100,-2.1005590794902638,0.3047158943459938
cf_early,fallback - projected_initial,baseline_relative_ISE_0,100,-0.02046881305452494,0.010535572553467626
cf_early,fallback - projected_initial,baseline_relative_ISE_1,100,-3.0300291463387197,0.4173436341178841
cf_early,fallback - projected_initial,prediction_mse,100,-0.08884555958542915,0.0012249222473311092
cf_early,fallback - projected_initial,negative_prediction_fraction,100,0.0,0.0
skin_reference,coupled - initial,treatment_0,200,-0.0002518978466828296,4.8392878089163325e-05
skin_reference,coupled - initial,age10_0,200,-7.223176841306458e-05,1.859549469514441e-05
skin_reference,coupled - initial,treatment_1,200,6.992829419136726e-05,6.398228047441733e-05
skin_reference,coupled - initial,age10_1,200,5.07524785655731e-06,1.8181650365111325e-05
skin_reference,coupled - initial,sigma0,200,1.4555502453485828e-06,1.6416018585434136e-06
skin_reference,coupled - initial,sigma1,200,4.175160725121862e-05,1.328780082811096e-05
skin_reference,coupled - initial,nu0,200,-0.06638897864782407,0.004209633110833431
skin_reference,coupled - initial,nu1,200,-1.8453662532014303,0.01975806126317849
skin_reference,coupled - initial,theta,200,-0.05113654495547932,0.0009882352234640652
skin_reference,coupled - initial,cumulative_relative_0,200,0.02981283939513669,0.0009571230338515851
skin_reference,coupled - initial,cumulative_relative_1,200,-0.0062510966293504566,0.0010666530744640815
skin_reference,coupled - initial,baseline_relative_ISE_0,200,0.032223965865685295,0.0010350199397181595
skin_reference,coupled - initial,baseline_relative_ISE_1,200,-0.00679638351851058,0.0011995742358434642
skin_reference,coupled - initial,prediction_mse,200,0.03534054519886565,0.0020403484086186775
skin_reference,coupled - initial,negative_prediction_fraction,200,0.0,0.0
skin_reference,coupled - projected_initial,treatment_0,200,-0.0002518978466828296,4.8392878089163325e-05
skin_reference,coupled - projected_initial,age10_0,200,-7.223176841306458e-05,1.859549469514441e-05
skin_reference,coupled - projected_initial,treatment_1,200,6.992829419136726e-05,6.398228047441733e-05
skin_reference,coupled - projected_initial,age10_1,200,5.07524785655731e-06,1.8181650365111325e-05
skin_reference,coupled - projected_initial,sigma0,200,6.314432721400335e-06,1.473885736658097e-06
skin_reference,coupled - projected_initial,sigma1,200,4.699529233097794e-05,1.3192116574456482e-05
skin_reference,coupled - projected_initial,nu0,200,-0.06638897864782407,0.00420963311083343
skin_reference,coupled - projected_initial,nu1,200,-1.8453662532014303,0.019758061263178493
skin_reference,coupled - projected_initial,theta,200,-0.05113654495547932,0.0009882352234640652
skin_reference,coupled - projected_initial,cumulative_relative_0,200,0.02981283939513669,0.0009571230338515851
skin_reference,coupled - projected_initial,cumulative_relative_1,200,-0.0062510966293504566,0.0010666530744640815
skin_reference,coupled - projected_initial,baseline_relative_ISE_0,200,0.032223965865685295,0.0010350199397181595
skin_reference,coupled - projected_initial,baseline_relative_ISE_1,200,-0.00679638351851058,0.0011995742358434642
skin_reference,coupled - projected_initial,prediction_mse,200,0.03534054519886565,0.0020403484086186775
skin_reference,coupled - projected_initial,negative_prediction_fraction,200,0.0,0.0
skin_reference,fallback - projected_initial,treatment_0,200,-0.0002518978466828296,4.8392878089163325e-05
skin_reference,fallback - projected_initial,age10_0,200,-7.223176841306458e-05,1.859549469514441e-05
skin_reference,fallback - projected_initial,treatment_1,200,6.992829419136726e-05,6.398228047441733e-05
skin_reference,fallback - projected_initial,age10_1,200,5.07524785655731e-06,1.8181650365111325e-05
skin_reference,fallback - projected_initial,sigma0,200,6.314432721400335e-06,1.473885736658097e-06
skin_reference,fallback - projected_initial,sigma1,200,4.699529233097794e-05,1.3192116574456482e-05
skin_reference,fallback - projected_initial,nu0,200,-0.06638897864782407,0.00420963311083343
skin_reference,fallback - projected_initial,nu1,200,-1.8453662532014303,0.019758061263178493
skin_reference,fallback - projected_initial,theta,200,-0.05113654495547932,0.0009882352234640652
skin_reference,fallback - projected_initial,cumulative_relative_0,200,0.02981283939513669,0.0009571230338515851
skin_reference,fallback - projected_initial,cumulative_relative_1,200,-0.0062510966293504566,0.0010666530744640815
skin_reference,fallback - projected_initial,baseline_relative_ISE_0,200,0.032223965865685295,0.0010350199397181595
skin_reference,fallback - projected_initial,baseline_relative_ISE_1,200,-0.00679638351851058,0.0011995742358434642
skin_reference,fallback - projected_initial,prediction_mse,200,0.03534054519886565,0.0020403484086186775
skin_reference,fallback - projected_initial,negative_prediction_fraction,200,0.0,0.0
skin_patients_quarter,coupled - initial,treatment_0,100,-0.0013395698727465713,0.000395102451201343
skin_patients_quarter,coupled - initial,age10_0,100,-0.0004282584964239592,0.00010396608037449147
skin_patients_quarter,coupled - initial,treatment_1,100,0.0008251663898527673,0.0004684540694366592
skin_patients_quarter,coupled - initial,age10_1,100,0.00018273527177302182,0.00016382412773641622
skin_patients_quarter,coupled - initial,sigma0,100,-1.7790260341916256e-05,2.0168891837751182e-05
skin_patients_quarter,coupled - initial,sigma1,100,0.00036851397088331537,0.0001388989449711384
skin_patients_quarter,coupled - initial,nu0,100,-0.045314204803245384,0.010964622280723353
skin_patients_quarter,coupled - initial,nu1,100,-1.6797274073422919,0.05409063045231762
skin_patients_quarter,coupled - initial,theta,100,-0.03580707369065992,0.0035526513955887636
skin_patients_quarter,coupled - initial,cumulative_relative_0,100,0.03369992780925598,0.0025840688535083743
skin_patients_quarter,coupled - initial,cumulative_relative_1,100,-0.00047306238597071086,0.004476750997079922
skin_patients_quarter,coupled - initial,baseline_relative_ISE_0,100,0.036338155269527446,0.002806714607019269
skin_patients_quarter,coupled - initial,baseline_relative_ISE_1,100,0.001939965278134394,0.00554711930879476
skin_patients_quarter,coupled - initial,prediction_mse,100,0.05802833299962328,0.006167160313131591
skin_patients_quarter,coupled - initial,negative_prediction_fraction,100,0.0,0.0
skin_patients_quarter,coupled - projected_initial,treatment_0,100,-0.0013395698727465713,0.000395102451201343
skin_patients_quarter,coupled - projected_initial,age10_0,100,-0.0004282584964239592,0.00010396608037449147
skin_patients_quarter,coupled - projected_initial,treatment_1,100,0.0008251663898527673,0.0004684540694366592
skin_patients_quarter,coupled - projected_initial,age10_1,100,0.00018273527177302182,0.00016382412773641622
skin_patients_quarter,coupled - projected_initial,sigma0,100,3.789027053160834e-05,1.796008431657544e-05
skin_patients_quarter,coupled - projected_initial,sigma1,100,0.00040445857233169127,0.00013816070892381954
skin_patients_quarter,coupled - projected_initial,nu0,100,-0.04531420480324537,0.010964622280723353
skin_patients_quarter,coupled - projected_initial,nu1,100,-1.6797274073422919,0.05409063045231762
skin_patients_quarter,coupled - projected_initial,theta,100,-0.03580707369065992,0.0035526513955887636
skin_patients_quarter,coupled - projected_initial,cumulative_relative_0,100,0.03369992780925598,0.0025840688535083743
skin_patients_quarter,coupled - projected_initial,cumulative_relative_1,100,-0.00047306238597071086,0.004476750997079922
skin_patients_quarter,coupled - projected_initial,baseline_relative_ISE_0,100,0.036338155269527446,0.002806714607019269
skin_patients_quarter,coupled - projected_initial,baseline_relative_ISE_1,100,0.001939965278134394,0.00554711930879476
skin_patients_quarter,coupled - projected_initial,prediction_mse,100,0.05802833299962328,0.006167160313131591
skin_patients_quarter,coupled - projected_initial,negative_prediction_fraction,100,0.0,0.0
skin_patients_quarter,fallback - projected_initial,treatment_0,100,-0.0013395698727465713,0.000395102451201343
skin_patients_quarter,fallback - projected_initial,age10_0,100,-0.0004282584964239592,0.00010396608037449147
skin_patients_quarter,fallback - projected_initial,treatment_1,100,0.0008251663898527673,0.0004684540694366592
skin_patients_quarter,fallback - projected_initial,age10_1,100,0.00018273527177302182,0.00016382412773641622
skin_patients_quarter,fallback - projected_initial,sigma0,100,3.789027053160834e-05,1.796008431657544e-05
skin_patients_quarter,fallback - projected_initial,sigma1,100,0.00040445857233169127,0.00013816070892381954
skin_patients_quarter,fallback - projected_initial,nu0,100,-0.04531420480324537,0.010964622280723353
skin_patients_quarter,fallback - projected_initial,nu1,100,-1.6797274073422919,0.05409063045231762
skin_patients_quarter,fallback - projected_initial,theta,100,-0.03580707369065992,0.0035526513955887636
skin_patients_quarter,fallback - projected_initial,cumulative_relative_0,100,0.03369992780925598,0.0025840688535083743
skin_patients_quarter,fallback - projected_initial,cumulative_relative_1,100,-0.00047306238597071086,0.004476750997079922
skin_patients_quarter,fallback - projected_initial,baseline_relative_ISE_0,100,0.036338155269527446,0.002806714607019269
skin_patients_quarter,fallback - projected_initial,baseline_relative_ISE_1,100,0.001939965278134394,0.00554711930879476
skin_patients_quarter,fallback - projected_initial,prediction_mse,100,0.05802833299962328,0.006167160313131591
skin_patients_quarter,fallback - projected_initial,negative_prediction_fraction,100,0.0,0.0
skin_patients_fourfold,coupled - initial,treatment_0,100,-7.696542905444984e-05,2.1224425795139075e-05
skin_patients_fourfold,coupled - initial,age10_0,100,7.947731749521118e-06,8.528420644874098e-06
skin_patients_fourfold,coupled - initial,treatment_1,100,-1.1635421158929352e-05,2.5388232937710466e-05
skin_patients_fourfold,coupled - initial,age10_1,100,-1.4683402809262685e-05,8.182421338361406e-06
skin_patients_fourfold,coupled - initial,sigma0,100,7.493657113683273e-08,4.493063591606806e-07
skin_patients_fourfold,coupled - initial,sigma1,100,5.327809829064019e-06,3.7239032512958077e-06
skin_patients_fourfold,coupled - initial,nu0,100,-0.06905523937915574,0.0034127026632317834
skin_patients_fourfold,coupled - initial,nu1,100,-1.9151442373914285,0.014518180327455735
skin_patients_fourfold,coupled - initial,theta,100,-0.057014629130700996,0.0005418117242773235
skin_patients_fourfold,coupled - initial,cumulative_relative_0,100,0.030293271270759495,0.000739645534546361
skin_patients_fourfold,coupled - initial,cumulative_relative_1,100,-0.00941332986858755,0.0006657193542062109
skin_patients_fourfold,coupled - initial,baseline_relative_ISE_0,100,0.032468057997040646,0.0007980286166572769
skin_patients_fourfold,coupled - initial,baseline_relative_ISE_1,100,-0.010629313973231056,0.0007363125677396488
skin_patients_fourfold,coupled - initial,prediction_mse,100,0.02576481242055698,0.0013866937793133942
skin_patients_fourfold,coupled - initial,negative_prediction_fraction,100,0.0,0.0
skin_patients_fourfold,coupled - projected_initial,treatment_0,100,-7.696542905444984e-05,2.1224425795139075e-05
skin_patients_fourfold,coupled - projected_initial,age10_0,100,7.947731749521118e-06,8.528420644874098e-06
skin_patients_fourfold,coupled - projected_initial,treatment_1,100,-1.1635421158929352e-05,2.5388232937710466e-05
skin_patients_fourfold,coupled - projected_initial,age10_1,100,-1.4683402809262685e-05,8.182421338361406e-06
skin_patients_fourfold,coupled - projected_initial,sigma0,100,4.5670966486255643e-07,4.334756320128901e-07
skin_patients_fourfold,coupled - projected_initial,sigma1,100,6.181282696553672e-06,3.7050008009753695e-06
skin_patients_fourfold,coupled - projected_initial,nu0,100,-0.06905523937915577,0.003412702663231783
skin_patients_fourfold,coupled - projected_initial,nu1,100,-1.9151442373914287,0.014518180327455738
skin_patients_fourfold,coupled - projected_initial,theta,100,-0.05701462913070101,0.0005418117242773238
skin_patients_fourfold,coupled - projected_initial,cumulative_relative_0,100,0.030293271270759495,0.000739645534546361
skin_patients_fourfold,coupled - projected_initial,cumulative_relative_1,100,-0.00941332986858755,0.0006657193542062109
skin_patients_fourfold,coupled - projected_initial,baseline_relative_ISE_0,100,0.032468057997040646,0.0007980286166572769
skin_patients_fourfold,coupled - projected_initial,baseline_relative_ISE_1,100,-0.010629313973231056,0.0007363125677396488
skin_patients_fourfold,coupled - projected_initial,prediction_mse,100,0.02576481242055698,0.0013866937793133942
skin_patients_fourfold,coupled - projected_initial,negative_prediction_fraction,100,0.0,0.0
skin_patients_fourfold,fallback - projected_initial,treatment_0,100,-7.696542905444984e-05,2.1224425795139075e-05
skin_patients_fourfold,fallback - projected_initial,age10_0,100,7.947731749521118e-06,8.528420644874098e-06
skin_patients_fourfold,fallback - projected_initial,treatment_1,100,-1.1635421158929352e-05,2.5388232937710466e-05
skin_patients_fourfold,fallback - projected_initial,age10_1,100,-1.4683402809262685e-05,8.182421338361406e-06
skin_patients_fourfold,fallback - projected_initial,sigma0,100,4.5670966486255643e-07,4.334756320128901e-07
skin_patients_fourfold,fallback - projected_initial,sigma1,100,6.181282696553672e-06,3.7050008009753695e-06
skin_patients_fourfold,fallback - projected_initial,nu0,100,-0.06905523937915577,0.003412702663231783
skin_patients_fourfold,fallback - projected_initial,nu1,100,-1.9151442373914287,0.014518180327455738
skin_patients_fourfold,fallback - projected_initial,theta,100,-0.05701462913070101,0.0005418117242773238
skin_patients_fourfold,fallback - projected_initial,cumulative_relative_0,100,0.030293271270759495,0.000739645534546361
skin_patients_fourfold,fallback - projected_initial,cumulative_relative_1,100,-0.00941332986858755,0.0006657193542062109
skin_patients_fourfold,fallback - projected_initial,baseline_relative_ISE_0,100,0.032468057997040646,0.0007980286166572769
skin_patients_fourfold,fallback - projected_initial,baseline_relative_ISE_1,100,-0.010629313973231056,0.0007363125677396488
skin_patients_fourfold,fallback - projected_initial,prediction_mse,100,0.02576481242055698,0.0013866937793133942
skin_patients_fourfold,fallback - projected_initial,negative_prediction_fraction,100,0.0,0.0
skin_clinics28,coupled - initial,treatment_0,100,-3.180289680226728e-05,1.738875336061126e-05
skin_clinics28,coupled - initial,age10_0,100,-3.163933319747644e-06,7.447765839383736e-06
skin_clinics28,coupled - initial,treatment_1,100,-1.1160365856994688e-05,2.6099941586701046e-05
skin_clinics28,coupled - initial,age10_1,100,7.681149685707766e-06,4.683069668354137e-06
skin_clinics28,coupled - initial,sigma0,100,-2.8346012424257033e-07,7.817853145542693e-07
skin_clinics28,coupled - initial,sigma1,100,5.015470057316298e-06,3.7687905168715915e-06
skin_clinics28,coupled - initial,nu0,100,-0.07355588963759198,0.0027710522114404224
skin_clinics28,coupled - initial,nu1,100,-1.9207748546212473,0.014312097446675573
skin_clinics28,coupled - initial,theta,100,-0.05721601510853262,0.0006209475296682876
skin_clinics28,coupled - initial,cumulative_relative_0,100,0.028862848258300808,0.0007446427617818172
skin_clinics28,coupled - initial,cumulative_relative_1,100,-0.010180112547293316,0.0006637951873201227
skin_clinics28,coupled - initial,baseline_relative_ISE_0,100,0.030664016459508704,0.000797914595519703
skin_clinics28,coupled - initial,baseline_relative_ISE_1,100,-0.011713782117699268,0.0007713791100848905
skin_clinics28,coupled - initial,prediction_mse,100,0.023019140092499644,0.0012778032980436606
skin_clinics28,coupled - initial,negative_prediction_fraction,100,0.0,0.0
skin_clinics28,coupled - projected_initial,treatment_0,100,-3.180289680226728e-05,1.738875336061126e-05
skin_clinics28,coupled - projected_initial,age10_0,100,-3.163933319747644e-06,7.447765839383736e-06
skin_clinics28,coupled - projected_initial,treatment_1,100,-1.1160365856994688e-05,2.6099941586701046e-05
skin_clinics28,coupled - projected_initial,age10_1,100,7.681149685707766e-06,4.683069668354137e-06
skin_clinics28,coupled - projected_initial,sigma0,100,9.691475354645733e-07,7.102251931799166e-07
skin_clinics28,coupled - projected_initial,sigma1,100,7.304125313963804e-06,3.6990758566570307e-06
skin_clinics28,coupled - projected_initial,nu0,100,-0.07355588963759196,0.0027710522114404224
skin_clinics28,coupled - projected_initial,nu1,100,-1.9207748546212473,0.014312097446675576
skin_clinics28,coupled - projected_initial,theta,100,-0.057216015108532615,0.0006209475296682876
skin_clinics28,coupled - projected_initial,cumulative_relative_0,100,0.028862848258300808,0.0007446427617818172
skin_clinics28,coupled - projected_initial,cumulative_relative_1,100,-0.010180112547293316,0.0006637951873201227
skin_clinics28,coupled - projected_initial,baseline_relative_ISE_0,100,0.030664016459508704,0.000797914595519703
skin_clinics28,coupled - projected_initial,baseline_relative_ISE_1,100,-0.011713782117699268,0.0007713791100848905
skin_clinics28,coupled - projected_initial,prediction_mse,100,0.023019140092499644,0.0012778032980436606
skin_clinics28,coupled - projected_initial,negative_prediction_fraction,100,0.0,0.0
skin_clinics28,fallback - projected_initial,treatment_0,100,-3.180289680226728e-05,1.738875336061126e-05
skin_clinics28,fallback - projected_initial,age10_0,100,-3.163933319747644e-06,7.447765839383736e-06
skin_clinics28,fallback - projected_initial,treatment_1,100,-1.1160365856994688e-05,2.6099941586701046e-05
skin_clinics28,fallback - projected_initial,age10_1,100,7.681149685707766e-06,4.683069668354137e-06
skin_clinics28,fallback - projected_initial,sigma0,100,9.691475354645733e-07,7.102251931799166e-07
skin_clinics28,fallback - projected_initial,sigma1,100,7.304125313963804e-06,3.6990758566570307e-06
skin_clinics28,fallback - projected_initial,nu0,100,-0.07355588963759196,0.0027710522114404224
skin_clinics28,fallback - projected_initial,nu1,100,-1.9207748546212473,0.014312097446675576
skin_clinics28,fallback - projected_initial,theta,100,-0.057216015108532615,0.0006209475296682876
skin_clinics28,fallback - projected_initial,cumulative_relative_0,100,0.028862848258300808,0.0007446427617818172
skin_clinics28,fallback - projected_initial,cumulative_relative_1,100,-0.010180112547293316,0.0006637951873201227
skin_clinics28,fallback - projected_initial,baseline_relative_ISE_0,100,0.030664016459508704,0.000797914595519703
skin_clinics28,fallback - projected_initial,baseline_relative_ISE_1,100,-0.011713782117699268,0.0007713791100848905
skin_clinics28,fallback - projected_initial,prediction_mse,100,0.023019140092499644,0.0012778032980436606
skin_clinics28,fallback - projected_initial,negative_prediction_fraction,100,0.0,0.0
skin_long4,coupled - initial,treatment_0,99,-0.0011481185045411773,0.00015160212302590013
skin_long4,coupled - initial,age10_0,99,-0.0002198787979448802,3.0455584484347683e-05
skin_long4,coupled - initial,treatment_1,99,-0.0005793870831234888,0.0001519521728138954
skin_long4,coupled - initial,age10_1,99,-0.00024333537991612584,5.27784948253653e-05
skin_long4,coupled - initial,sigma0,99,-6.309737898457533e-06,7.809934105973868e-07
skin_long4,coupled - initial,sigma1,99,1.882400779901148e-06,4.937149546178931e-06
skin_long4,coupled - initial,nu0,99,0.23138083592780798,0.004965566908458205
skin_long4,coupled - initial,nu1,99,-0.49342505864420977,0.02541071521430063
skin_long4,coupled - initial,theta,99,-0.021593443438076603,0.0007384981764436165
skin_long4,coupled - initial,cumulative_relative_0,99,0.1821780910953165,0.00452588492464102
skin_long4,coupled - initial,cumulative_relative_1,99,0.21450535472123095,0.009207054978064467
skin_long4,coupled - initial,baseline_relative_ISE_0,99,0.18478751104445132,0.004554345334046935
skin_long4,coupled - initial,baseline_relative_ISE_1,99,0.22192132963191286,0.00962213277301134
skin_long4,coupled - initial,prediction_mse,99,0.27095904611995625,0.00479874197814592
skin_long4,coupled - initial,negative_prediction_fraction,99,0.0,0.0
skin_long4,coupled - projected_initial,treatment_0,99,-0.0011481185045411773,0.00015160212302590013
skin_long4,coupled - projected_initial,age10_0,99,-0.0002198787979448802,3.0455584484347683e-05
skin_long4,coupled - projected_initial,treatment_1,99,-0.0005793870831234888,0.0001519521728138954
skin_long4,coupled - projected_initial,age10_1,99,-0.00024333537991612584,5.27784948253653e-05
skin_long4,coupled - projected_initial,sigma0,99,-1.3457576959235997e-06,5.750255526472129e-07
skin_long4,coupled - projected_initial,sigma1,99,8.605072438908817e-06,4.745350549793781e-06
skin_long4,coupled - projected_initial,nu0,99,0.23138083592780798,0.004965566908458204
skin_long4,coupled - projected_initial,nu1,99,-0.49342505864420977,0.02541071521430063
skin_long4,coupled - projected_initial,theta,99,-0.0215934434380766,0.0007384981764436166
skin_long4,coupled - projected_initial,cumulative_relative_0,99,0.1821780910953165,0.00452588492464102
skin_long4,coupled - projected_initial,cumulative_relative_1,99,0.21450535472123095,0.009207054978064467
skin_long4,coupled - projected_initial,baseline_relative_ISE_0,99,0.18478751104445132,0.004554345334046935
skin_long4,coupled - projected_initial,baseline_relative_ISE_1,99,0.22192132963191286,0.00962213277301134
skin_long4,coupled - projected_initial,prediction_mse,99,0.27095904611995625,0.00479874197814592
skin_long4,coupled - projected_initial,negative_prediction_fraction,99,0.0,0.0
skin_long4,fallback - projected_initial,treatment_0,100,-0.0011366373194957654,0.0001505169666246564
skin_long4,fallback - projected_initial,age10_0,100,-0.00021768000996543146,3.022956239074829e-05
skin_long4,fallback - projected_initial,treatment_1,100,-0.0005735932122922537,0.00015053651552236646
skin_long4,fallback - projected_initial,age10_1,100,-0.00024090202611696458,5.230467795926462e-05
skin_long4,fallback - projected_initial,sigma0,100,-1.3323001189643637e-06,5.694053080635108e-07
skin_long4,fallback - projected_initial,sigma1,100,8.51902171451973e-06,4.698445437672705e-06
skin_long4,fallback - projected_initial,nu0,100,0.2290670275685299,0.0054329942712460855
skin_long4,fallback - projected_initial,nu1,100,-0.48849080805776773,0.025634687195244803
skin_long4,fallback - projected_initial,theta,100,-0.021377509003695835,0.000762298921309533
skin_long4,fallback - projected_initial,cumulative_relative_0,100,0.18035631018436335,0.004836615278434325
skin_long4,fallback - projected_initial,cumulative_relative_1,100,0.21236030117401863,0.009363531324352355
skin_long4,fallback - projected_initial,baseline_relative_ISE_0,100,0.1829396359340068,0.0048725622230116564
skin_long4,fallback - projected_initial,baseline_relative_ISE_1,100,0.21970211633559372,0.009780523399797647
skin_long4,fallback - projected_initial,prediction_mse,100,0.26824945565875674,0.00546893468134216
skin_long4,fallback - projected_initial,negative_prediction_fraction,100,0.0,0.0
skin_K2,coupled - initial,treatment_0,100,-0.0002491302654711873,5.298905955381764e-05
skin_K2,coupled - initial,age10_0,100,-0.0001064354857090386,3.139404622344717e-05
skin_K2,coupled - initial,treatment_1,100,5.98078284769951e-05,9.672342227841432e-05
skin_K2,coupled - initial,age10_1,100,-5.737009042988618e-07,2.7071448801950985e-05
skin_K2,coupled - initial,sigma0,100,2.6769440082552188e-06,2.6435046476527907e-06
skin_K2,coupled - initial,sigma1,100,5.526810171319848e-05,2.125345665545255e-05
skin_K2,coupled - initial,nu0,100,-0.06198089067592262,0.005968011845284707
skin_K2,coupled - initial,nu1,100,-1.8723080324906574,0.026534755277247253
skin_K2,coupled - initial,theta,100,-0.05087427176650281,0.0015172935320387176
skin_K2,coupled - initial,cumulative_relative_0,100,0.03183692555731325,0.0015130587292145946
skin_K2,coupled - initial,cumulative_relative_1,100,-0.008251490993649134,0.0014981535936357323
skin_K2,coupled - initial,baseline_relative_ISE_0,100,0.0316006506567118,0.0015544405740870464
skin_K2,coupled - initial,baseline_relative_ISE_1,100,-0.008639408103905937,0.0016254776486785572
skin_K2,coupled - initial,prediction_mse,100,0.034946731650202435,0.002828868185899909
skin_K2,coupled - initial,negative_prediction_fraction,100,0.0,0.0
skin_K2,coupled - projected_initial,treatment_0,100,-0.0002491302654711873,5.298905955381764e-05
skin_K2,coupled - projected_initial,age10_0,100,-0.0001064354857090386,3.139404622344717e-05
skin_K2,coupled - projected_initial,treatment_1,100,5.98078284769951e-05,9.672342227841432e-05
skin_K2,coupled - projected_initial,age10_1,100,-5.737009042988618e-07,2.7071448801950985e-05
skin_K2,coupled - projected_initial,sigma0,100,8.042915580177223e-06,2.37906973582104e-06
skin_K2,coupled - projected_initial,sigma1,100,6.0544355954624684e-05,2.1099453899025952e-05
skin_K2,coupled - projected_initial,nu0,100,-0.061980890675922634,0.005968011845284709
skin_K2,coupled - projected_initial,nu1,100,-1.8723080324906574,0.026534755277247246
skin_K2,coupled - projected_initial,theta,100,-0.05087427176650281,0.0015172935320387176
skin_K2,coupled - projected_initial,cumulative_relative_0,100,0.03183692555731325,0.0015130587292145946
skin_K2,coupled - projected_initial,cumulative_relative_1,100,-0.008251490993649134,0.0014981535936357323
skin_K2,coupled - projected_initial,baseline_relative_ISE_0,100,0.0316006506567118,0.0015544405740870464
skin_K2,coupled - projected_initial,baseline_relative_ISE_1,100,-0.008639408103905937,0.0016254776486785572
skin_K2,coupled - projected_initial,prediction_mse,100,0.034946731650202435,0.002828868185899909
skin_K2,coupled - projected_initial,negative_prediction_fraction,100,0.0,0.0
skin_K2,fallback - projected_initial,treatment_0,100,-0.0002491302654711873,5.298905955381764e-05
skin_K2,fallback - projected_initial,age10_0,100,-0.0001064354857090386,3.139404622344717e-05
skin_K2,fallback - projected_initial,treatment_1,100,5.98078284769951e-05,9.672342227841432e-05
skin_K2,fallback - projected_initial,age10_1,100,-5.737009042988618e-07,2.7071448801950985e-05
skin_K2,fallback - projected_initial,sigma0,100,8.042915580177223e-06,2.37906973582104e-06
skin_K2,fallback - projected_initial,sigma1,100,6.0544355954624684e-05,2.1099453899025952e-05
skin_K2,fallback - projected_initial,nu0,100,-0.061980890675922634,0.005968011845284709
skin_K2,fallback - projected_initial,nu1,100,-1.8723080324906574,0.026534755277247246
skin_K2,fallback - projected_initial,theta,100,-0.05087427176650281,0.0015172935320387176
skin_K2,fallback - projected_initial,cumulative_relative_0,100,0.03183692555731325,0.0015130587292145946
skin_K2,fallback - projected_initial,cumulative_relative_1,100,-0.008251490993649134,0.0014981535936357323
skin_K2,fallback - projected_initial,baseline_relative_ISE_0,100,0.0316006506567118,0.0015544405740870464
skin_K2,fallback - projected_initial,baseline_relative_ISE_1,100,-0.008639408103905937,0.0016254776486785572
skin_K2,fallback - projected_initial,prediction_mse,100,0.034946731650202435,0.002828868185899909
skin_K2,fallback - projected_initial,negative_prediction_fraction,100,0.0,0.0
skin_K8,coupled - initial,treatment_0,100,-0.00026768663305109575,5.505403295181736e-05
skin_K8,coupled - initial,age10_0,100,-0.00010918420819259808,3.191904881508614e-05
skin_K8,coupled - initial,treatment_1,100,5.725801615576282e-05,9.632916428529814e-05
skin_K8,coupled - initial,age10_1,100,-1.7259655997153737e-06,2.6523867941125912e-05
skin_K8,coupled - initial,sigma0,100,2.7121995598493354e-06,2.6375526499894345e-06
skin_K8,coupled - initial,sigma1,100,5.4329178352469106e-05,2.1153411105192175e-05
skin_K8,coupled - initial,nu0,100,-0.05921202794062982,0.0061044466709750615
skin_K8,coupled - initial,nu1,100,-1.8489145116205044,0.02753160272198609
skin_K8,coupled - initial,theta,100,-0.05076375884412323,0.001524484090468585
skin_K8,coupled - initial,cumulative_relative_0,100,0.030154282699832242,0.0014540939371213305
skin_K8,coupled - initial,cumulative_relative_1,100,-0.006521520167886818,0.001457098865024127
skin_K8,coupled - initial,baseline_relative_ISE_0,100,0.03397170801039331,0.0016016424645570002
skin_K8,coupled - initial,baseline_relative_ISE_1,100,-0.0073051744790732865,0.0017086917980200411
skin_K8,coupled - initial,prediction_mse,100,0.03706932030241987,0.0029108950445400667
skin_K8,coupled - initial,negative_prediction_fraction,100,0.0,0.0
skin_K8,coupled - projected_initial,treatment_0,100,-0.00026768663305109575,5.505403295181736e-05
skin_K8,coupled - projected_initial,age10_0,100,-0.00010918420819259808,3.191904881508614e-05
skin_K8,coupled - projected_initial,treatment_1,100,5.725801615576282e-05,9.632916428529814e-05
skin_K8,coupled - projected_initial,age10_1,100,-1.7259655997153737e-06,2.6523867941125912e-05
skin_K8,coupled - projected_initial,sigma0,100,8.0694814527299e-06,2.3722859414081147e-06
skin_K8,coupled - projected_initial,sigma1,100,5.955927406832211e-05,2.1002674738893196e-05
skin_K8,coupled - projected_initial,nu0,100,-0.05921202794062981,0.006104446670975061
skin_K8,coupled - projected_initial,nu1,100,-1.8489145116205044,0.02753160272198609
skin_K8,coupled - projected_initial,theta,100,-0.05076375884412323,0.001524484090468585
skin_K8,coupled - projected_initial,cumulative_relative_0,100,0.030154282699832242,0.0014540939371213305
skin_K8,coupled - projected_initial,cumulative_relative_1,100,-0.006521520167886818,0.001457098865024127
skin_K8,coupled - projected_initial,baseline_relative_ISE_0,100,0.03397170801039331,0.0016016424645570002
skin_K8,coupled - projected_initial,baseline_relative_ISE_1,100,-0.0073051744790732865,0.0017086917980200411
skin_K8,coupled - projected_initial,prediction_mse,100,0.03706932030241987,0.0029108950445400667
skin_K8,coupled - projected_initial,negative_prediction_fraction,100,0.0,0.0
skin_K8,fallback - projected_initial,treatment_0,100,-0.00026768663305109575,5.505403295181736e-05
skin_K8,fallback - projected_initial,age10_0,100,-0.00010918420819259808,3.191904881508614e-05
skin_K8,fallback - projected_initial,treatment_1,100,5.725801615576282e-05,9.632916428529814e-05
skin_K8,fallback - projected_initial,age10_1,100,-1.7259655997153737e-06,2.6523867941125912e-05
skin_K8,fallback - projected_initial,sigma0,100,8.0694814527299e-06,2.3722859414081147e-06
skin_K8,fallback - projected_initial,sigma1,100,5.955927406832211e-05,2.1002674738893196e-05
skin_K8,fallback - projected_initial,nu0,100,-0.05921202794062981,0.006104446670975061
skin_K8,fallback - projected_initial,nu1,100,-1.8489145116205044,0.02753160272198609
skin_K8,fallback - projected_initial,theta,100,-0.05076375884412323,0.001524484090468585
skin_K8,fallback - projected_initial,cumulative_relative_0,100,0.030154282699832242,0.0014540939371213305
skin_K8,fallback - projected_initial,cumulative_relative_1,100,-0.006521520167886818,0.001457098865024127
skin_K8,fallback - projected_initial,baseline_relative_ISE_0,100,0.03397170801039331,0.0016016424645570002
skin_K8,fallback - projected_initial,baseline_relative_ISE_1,100,-0.0073051744790732865,0.0017086917980200411
skin_K8,fallback - projected_initial,prediction_mse,100,0.03706932030241987,0.0029108950445400667
skin_K8,fallback - projected_initial,negative_prediction_fraction,100,0.0,0.0
skin_zero_clinics,coupled - initial,treatment_0,200,-0.0003718635579521738,5.295186998753114e-05
skin_zero_clinics,coupled - initial,age10_0,200,-4.448344428262748e-05,1.5761215685395874e-05
skin_zero_clinics,coupled - initial,treatment_1,200,4.333012075031882e-05,5.1201151944499246e-05
skin_zero_clinics,coupled - initial,age10_1,200,2.5878646448465483e-05,2.231490539132387e-05
skin_zero_clinics,coupled - initial,sigma0,200,4.708729090520717e-06,2.286628533510125e-06
skin_zero_clinics,coupled - initial,sigma1,200,6.206795792427292e-05,1.5785255491586175e-05
skin_zero_clinics,coupled - initial,nu0,200,-0.07279298177599172,0.003951793497053419
skin_zero_clinics,coupled - initial,nu1,200,-1.8669005986947314,0.021104230426233855
skin_zero_clinics,coupled - initial,theta,200,-0.05274872355338031,0.0009095386091769783
skin_zero_clinics,coupled - initial,cumulative_relative_0,200,0.029023492498078073,0.0008945385527035721
skin_zero_clinics,coupled - initial,cumulative_relative_1,200,-0.006989820919131025,0.0011361186590526737
skin_zero_clinics,coupled - initial,baseline_relative_ISE_0,200,0.031648110517136584,0.0009675600764749768
skin_zero_clinics,coupled - initial,baseline_relative_ISE_1,200,-0.007835359184491637,0.0013151696437684955
skin_zero_clinics,coupled - initial,prediction_mse,200,0.030489077683076293,0.002098110548244986
skin_zero_clinics,coupled - initial,negative_prediction_fraction,200,0.0,0.0
skin_zero_clinics,coupled - projected_initial,treatment_0,200,-0.0003718635579521738,5.295186998753114e-05
skin_zero_clinics,coupled - projected_initial,age10_0,200,-4.448344428262748e-05,1.5761215685395874e-05
skin_zero_clinics,coupled - projected_initial,treatment_1,200,4.333012075031882e-05,5.1201151944499246e-05
skin_zero_clinics,coupled - projected_initial,age10_1,200,2.5878646448465483e-05,2.231490539132387e-05
skin_zero_clinics,coupled - projected_initial,sigma0,200,6.891257082591276e-06,2.24657305269545e-06
skin_zero_clinics,coupled - projected_initial,sigma1,200,6.337578163471136e-05,1.575994305196843e-05
skin_zero_clinics,coupled - projected_initial,nu0,200,-0.07279298177599172,0.003951793497053418
skin_zero_clinics,coupled - projected_initial,nu1,200,-1.8669005986947311,0.021104230426233855
skin_zero_clinics,coupled - projected_initial,theta,200,-0.05274872355338031,0.0009095386091769785
skin_zero_clinics,coupled - projected_initial,cumulative_relative_0,200,0.029023492498078073,0.0008945385527035721
skin_zero_clinics,coupled - projected_initial,cumulative_relative_1,200,-0.006989820919131025,0.0011361186590526737
skin_zero_clinics,coupled - projected_initial,baseline_relative_ISE_0,200,0.031648110517136584,0.0009675600764749768
skin_zero_clinics,coupled - projected_initial,baseline_relative_ISE_1,200,-0.007835359184491637,0.0013151696437684955
skin_zero_clinics,coupled - projected_initial,prediction_mse,200,0.030489077683076293,0.002098110548244986
skin_zero_clinics,coupled - projected_initial,negative_prediction_fraction,200,0.0,0.0
skin_zero_clinics,fallback - projected_initial,treatment_0,200,-0.0003718635579521738,5.295186998753114e-05
skin_zero_clinics,fallback - projected_initial,age10_0,200,-4.448344428262748e-05,1.5761215685395874e-05
skin_zero_clinics,fallback - projected_initial,treatment_1,200,4.333012075031882e-05,5.1201151944499246e-05
skin_zero_clinics,fallback - projected_initial,age10_1,200,2.5878646448465483e-05,2.231490539132387e-05
skin_zero_clinics,fallback - projected_initial,sigma0,200,6.891257082591276e-06,2.24657305269545e-06
skin_zero_clinics,fallback - projected_initial,sigma1,200,6.337578163471136e-05,1.575994305196843e-05
skin_zero_clinics,fallback - projected_initial,nu0,200,-0.07279298177599172,0.003951793497053418
skin_zero_clinics,fallback - projected_initial,nu1,200,-1.8669005986947311,0.021104230426233855
skin_zero_clinics,fallback - projected_initial,theta,200,-0.05274872355338031,0.0009095386091769785
skin_zero_clinics,fallback - projected_initial,cumulative_relative_0,200,0.029023492498078073,0.0008945385527035721
skin_zero_clinics,fallback - projected_initial,cumulative_relative_1,200,-0.006989820919131025,0.0011361186590526737
skin_zero_clinics,fallback - projected_initial,baseline_relative_ISE_0,200,0.031648110517136584,0.0009675600764749768
skin_zero_clinics,fallback - projected_initial,baseline_relative_ISE_1,200,-0.007835359184491637,0.0013151696437684955
skin_zero_clinics,fallback - projected_initial,prediction_mse,200,0.030489077683076293,0.002098110548244986
skin_zero_clinics,fallback - projected_initial,negative_prediction_fraction,200,0.0,0.0
skin_moderate_clinics,coupled - initial,treatment_0,99,-0.0003490554288731998,7.661710605693108e-05
skin_moderate_clinics,coupled - initial,age10_0,99,-9.474682255709789e-05,3.4185739495438794e-05
skin_moderate_clinics,coupled - initial,treatment_1,99,-0.00017464177369980183,0.00010127871582329582
skin_moderate_clinics,coupled - initial,age10_1,99,2.078781889200561e-05,3.964672818829717e-05
skin_moderate_clinics,coupled - initial,sigma0,99,-0.0005592399053864629,3.758786822593263e-05
skin_moderate_clinics,coupled - initial,sigma1,99,-8.949448228125829e-05,3.992307814713941e-05
skin_moderate_clinics,coupled - initial,nu0,99,-0.07785459977326943,0.008449179395404393
skin_moderate_clinics,coupled - initial,nu1,99,-1.8679135338463406,0.030509646090436653
skin_moderate_clinics,coupled - initial,theta,99,-0.05291132535141045,0.0014451412179229556
skin_moderate_clinics,coupled - initial,cumulative_relative_0,99,0.02920465150603681,0.002742136147946715
skin_moderate_clinics,coupled - initial,cumulative_relative_1,99,-0.002501769710611431,0.0018205691378935668
skin_moderate_clinics,coupled - initial,baseline_relative_ISE_0,99,0.031301089084113186,0.002949575028002872
skin_moderate_clinics,coupled - initial,baseline_relative_ISE_1,99,-0.0033229053134805754,0.0021196328523077
skin_moderate_clinics,coupled - initial,prediction_mse,99,0.023770313832411693,0.003479342325639851
skin_moderate_clinics,coupled - initial,negative_prediction_fraction,99,0.0,0.0
skin_moderate_clinics,coupled - projected_initial,treatment_0,99,-0.0003490554288731998,7.661710605693108e-05
skin_moderate_clinics,coupled - projected_initial,age10_0,99,-9.474682255709789e-05,3.4185739495438794e-05
skin_moderate_clinics,coupled - projected_initial,treatment_1,99,-0.00017464177369980183,0.00010127871582329582
skin_moderate_clinics,coupled - projected_initial,age10_1,99,2.078781889200561e-05,3.964672818829717e-05
skin_moderate_clinics,coupled - projected_initial,sigma0,99,-0.0005585677637110119,3.768365741601332e-05
skin_moderate_clinics,coupled - projected_initial,sigma1,99,-7.065080006114465e-05,3.980493507783249e-05
skin_moderate_clinics,coupled - projected_initial,nu0,99,-0.07785459977326942,0.008449179395404393
skin_moderate_clinics,coupled - projected_initial,nu1,99,-1.8679135338463406,0.030509646090436653
skin_moderate_clinics,coupled - projected_initial,theta,99,-0.05291132535141045,0.0014451412179229562
skin_moderate_clinics,coupled - projected_initial,cumulative_relative_0,99,0.02920465150603681,0.002742136147946715
skin_moderate_clinics,coupled - projected_initial,cumulative_relative_1,99,-0.002501769710611431,0.0018205691378935668
skin_moderate_clinics,coupled - projected_initial,baseline_relative_ISE_0,99,0.031301089084113186,0.002949575028002872
skin_moderate_clinics,coupled - projected_initial,baseline_relative_ISE_1,99,-0.0033229053134805754,0.0021196328523077
skin_moderate_clinics,coupled - projected_initial,prediction_mse,99,0.023770313832411693,0.003479342325639851
skin_moderate_clinics,coupled - projected_initial,negative_prediction_fraction,99,0.0,0.0
skin_moderate_clinics,fallback - projected_initial,treatment_0,100,-0.00034556487458446775,7.592734218297669e-05
skin_moderate_clinics,fallback - projected_initial,age10_0,100,-9.379935433152692e-05,3.385541589157443e-05
skin_moderate_clinics,fallback - projected_initial,treatment_1,100,-0.0001728953559628038,0.00010027602249865965
skin_moderate_clinics,fallback - projected_initial,age10_1,100,2.0579940703085555e-05,3.924880900431772e-05
skin_moderate_clinics,fallback - projected_initial,sigma0,100,-0.0005529820860739017,3.772077239649553e-05
skin_moderate_clinics,fallback - projected_initial,sigma1,100,-6.994429206053321e-05,3.941120846884015e-05
skin_moderate_clinics,fallback - projected_initial,nu0,100,-0.07707605377553672,0.008400416279994534
skin_moderate_clinics,fallback - projected_initial,nu1,100,-1.8492343985078774,0.035512417989557614
skin_moderate_clinics,fallback - projected_initial,theta,100,-0.05238221209789635,0.0015253279358843884
skin_moderate_clinics,fallback - projected_initial,cumulative_relative_0,100,0.028912604990976445,0.0027302409431691982
skin_moderate_clinics,fallback - projected_initial,cumulative_relative_1,100,-0.0024767520135053167,0.0018024451257394793
skin_moderate_clinics,fallback - projected_initial,baseline_relative_ISE_0,100,0.030988078193272053,0.0029366594638614366
skin_moderate_clinics,fallback - projected_initial,baseline_relative_ISE_1,100,-0.0032896762603457697,0.0020985925593079453
skin_moderate_clinics,fallback - projected_initial,prediction_mse,100,0.023532610694087578,0.003452565617128555
skin_moderate_clinics,fallback - projected_initial,negative_prediction_fraction,100,0.0,0.0
skin_flat,coupled - initial,treatment_0,100,-0.00028041688693910026,7.28799753988083e-05
skin_flat,coupled - initial,age10_0,100,-4.597295443012266e-05,1.95082429038046e-05
skin_flat,coupled - initial,treatment_1,100,7.376824907667857e-05,7.073564257136379e-05
skin_flat,coupled - initial,age10_1,100,-6.320744091758173e-06,1.850043346166169e-05
skin_flat,coupled - initial,sigma0,100,3.7303301980192824e-06,2.731732233863589e-06
skin_flat,coupled - initial,sigma1,100,3.841075966777695e-05,1.6478917091214826e-05
skin_flat,coupled - initial,nu0,100,-0.05036090612825544,0.006497676336584083
skin_flat,coupled - initial,nu1,100,-1.7597915432240632,0.028388635148823477
skin_flat,coupled - initial,theta,100,-0.05207396176484167,0.0010925181436029572
skin_flat,coupled - initial,cumulative_relative_0,100,0.03731090622582769,0.001628695994679417
skin_flat,coupled - initial,cumulative_relative_1,100,-0.002965394409896886,0.0017287139267961505
skin_flat,coupled - initial,baseline_relative_ISE_0,100,0.03817494814344306,0.00159557292389635
skin_flat,coupled - initial,baseline_relative_ISE_1,100,-0.0027883514150819112,0.0018325587028349716
skin_flat,coupled - initial,prediction_mse,100,0.045679384438789626,0.0031244756226129055
skin_flat,coupled - initial,negative_prediction_fraction,100,0.0,0.0
skin_flat,coupled - projected_initial,treatment_0,100,-0.00028041688693910026,7.28799753988083e-05
skin_flat,coupled - projected_initial,age10_0,100,-4.597295443012266e-05,1.95082429038046e-05
skin_flat,coupled - projected_initial,treatment_1,100,7.376824907667857e-05,7.073564257136379e-05
skin_flat,coupled - projected_initial,age10_1,100,-6.320744091758173e-06,1.850043346166169e-05
skin_flat,coupled - projected_initial,sigma0,100,7.72495754510601e-06,2.561923247296196e-06
skin_flat,coupled - projected_initial,sigma1,100,4.4337320320871904e-05,1.631263126608124e-05
skin_flat,coupled - projected_initial,nu0,100,-0.05036090612825546,0.006497676336584083
skin_flat,coupled - projected_initial,nu1,100,-1.7597915432240632,0.028388635148823477
skin_flat,coupled - projected_initial,theta,100,-0.05207396176484167,0.0010925181436029574
skin_flat,coupled - projected_initial,cumulative_relative_0,100,0.03731090622582769,0.001628695994679417
skin_flat,coupled - projected_initial,cumulative_relative_1,100,-0.002965394409896886,0.0017287139267961505
skin_flat,coupled - projected_initial,baseline_relative_ISE_0,100,0.03817494814344306,0.00159557292389635
skin_flat,coupled - projected_initial,baseline_relative_ISE_1,100,-0.0027883514150819112,0.0018325587028349716
skin_flat,coupled - projected_initial,prediction_mse,100,0.045679384438789626,0.0031244756226129055
skin_flat,coupled - projected_initial,negative_prediction_fraction,100,0.0,0.0
skin_flat,fallback - projected_initial,treatment_0,100,-0.00028041688693910026,7.28799753988083e-05
skin_flat,fallback - projected_initial,age10_0,100,-4.597295443012266e-05,1.95082429038046e-05
skin_flat,fallback - projected_initial,treatment_1,100,7.376824907667857e-05,7.073564257136379e-05
skin_flat,fallback - projected_initial,age10_1,100,-6.320744091758173e-06,1.850043346166169e-05
skin_flat,fallback - projected_initial,sigma0,100,7.72495754510601e-06,2.561923247296196e-06
skin_flat,fallback - projected_initial,sigma1,100,4.4337320320871904e-05,1.631263126608124e-05
skin_flat,fallback - projected_initial,nu0,100,-0.05036090612825546,0.006497676336584083
skin_flat,fallback - projected_initial,nu1,100,-1.7597915432240632,0.028388635148823477
skin_flat,fallback - projected_initial,theta,100,-0.05207396176484167,0.0010925181436029574
skin_flat,fallback - projected_initial,cumulative_relative_0,100,0.03731090622582769,0.001628695994679417
skin_flat,fallback - projected_initial,cumulative_relative_1,100,-0.002965394409896886,0.0017287139267961505
skin_flat,fallback - projected_initial,baseline_relative_ISE_0,100,0.03817494814344306,0.00159557292389635
skin_flat,fallback - projected_initial,baseline_relative_ISE_1,100,-0.0027883514150819112,0.0018325587028349716
skin_flat,fallback - projected_initial,prediction_mse,100,0.045679384438789626,0.0031244756226129055
skin_flat,fallback - projected_initial,negative_prediction_fraction,100,0.0,0.0
skin_law_alt,coupled - initial,treatment_0,100,-4.011964126825063e-05,6.109228016091971e-05
skin_law_alt,coupled - initial,age10_0,100,-5.592387898193591e-06,1.2911634664700164e-05
skin_law_alt,coupled - initial,treatment_1,100,-0.0004941711482087093,0.00039126689909758233
skin_law_alt,coupled - initial,age10_1,100,-0.0004307981639856319,0.00012142322089184958
skin_law_alt,coupled - initial,sigma0,100,4.066304008955211e-06,8.208784402014406e-06
skin_law_alt,coupled - initial,sigma1,100,0.00012812532139472064,5.540218203699923e-05
skin_law_alt,coupled - initial,nu0,100,-0.04303021323749124,0.015616636374751372
skin_law_alt,coupled - initial,nu1,100,-1.0266146691444036,0.1223749531913724
skin_law_alt,coupled - initial,theta,100,-0.001041053258270306,0.008951294545140058
skin_law_alt,coupled - initial,cumulative_relative_0,100,-0.0006809494643369337,0.00017896396836737262
skin_law_alt,coupled - initial,cumulative_relative_1,100,-0.02354088995837507,0.0028161743635635363
skin_law_alt,coupled - initial,baseline_relative_ISE_0,100,-0.000542397445435691,0.0002134198482525934
skin_law_alt,coupled - initial,baseline_relative_ISE_1,100,-0.03198884899916191,0.0032902871847684326
skin_law_alt,coupled - initial,prediction_mse,100,-0.03598426197569003,0.0039538318655981276
skin_law_alt,coupled - initial,negative_prediction_fraction,100,0.0,0.0
skin_law_alt,coupled - projected_initial,treatment_0,100,-4.011964126825063e-05,6.109228016091971e-05
skin_law_alt,coupled - projected_initial,age10_0,100,-5.592387898193591e-06,1.2911634664700164e-05
skin_law_alt,coupled - projected_initial,treatment_1,100,-0.0004941711482087093,0.00039126689909758233
skin_law_alt,coupled - projected_initial,age10_1,100,-0.0004307981639856319,0.00012142322089184958
skin_law_alt,coupled - projected_initial,sigma0,100,1.4115387269570927e-05,7.93900721156378e-06
skin_law_alt,coupled - projected_initial,sigma1,100,0.00013834482119432518,5.514913806498342e-05
skin_law_alt,coupled - projected_initial,nu0,100,-0.04303021323749125,0.015616636374751375
skin_law_alt,coupled - projected_initial,nu1,100,-1.0266146691444038,0.1223749531913724
skin_law_alt,coupled - projected_initial,theta,100,-0.001041053258270304,0.008951294545140058
skin_law_alt,coupled - projected_initial,cumulative_relative_0,100,-0.0006809494643369337,0.00017896396836737262
skin_law_alt,coupled - projected_initial,cumulative_relative_1,100,-0.02354088995837507,0.0028161743635635363
skin_law_alt,coupled - projected_initial,baseline_relative_ISE_0,100,-0.000542397445435691,0.0002134198482525934
skin_law_alt,coupled - projected_initial,baseline_relative_ISE_1,100,-0.03198884899916191,0.0032902871847684326
skin_law_alt,coupled - projected_initial,prediction_mse,100,-0.03598426197569003,0.0039538318655981276
skin_law_alt,coupled - projected_initial,negative_prediction_fraction,100,0.0,0.0
skin_law_alt,fallback - projected_initial,treatment_0,100,-4.011964126825063e-05,6.109228016091971e-05
skin_law_alt,fallback - projected_initial,age10_0,100,-5.592387898193591e-06,1.2911634664700164e-05
skin_law_alt,fallback - projected_initial,treatment_1,100,-0.0004941711482087093,0.00039126689909758233
skin_law_alt,fallback - projected_initial,age10_1,100,-0.0004307981639856319,0.00012142322089184958
skin_law_alt,fallback - projected_initial,sigma0,100,1.4115387269570927e-05,7.93900721156378e-06
skin_law_alt,fallback - projected_initial,sigma1,100,0.00013834482119432518,5.514913806498342e-05
skin_law_alt,fallback - projected_initial,nu0,100,-0.04303021323749125,0.015616636374751375
skin_law_alt,fallback - projected_initial,nu1,100,-1.0266146691444038,0.1223749531913724
skin_law_alt,fallback - projected_initial,theta,100,-0.001041053258270304,0.008951294545140058
skin_law_alt,fallback - projected_initial,cumulative_relative_0,100,-0.0006809494643369337,0.00017896396836737262
skin_law_alt,fallback - projected_initial,cumulative_relative_1,100,-0.02354088995837507,0.0028161743635635363
skin_law_alt,fallback - projected_initial,baseline_relative_ISE_0,100,-0.000542397445435691,0.0002134198482525934
skin_law_alt,fallback - projected_initial,baseline_relative_ISE_1,100,-0.03198884899916191,0.0032902871847684326
skin_law_alt,fallback - projected_initial,prediction_mse,100,-0.03598426197569003,0.0039538318655981276
skin_law_alt,fallback - projected_initial,negative_prediction_fraction,100,0.0,0.0
skin_law_mixture,coupled - initial,treatment_0,100,-0.00014051768348961424,5.0539382899451686e-05
skin_law_mixture,coupled - initial,age10_0,100,-9.671804269860062e-06,8.68724419314338e-06
skin_law_mixture,coupled - initial,treatment_1,100,-0.00046468336930995737,0.00021649529984366626
skin_law_mixture,coupled - initial,age10_1,100,-0.00011667337432507194,5.0970420727422026e-05
skin_law_mixture,coupled - initial,sigma0,100,7.708976920539008e-06,6.407255864073535e-06
skin_law_mixture,coupled - initial,sigma1,100,8.005107820234392e-05,2.408921897313377e-05
skin_law_mixture,coupled - initial,nu0,100,-0.20662075234607627,0.0026332884146096675
skin_law_mixture,coupled - initial,nu1,100,-2.010048943179978,0.029391495858614537
skin_law_mixture,coupled - initial,theta,100,-0.046609345272770754,0.0028955012672285214
skin_law_mixture,coupled - initial,cumulative_relative_0,100,0.0026351593186713846,0.0003741123790641048
skin_law_mixture,coupled - initial,cumulative_relative_1,100,-0.027516609676042938,0.00203431991149386
skin_law_mixture,coupled - initial,baseline_relative_ISE_0,100,0.0027782741019615653,0.0003891195818543065
skin_law_mixture,coupled - initial,baseline_relative_ISE_1,100,-0.03308943494629854,0.0022150175613594642
skin_law_mixture,coupled - initial,prediction_mse,100,-0.04721770639453606,0.0020934566690024273
skin_law_mixture,coupled - initial,negative_prediction_fraction,100,0.0,0.0
skin_law_mixture,coupled - projected_initial,treatment_0,100,-0.00014051768348961424,5.0539382899451686e-05
skin_law_mixture,coupled - projected_initial,age10_0,100,-9.671804269860062e-06,8.68724419314338e-06
skin_law_mixture,coupled - projected_initial,treatment_1,100,-0.00046468336930995737,0.00021649529984366626
skin_law_mixture,coupled - projected_initial,age10_1,100,-0.00011667337432507194,5.0970420727422026e-05
skin_law_mixture,coupled - projected_initial,sigma0,100,1.4405276184942151e-05,6.189992340740627e-06
skin_law_mixture,coupled - projected_initial,sigma1,100,8.771669035413215e-05,2.3791026373218628e-05
skin_law_mixture,coupled - projected_initial,nu0,100,-0.2066207523460763,0.0026332884146096657
skin_law_mixture,coupled - projected_initial,nu1,100,-2.010048943179978,0.02939149585861454
skin_law_mixture,coupled - projected_initial,theta,100,-0.046609345272770754,0.0028955012672285214
skin_law_mixture,coupled - projected_initial,cumulative_relative_0,100,0.0026351593186713846,0.0003741123790641048
skin_law_mixture,coupled - projected_initial,cumulative_relative_1,100,-0.027516609676042938,0.00203431991149386
skin_law_mixture,coupled - projected_initial,baseline_relative_ISE_0,100,0.0027782741019615653,0.0003891195818543065
skin_law_mixture,coupled - projected_initial,baseline_relative_ISE_1,100,-0.03308943494629854,0.0022150175613594642
skin_law_mixture,coupled - projected_initial,prediction_mse,100,-0.04721770639453606,0.0020934566690024273
skin_law_mixture,coupled - projected_initial,negative_prediction_fraction,100,0.0,0.0
skin_law_mixture,fallback - projected_initial,treatment_0,100,-0.00014051768348961424,5.0539382899451686e-05
skin_law_mixture,fallback - projected_initial,age10_0,100,-9.671804269860062e-06,8.68724419314338e-06
skin_law_mixture,fallback - projected_initial,treatment_1,100,-0.00046468336930995737,0.00021649529984366626
skin_law_mixture,fallback - projected_initial,age10_1,100,-0.00011667337432507194,5.0970420727422026e-05
skin_law_mixture,fallback - projected_initial,sigma0,100,1.4405276184942151e-05,6.189992340740627e-06
skin_law_mixture,fallback - projected_initial,sigma1,100,8.771669035413215e-05,2.3791026373218628e-05
skin_law_mixture,fallback - projected_initial,nu0,100,-0.2066207523460763,0.0026332884146096657
skin_law_mixture,fallback - projected_initial,nu1,100,-2.010048943179978,0.02939149585861454
skin_law_mixture,fallback - projected_initial,theta,100,-0.046609345272770754,0.0028955012672285214
skin_law_mixture,fallback - projected_initial,cumulative_relative_0,100,0.0026351593186713846,0.0003741123790641048
skin_law_mixture,fallback - projected_initial,cumulative_relative_1,100,-0.027516609676042938,0.00203431991149386
skin_law_mixture,fallback - projected_initial,baseline_relative_ISE_0,100,0.0027782741019615653,0.0003891195818543065
skin_law_mixture,fallback - projected_initial,baseline_relative_ISE_1,100,-0.03308943494629854,0.0022150175613594642
skin_law_mixture,fallback - projected_initial,prediction_mse,100,-0.04721770639453606,0.0020934566690024273
skin_law_mixture,fallback - projected_initial,negative_prediction_fraction,100,0.0,0.0
skin_dynamic,coupled - initial,treatment_0,100,-0.0002943217625628667,7.937584026098128e-05
skin_dynamic,coupled - initial,age10_0,100,-9.23172484292421e-05,2.4291887179799594e-05
skin_dynamic,coupled - initial,measured_z_0,100,-0.00030997884343726044,8.66200895583856e-05
skin_dynamic,coupled - initial,treatment_1,100,4.803201408307421e-05,0.00010249747492799739
skin_dynamic,coupled - initial,age10_1,100,-5.0294052953634977e-05,2.3594517439181324e-05
skin_dynamic,coupled - initial,measured_z_1,100,8.500092651843857e-05,0.00011749621069465649
skin_dynamic,coupled - initial,sigma0,100,-2.1340008227902432e-06,1.7227556086310558e-06
skin_dynamic,coupled - initial,sigma1,100,5.6918329049815356e-05,1.891603094442858e-05
skin_dynamic,coupled - initial,nu0,100,-0.07813972403077163,0.005637133861849389
skin_dynamic,coupled - initial,nu1,100,-1.8594684776879629,0.02537761503739245
skin_dynamic,coupled - initial,theta,100,-0.05349531617484403,0.001265955250200861
skin_dynamic,coupled - initial,cumulative_relative_0,100,0.026950878655552294,0.001279722086848866
skin_dynamic,coupled - initial,cumulative_relative_1,100,-0.007508502681280325,0.001448653433776305
skin_dynamic,coupled - initial,baseline_relative_ISE_0,100,0.0289531763717039,0.00138000067045299
skin_dynamic,coupled - initial,baseline_relative_ISE_1,100,-0.008477487157309537,0.0016188373434800726
skin_dynamic,coupled - initial,prediction_mse,100,0.028931810218528985,0.002294507071951643
skin_dynamic,coupled - initial,negative_prediction_fraction,100,0.0,0.0
skin_dynamic,coupled - projected_initial,treatment_0,100,-0.0002943217625628667,7.937584026098128e-05
skin_dynamic,coupled - projected_initial,age10_0,100,-9.23172484292421e-05,2.4291887179799594e-05
skin_dynamic,coupled - projected_initial,measured_z_0,100,-0.00030997884343726044,8.66200895583856e-05
skin_dynamic,coupled - projected_initial,treatment_1,100,4.803201408307421e-05,0.00010249747492799739
skin_dynamic,coupled - projected_initial,age10_1,100,-5.0294052953634977e-05,2.3594517439181324e-05
skin_dynamic,coupled - projected_initial,measured_z_1,100,8.500092651843857e-05,0.00011749621069465649
skin_dynamic,coupled - projected_initial,sigma0,100,2.5729184554134348e-06,1.5329409387868451e-06
skin_dynamic,coupled - projected_initial,sigma1,100,6.134884143504868e-05,1.8764075352483237e-05
skin_dynamic,coupled - projected_initial,nu0,100,-0.07813972403077166,0.005637133861849388
skin_dynamic,coupled - projected_initial,nu1,100,-1.8594684776879629,0.02537761503739245
skin_dynamic,coupled - projected_initial,theta,100,-0.05349531617484402,0.0012659552502008614
skin_dynamic,coupled - projected_initial,cumulative_relative_0,100,0.026950878655552294,0.001279722086848866
skin_dynamic,coupled - projected_initial,cumulative_relative_1,100,-0.007508502681280325,0.001448653433776305
skin_dynamic,coupled - projected_initial,baseline_relative_ISE_0,100,0.0289531763717039,0.00138000067045299
skin_dynamic,coupled - projected_initial,baseline_relative_ISE_1,100,-0.008477487157309537,0.0016188373434800726
skin_dynamic,coupled - projected_initial,prediction_mse,100,0.028931810218528985,0.002294507071951643
skin_dynamic,coupled - projected_initial,negative_prediction_fraction,100,0.0,0.0
skin_dynamic,fallback - projected_initial,treatment_0,100,-0.0002943217625628667,7.937584026098128e-05
skin_dynamic,fallback - projected_initial,age10_0,100,-9.23172484292421e-05,2.4291887179799594e-05
skin_dynamic,fallback - projected_initial,measured_z_0,100,-0.00030997884343726044,8.66200895583856e-05
skin_dynamic,fallback - projected_initial,treatment_1,100,4.803201408307421e-05,0.00010249747492799739
skin_dynamic,fallback - projected_initial,age10_1,100,-5.0294052953634977e-05,2.3594517439181324e-05
skin_dynamic,fallback - projected_initial,measured_z_1,100,8.500092651843857e-05,0.00011749621069465649
skin_dynamic,fallback - projected_initial,sigma0,100,2.5729184554134348e-06,1.5329409387868451e-06
skin_dynamic,fallback - projected_initial,sigma1,100,6.134884143504868e-05,1.8764075352483237e-05
skin_dynamic,fallback - projected_initial,nu0,100,-0.07813972403077166,0.005637133861849388
skin_dynamic,fallback - projected_initial,nu1,100,-1.8594684776879629,0.02537761503739245
skin_dynamic,fallback - projected_initial,theta,100,-0.05349531617484402,0.0012659552502008614
skin_dynamic,fallback - projected_initial,cumulative_relative_0,100,0.026950878655552294,0.001279722086848866
skin_dynamic,fallback - projected_initial,cumulative_relative_1,100,-0.007508502681280325,0.001448653433776305
skin_dynamic,fallback - projected_initial,baseline_relative_ISE_0,100,0.0289531763717039,0.00138000067045299
skin_dynamic,fallback - projected_initial,baseline_relative_ISE_1,100,-0.008477487157309537,0.0016188373434800726
skin_dynamic,fallback - projected_initial,prediction_mse,100,0.028931810218528985,0.002294507071951643
skin_dynamic,fallback - projected_initial,negative_prediction_fraction,100,0.0,0.0
skin_rich_design,coupled - initial,treatment_0,98,-0.00033780394023021223,0.00011037279757549073
skin_rich_design,coupled - initial,baseline_Se20_0,98,-0.00013097153313298417,2.943987894858316e-05
skin_rich_design,coupled - initial,history_none_0,98,0.009789090047619192,0.002914121037945608
skin_rich_design,coupled - initial,history_SCC_only_0,98,0.0010901282199306823,0.0006846208313177604
skin_rich_design,coupled - initial,history_both_0,98,-0.0006291021154236297,0.00024024892106694614
skin_rich_design,coupled - initial,AK_gt2_0,98,-0.0013560474470956515,0.00038793200269265297
skin_rich_design,coupled - initial,age10_0,98,-7.95053625625237e-05,3.25949108203628e-05
skin_rich_design,coupled - initial,male_0,98,-0.0009649973100154796,0.00024369046381745392
skin_rich_design,coupled - initial,drink_gt2_0,98,-0.0007158559112689978,0.00017949676570790237
skin_rich_design,coupled - initial,sundamage_gt5_0,98,-0.0004510555326700016,0.00017884497397455137
skin_rich_design,coupled - initial,treatment_1,98,0.0003279166706268669,0.00019376465400434493
skin_rich_design,coupled - initial,baseline_Se20_1,98,4.983014869434906e-05,7.856548765616797e-05
skin_rich_design,coupled - initial,history_none_1,98,-0.000330324596859874,0.004903564124994945
skin_rich_design,coupled - initial,history_SCC_only_1,98,0.0024366643571063647,0.0010110141267683855
skin_rich_design,coupled - initial,history_both_1,98,0.0006156904995556599,0.00042034923877534936
skin_rich_design,coupled - initial,AK_gt2_1,98,0.002105494346023301,0.0008733469943476272
skin_rich_design,coupled - initial,age10_1,98,0.00013950129130349981,7.727842348806912e-05
skin_rich_design,coupled - initial,male_1,98,0.0012272803355042172,0.001104211164547919
skin_rich_design,coupled - initial,drink_gt2_1,98,0.0005845231864057364,0.0003063723740485387
skin_rich_design,coupled - initial,sundamage_gt5_1,98,0.0008453693322606156,0.0004088061603361959
skin_rich_design,coupled - initial,sigma0,98,1.4076388838735893e-06,3.143556283359823e-06
skin_rich_design,coupled - initial,sigma1,98,0.0002738456823286647,9.254704541070644e-05
skin_rich_design,coupled - initial,nu0,98,-0.09480011704290052,0.005500381817985415
skin_rich_design,coupled - initial,nu1,98,-2.127365912728093,0.03307857784375919
skin_rich_design,coupled - initial,theta,98,-0.058570029557809725,0.0017531747785789536
skin_rich_design,coupled - initial,cumulative_relative_0,98,0.030940551766874148,0.0019956169800802955
skin_rich_design,coupled - initial,cumulative_relative_1,98,-0.004824072228548495,0.0025573831571468184
skin_rich_design,coupled - initial,baseline_relative_ISE_0,98,0.0335226455343905,0.0021637182411337282
skin_rich_design,coupled - initial,baseline_relative_ISE_1,98,-0.005528719216745244,0.0028363435387735577
skin_rich_design,coupled - initial,prediction_mse,98,0.0237591062127145,0.0025615220941078523
skin_rich_design,coupled - initial,negative_prediction_fraction,98,0.0,0.0
skin_rich_design,coupled - projected_initial,treatment_0,98,-0.00033780394023021223,0.00011037279757549073
skin_rich_design,coupled - projected_initial,baseline_Se20_0,98,-0.00013097153313298417,2.943987894858316e-05
skin_rich_design,coupled - projected_initial,history_none_0,98,0.009789090047619192,0.002914121037945608
skin_rich_design,coupled - projected_initial,history_SCC_only_0,98,0.0010901282199306823,0.0006846208313177604
skin_rich_design,coupled - projected_initial,history_both_0,98,-0.0006291021154236297,0.00024024892106694614
skin_rich_design,coupled - projected_initial,AK_gt2_0,98,-0.0013560474470956515,0.00038793200269265297
skin_rich_design,coupled - projected_initial,age10_0,98,-7.95053625625237e-05,3.25949108203628e-05
skin_rich_design,coupled - projected_initial,male_0,98,-0.0009649973100154796,0.00024369046381745392
skin_rich_design,coupled - projected_initial,drink_gt2_0,98,-0.0007158559112689978,0.00017949676570790237
skin_rich_design,coupled - projected_initial,sundamage_gt5_0,98,-0.0004510555326700016,0.00017884497397455137
skin_rich_design,coupled - projected_initial,treatment_1,98,0.0003279166706268669,0.00019376465400434493
skin_rich_design,coupled - projected_initial,baseline_Se20_1,98,4.983014869434906e-05,7.856548765616797e-05
skin_rich_design,coupled - projected_initial,history_none_1,98,-0.000330324596859874,0.004903564124994945
skin_rich_design,coupled - projected_initial,history_SCC_only_1,98,0.0024366643571063647,0.0010110141267683855
skin_rich_design,coupled - projected_initial,history_both_1,98,0.0006156904995556599,0.00042034923877534936
skin_rich_design,coupled - projected_initial,AK_gt2_1,98,0.002105494346023301,0.0008733469943476272
skin_rich_design,coupled - projected_initial,age10_1,98,0.00013950129130349981,7.727842348806912e-05
skin_rich_design,coupled - projected_initial,male_1,98,0.0012272803355042172,0.001104211164547919
skin_rich_design,coupled - projected_initial,drink_gt2_1,98,0.0005845231864057364,0.0003063723740485387
skin_rich_design,coupled - projected_initial,sundamage_gt5_1,98,0.0008453693322606156,0.0004088061603361959
skin_rich_design,coupled - projected_initial,sigma0,98,7.460511204457664e-06,2.911156675196859e-06
skin_rich_design,coupled - projected_initial,sigma1,98,0.0002771222125719559,9.244906671747895e-05
skin_rich_design,coupled - projected_initial,nu0,98,-0.0948001170429005,0.005500381817985413
skin_rich_design,coupled - projected_initial,nu1,98,-2.127365912728093,0.03307857784375919
skin_rich_design,coupled - projected_initial,theta,98,-0.058570029557809725,0.0017531747785789536
skin_rich_design,coupled - projected_initial,cumulative_relative_0,98,0.030940551766874148,0.0019956169800802955
skin_rich_design,coupled - projected_initial,cumulative_relative_1,98,-0.004824072228548495,0.0025573831571468184
skin_rich_design,coupled - projected_initial,baseline_relative_ISE_0,98,0.0335226455343905,0.0021637182411337282
skin_rich_design,coupled - projected_initial,baseline_relative_ISE_1,98,-0.005528719216745244,0.0028363435387735577
skin_rich_design,coupled - projected_initial,prediction_mse,98,0.0237591062127145,0.0025615220941078523
skin_rich_design,coupled - projected_initial,negative_prediction_fraction,98,0.0,0.0
skin_rich_design,fallback - projected_initial,treatment_0,99,-0.00033439177921778585,0.00010930550378283896
skin_rich_design,fallback - projected_initial,baseline_Se20_0,99,-0.00012964858835386314,2.917100330343509e-05
skin_rich_design,fallback - projected_initial,history_none_0,99,0.009690210350168493,0.002886229549748942
skin_rich_design,fallback - projected_initial,history_SCC_only_0,99,0.0010791168237697663,0.0006777596416499346
skin_rich_design,fallback - projected_initial,history_both_0,99,-0.0006227475486011688,0.00023789466828388962
skin_rich_design,fallback - projected_initial,AK_gt2_0,99,-0.0013423499981350896,0.00038423772820540407
skin_rich_design,fallback - projected_initial,age10_0,99,-7.870227809219519e-05,3.2273982708433157e-05
skin_rich_design,fallback - projected_initial,male_0,99,-0.0009552498624395656,0.00024141324957111708
skin_rich_design,fallback - projected_initial,drink_gt2_0,99,-0.0007086250434784019,0.00017782149381827362
skin_rich_design,fallback - projected_initial,sundamage_gt5_0,99,-0.0004464994161783855,0.00017708786151783283
skin_rich_design,fallback - projected_initial,treatment_1,99,0.0003246043810245753,0.00019182604824375207
skin_rich_design,fallback - projected_initial,baseline_Se20_1,99,4.932681385905261e-05,7.776947667726298e-05
skin_rich_design,fallback - projected_initial,history_none_1,99,-0.0003269879847703796,0.0048537816055622745
skin_rich_design,fallback - projected_initial,history_SCC_only_1,99,0.0024120515858224623,0.0010010523796902383
skin_rich_design,fallback - projected_initial,history_both_1,99,0.0006094714036005524,0.00041612809853420855
skin_rich_design,fallback - projected_initial,AK_gt2_1,99,0.0020842267263665,0.0008647418671823058
skin_rich_design,fallback - projected_initial,age10_1,99,0.00013809218735093924,7.650682819534518e-05
skin_rich_design,fallback - projected_initial,male_1,99,0.001214883564438518,0.0010930709081624767
skin_rich_design,fallback - projected_initial,drink_gt2_1,99,0.0005786189117955777,0.0003033193844392159
skin_rich_design,fallback - projected_initial,sundamage_gt5_1,99,0.0008368302480963669,0.0004047458227531204
skin_rich_design,fallback - projected_initial,sigma0,99,7.385152505422738e-06,2.8825862293780508e-06
skin_rich_design,fallback - projected_initial,sigma1,99,0.00027432299830355226,9.155327578194108e-05
skin_rich_design,fallback - projected_initial,nu0,99,-0.09384254010307323,0.005528106165479822
skin_rich_design,fallback - projected_initial,nu1,99,-2.1058773681550815,0.039164332814905105
skin_rich_design,fallback - projected_initial,theta,99,-0.05797841309762985,0.0018334498821670638
skin_rich_design,fallback - projected_initial,cumulative_relative_0,99,0.03062802094094613,0.001999927089386403
skin_rich_design,fallback - projected_initial,cumulative_relative_1,99,-0.0047753442262399234,0.0025318881500083898
skin_rich_design,fallback - projected_initial,baseline_relative_ISE_0,99,0.033184032953235035,0.0021683532418250765
skin_rich_design,fallback - projected_initial,baseline_relative_ISE_1,99,-0.005472873568091252,0.002808102792255262
skin_rich_design,fallback - projected_initial,prediction_mse,99,0.023519115240868898,0.0025468485746046976
skin_rich_design,fallback - projected_initial,negative_prediction_fraction,99,0.0,0.0
skin_censor_uniform,coupled - initial,treatment_0,100,-0.00026077579606586745,9.165787202386191e-05
skin_censor_uniform,coupled - initial,age10_0,100,-2.4411918515609333e-05,1.8319629037698956e-05
skin_censor_uniform,coupled - initial,treatment_1,100,-5.089717175721091e-05,0.00011670727917845731
skin_censor_uniform,coupled - initial,age10_1,100,-3.1665136350437176e-05,3.549150984444488e-05
skin_censor_uniform,coupled - initial,sigma0,100,1.1749217345432283e-05,5.718281972501534e-06
skin_censor_uniform,coupled - initial,sigma1,100,0.00012308961515945414,3.9731479655367836e-05
skin_censor_uniform,coupled - initial,nu0,100,-0.14631272907365075,0.005779731559039034
skin_censor_uniform,coupled - initial,nu1,100,-2.090259292256006,0.02457178836478537
skin_censor_uniform,coupled - initial,theta,100,-0.05783099203622897,0.001189009815883498
skin_censor_uniform,coupled - initial,cumulative_relative_0,100,0.01488168998800701,0.0009559899006709417
skin_censor_uniform,coupled - initial,cumulative_relative_1,100,-0.009481670853466325,0.0011206167717650115
skin_censor_uniform,coupled - initial,baseline_relative_ISE_0,100,0.01629018263681,0.0010768156232616294
skin_censor_uniform,coupled - initial,baseline_relative_ISE_1,100,-0.011281028181916748,0.0012541590505508664
skin_censor_uniform,coupled - initial,prediction_mse,100,0.0029374862139097914,0.0025261338660786284
skin_censor_uniform,coupled - initial,negative_prediction_fraction,100,0.0,0.0
skin_censor_uniform,coupled - projected_initial,treatment_0,100,-0.00026077579606586745,9.165787202386191e-05
skin_censor_uniform,coupled - projected_initial,age10_0,100,-2.4411918515609333e-05,1.8319629037698956e-05
skin_censor_uniform,coupled - projected_initial,treatment_1,100,-5.089717175721091e-05,0.00011670727917845731
skin_censor_uniform,coupled - projected_initial,age10_1,100,-3.1665136350437176e-05,3.549150984444488e-05
skin_censor_uniform,coupled - projected_initial,sigma0,100,1.569443397635884e-05,5.57694903567236e-06
skin_censor_uniform,coupled - projected_initial,sigma1,100,0.0001275551703256111,3.9585671014211394e-05
skin_censor_uniform,coupled - projected_initial,nu0,100,-0.14631272907365073,0.0057797315590390344
skin_censor_uniform,coupled - projected_initial,nu1,100,-2.090259292256006,0.02457178836478537
skin_censor_uniform,coupled - projected_initial,theta,100,-0.05783099203622899,0.001189009815883498
skin_censor_uniform,coupled - projected_initial,cumulative_relative_0,100,0.01488168998800701,0.0009559899006709417
skin_censor_uniform,coupled - projected_initial,cumulative_relative_1,100,-0.009481670853466325,0.0011206167717650115
skin_censor_uniform,coupled - projected_initial,baseline_relative_ISE_0,100,0.01629018263681,0.0010768156232616294
skin_censor_uniform,coupled - projected_initial,baseline_relative_ISE_1,100,-0.011281028181916748,0.0012541590505508664
skin_censor_uniform,coupled - projected_initial,prediction_mse,100,0.0029374862139097914,0.0025261338660786284
skin_censor_uniform,coupled - projected_initial,negative_prediction_fraction,100,0.0,0.0
skin_censor_uniform,fallback - projected_initial,treatment_0,100,-0.00026077579606586745,9.165787202386191e-05
skin_censor_uniform,fallback - projected_initial,age10_0,100,-2.4411918515609333e-05,1.8319629037698956e-05
skin_censor_uniform,fallback - projected_initial,treatment_1,100,-5.089717175721091e-05,0.00011670727917845731
skin_censor_uniform,fallback - projected_initial,age10_1,100,-3.1665136350437176e-05,3.549150984444488e-05
skin_censor_uniform,fallback - projected_initial,sigma0,100,1.569443397635884e-05,5.57694903567236e-06
skin_censor_uniform,fallback - projected_initial,sigma1,100,0.0001275551703256111,3.9585671014211394e-05
skin_censor_uniform,fallback - projected_initial,nu0,100,-0.14631272907365073,0.0057797315590390344
skin_censor_uniform,fallback - projected_initial,nu1,100,-2.090259292256006,0.02457178836478537
skin_censor_uniform,fallback - projected_initial,theta,100,-0.05783099203622899,0.001189009815883498
skin_censor_uniform,fallback - projected_initial,cumulative_relative_0,100,0.01488168998800701,0.0009559899006709417
skin_censor_uniform,fallback - projected_initial,cumulative_relative_1,100,-0.009481670853466325,0.0011206167717650115
skin_censor_uniform,fallback - projected_initial,baseline_relative_ISE_0,100,0.01629018263681,0.0010768156232616294
skin_censor_uniform,fallback - projected_initial,baseline_relative_ISE_1,100,-0.011281028181916748,0.0012541590505508664
skin_censor_uniform,fallback - projected_initial,prediction_mse,100,0.0029374862139097914,0.0025261338660786284
skin_censor_uniform,fallback - projected_initial,negative_prediction_fraction,100,0.0,0.0
skin_censor_adaptive,coupled - initial,treatment_0,100,-0.00015207359375860703,5.6108669061759383e-05
skin_censor_adaptive,coupled - initial,age10_0,100,-1.8847758873121424e-05,1.5518952722324233e-05
skin_censor_adaptive,coupled - initial,treatment_1,100,-0.00017061594814284437,9.779714963300518e-05
skin_censor_adaptive,coupled - initial,age10_1,100,3.2695913996372664e-05,3.0888009157756496e-05
skin_censor_adaptive,coupled - initial,sigma0,100,3.973748420635006e-06,2.4830890737501193e-06
skin_censor_adaptive,coupled - initial,sigma1,100,6.276848457344451e-05,3.181826319628406e-05
skin_censor_adaptive,coupled - initial,nu0,100,-0.20813360850455193,0.004894895707172596
skin_censor_adaptive,coupled - initial,nu1,100,-1.988281812066441,0.026447152590222022
skin_censor_adaptive,coupled - initial,theta,100,-0.05376504351749674,0.001786347918320022
skin_censor_adaptive,coupled - initial,cumulative_relative_0,100,0.006844715056152318,0.0004927799605757768
skin_censor_adaptive,coupled - initial,cumulative_relative_1,100,-0.007610005995755309,0.0011621729261815897
skin_censor_adaptive,coupled - initial,baseline_relative_ISE_0,100,0.007032126794437792,0.000604205395198753
skin_censor_adaptive,coupled - initial,baseline_relative_ISE_1,100,-0.008729326580276937,0.0013085249761164498
skin_censor_adaptive,coupled - initial,prediction_mse,100,-0.0054970558438929085,0.002470169868098113
skin_censor_adaptive,coupled - initial,negative_prediction_fraction,100,0.0,0.0
skin_censor_adaptive,coupled - projected_initial,treatment_0,100,-0.00015207359375860703,5.6108669061759383e-05
skin_censor_adaptive,coupled - projected_initial,age10_0,100,-1.8847758873121424e-05,1.5518952722324233e-05
skin_censor_adaptive,coupled - projected_initial,treatment_1,100,-0.00017061594814284437,9.779714963300518e-05
skin_censor_adaptive,coupled - projected_initial,age10_1,100,3.2695913996372664e-05,3.0888009157756496e-05
skin_censor_adaptive,coupled - projected_initial,sigma0,100,8.895110557842727e-06,2.2348770673403763e-06
skin_censor_adaptive,coupled - projected_initial,sigma1,100,6.721516764108809e-05,3.1724145433130026e-05
skin_censor_adaptive,coupled - projected_initial,nu0,100,-0.2081336085045519,0.004894895707172597
skin_censor_adaptive,coupled - projected_initial,nu1,100,-1.988281812066441,0.026447152590222022
skin_censor_adaptive,coupled - projected_initial,theta,100,-0.05376504351749674,0.001786347918320022
skin_censor_adaptive,coupled - projected_initial,cumulative_relative_0,100,0.006844715056152318,0.0004927799605757768
skin_censor_adaptive,coupled - projected_initial,cumulative_relative_1,100,-0.007610005995755309,0.0011621729261815897
skin_censor_adaptive,coupled - projected_initial,baseline_relative_ISE_0,100,0.007032126794437792,0.000604205395198753
skin_censor_adaptive,coupled - projected_initial,baseline_relative_ISE_1,100,-0.008729326580276937,0.0013085249761164498
skin_censor_adaptive,coupled - projected_initial,prediction_mse,100,-0.0054970558438929085,0.002470169868098113
skin_censor_adaptive,coupled - projected_initial,negative_prediction_fraction,100,0.0,0.0
skin_censor_adaptive,fallback - projected_initial,treatment_0,100,-0.00015207359375860703,5.6108669061759383e-05
skin_censor_adaptive,fallback - projected_initial,age10_0,100,-1.8847758873121424e-05,1.5518952722324233e-05
skin_censor_adaptive,fallback - projected_initial,treatment_1,100,-0.00017061594814284437,9.779714963300518e-05
skin_censor_adaptive,fallback - projected_initial,age10_1,100,3.2695913996372664e-05,3.0888009157756496e-05
skin_censor_adaptive,fallback - projected_initial,sigma0,100,8.895110557842727e-06,2.2348770673403763e-06
skin_censor_adaptive,fallback - projected_initial,sigma1,100,6.721516764108809e-05,3.1724145433130026e-05
skin_censor_adaptive,fallback - projected_initial,nu0,100,-0.2081336085045519,0.004894895707172597
skin_censor_adaptive,fallback - projected_initial,nu1,100,-1.988281812066441,0.026447152590222022
skin_censor_adaptive,fallback - projected_initial,theta,100,-0.05376504351749674,0.001786347918320022
skin_censor_adaptive,fallback - projected_initial,cumulative_relative_0,100,0.006844715056152318,0.0004927799605757768
skin_censor_adaptive,fallback - projected_initial,cumulative_relative_1,100,-0.007610005995755309,0.0011621729261815897
skin_censor_adaptive,fallback - projected_initial,baseline_relative_ISE_0,100,0.007032126794437792,0.000604205395198753
skin_censor_adaptive,fallback - projected_initial,baseline_relative_ISE_1,100,-0.008729326580276937,0.0013085249761164498
skin_censor_adaptive,fallback - projected_initial,prediction_mse,100,-0.0054970558438929085,0.002470169868098113
skin_censor_adaptive,fallback - projected_initial,negative_prediction_fraction,100,0.0,0.0
informative_reference,coupled - initial,static_x_0,200,-8.586842639887217e-05,7.09023184186576e-05
informative_reference,coupled - initial,measured_z_0,200,-1.560395298667016e-05,3.7410867777786e-05
informative_reference,coupled - initial,early2_0,200,-0.003054002207684876,0.0005997194250151372
informative_reference,coupled - initial,static_x_1,200,-0.0001498962659708406,5.260239345466187e-05
informative_reference,coupled - initial,measured_z_1,200,-3.9816743580653925e-05,2.0009150009024385e-05
informative_reference,coupled - initial,early2_1,200,-0.002232081873525085,0.00045470852039163615
informative_reference,coupled - initial,sigma0,200,-5.1803116155467764e-05,1.6119696002794528e-05
informative_reference,coupled - initial,sigma1,200,-7.95676490933744e-05,1.9072301804159717e-05
informative_reference,coupled - initial,nu0,200,-0.0023027929242120165,0.00015158191399080638
informative_reference,coupled - initial,nu1,200,-0.0014876449849057745,0.0001200691319215881
informative_reference,coupled - initial,theta,200,-2.6416458168551613e-05,9.972977255664384e-06
informative_reference,coupled - initial,cumulative_relative_0,200,-0.0007766155508573351,0.00010150163649733944
informative_reference,coupled - initial,cumulative_relative_1,200,-0.00072056392751094,0.00010550319056763239
informative_reference,coupled - initial,baseline_relative_ISE_0,200,-0.003117842818695964,0.00022103386415203488
informative_reference,coupled - initial,baseline_relative_ISE_1,200,-0.0024144362800957004,0.0001720025939862507
informative_reference,coupled - initial,prediction_mse,200,-0.011632684273763632,0.00027321466103626514
informative_reference,coupled - initial,negative_prediction_fraction,200,0.0,0.0
informative_reference,coupled - projected_initial,static_x_0,200,-8.586842639887217e-05,7.09023184186576e-05
informative_reference,coupled - projected_initial,measured_z_0,200,-1.560395298667016e-05,3.7410867777786e-05
informative_reference,coupled - projected_initial,early2_0,200,-0.003054002207684876,0.0005997194250151372
informative_reference,coupled - projected_initial,static_x_1,200,-0.0001498962659708406,5.260239345466187e-05
informative_reference,coupled - projected_initial,measured_z_1,200,-3.9816743580653925e-05,2.0009150009024385e-05
informative_reference,coupled - projected_initial,early2_1,200,-0.002232081873525085,0.00045470852039163615
informative_reference,coupled - projected_initial,sigma0,200,-5.1803116155467764e-05,1.6119696002794528e-05
informative_reference,coupled - projected_initial,sigma1,200,-5.13598714448406e-05,1.636469457961374e-05
informative_reference,coupled - projected_initial,nu0,200,-0.0023027929242120165,0.00015158191399080632
informative_reference,coupled - projected_initial,nu1,200,-0.0014876449849057745,0.0001200691319215881
informative_reference,coupled - projected_initial,theta,200,-2.641645816855158e-05,9.97297725566438e-06
informative_reference,coupled - projected_initial,cumulative_relative_0,200,-0.0007766155508573351,0.00010150163649733944
informative_reference,coupled - projected_initial,cumulative_relative_1,200,-0.00072056392751094,0.00010550319056763239
informative_reference,coupled - projected_initial,baseline_relative_ISE_0,200,-0.003117842818695964,0.00022103386415203488
informative_reference,coupled - projected_initial,baseline_relative_ISE_1,200,-0.0024144362800957004,0.0001720025939862507
informative_reference,coupled - projected_initial,prediction_mse,200,-0.011632684273763632,0.00027321466103626514
informative_reference,coupled - projected_initial,negative_prediction_fraction,200,0.0,0.0
informative_reference,fallback - projected_initial,static_x_0,200,-8.586842639887217e-05,7.09023184186576e-05
informative_reference,fallback - projected_initial,measured_z_0,200,-1.560395298667016e-05,3.7410867777786e-05
informative_reference,fallback - projected_initial,early2_0,200,-0.003054002207684876,0.0005997194250151372
informative_reference,fallback - projected_initial,static_x_1,200,-0.0001498962659708406,5.260239345466187e-05
informative_reference,fallback - projected_initial,measured_z_1,200,-3.9816743580653925e-05,2.0009150009024385e-05
informative_reference,fallback - projected_initial,early2_1,200,-0.002232081873525085,0.00045470852039163615
informative_reference,fallback - projected_initial,sigma0,200,-5.1803116155467764e-05,1.6119696002794528e-05
informative_reference,fallback - projected_initial,sigma1,200,-5.13598714448406e-05,1.636469457961374e-05
informative_reference,fallback - projected_initial,nu0,200,-0.0023027929242120165,0.00015158191399080632
informative_reference,fallback - projected_initial,nu1,200,-0.0014876449849057745,0.0001200691319215881
informative_reference,fallback - projected_initial,theta,200,-2.641645816855158e-05,9.97297725566438e-06
informative_reference,fallback - projected_initial,cumulative_relative_0,200,-0.0007766155508573351,0.00010150163649733944
informative_reference,fallback - projected_initial,cumulative_relative_1,200,-0.00072056392751094,0.00010550319056763239
informative_reference,fallback - projected_initial,baseline_relative_ISE_0,200,-0.003117842818695964,0.00022103386415203488
informative_reference,fallback - projected_initial,baseline_relative_ISE_1,200,-0.0024144362800957004,0.0001720025939862507
informative_reference,fallback - projected_initial,prediction_mse,200,-0.011632684273763632,0.00027321466103626514
informative_reference,fallback - projected_initial,negative_prediction_fraction,200,0.0,0.0
growth_m32,coupled - initial,static_x_0,100,-0.00030315078618365997,0.0001490395330544622
growth_m32,coupled - initial,measured_z_0,100,-6.49418120325191e-05,4.01665266070339e-05
growth_m32,coupled - initial,early2_0,100,-0.0010157811445533308,0.0007295420345105807
growth_m32,coupled - initial,static_x_1,100,-0.0002583524487861264,0.00011076492906291055
growth_m32,coupled - initial,measured_z_1,100,-1.6157094492448427e-05,2.3181752577204602e-05
growth_m32,coupled - initial,early2_1,100,-0.001551040388598052,0.0005544504824351806
growth_m32,coupled - initial,sigma0,100,-0.00013631032601069246,4.016790132732333e-05
growth_m32,coupled - initial,sigma1,100,-0.00020059153261438352,4.3953036318538364e-05
growth_m32,coupled - initial,nu0,100,-0.0011269935394301787,0.00016941304941338813
growth_m32,coupled - initial,nu1,100,-0.0007676885732865196,0.0001536677119874925
growth_m32,coupled - initial,theta,100,-6.797638817144967e-05,2.3958485489086036e-05
growth_m32,coupled - initial,cumulative_relative_0,100,-0.00039506966892880277,0.0001251735697686726
growth_m32,coupled - initial,cumulative_relative_1,100,-0.0004758174311923065,0.00012622653327733408
growth_m32,coupled - initial,baseline_relative_ISE_0,100,-0.0014516022592111321,0.00020799427942444108
growth_m32,coupled - initial,baseline_relative_ISE_1,100,-0.001445848539263819,0.0001701429682234854
growth_m32,coupled - initial,prediction_mse,100,-0.005735327092449373,0.00032932261079842795
growth_m32,coupled - initial,negative_prediction_fraction,100,0.0,0.0
growth_m32,coupled - projected_initial,static_x_0,100,-0.00030315078618365997,0.0001490395330544622
growth_m32,coupled - projected_initial,measured_z_0,100,-6.49418120325191e-05,4.01665266070339e-05
growth_m32,coupled - projected_initial,early2_0,100,-0.0010157811445533308,0.0007295420345105807
growth_m32,coupled - projected_initial,static_x_1,100,-0.0002583524487861264,0.00011076492906291055
growth_m32,coupled - projected_initial,measured_z_1,100,-1.6157094492448427e-05,2.3181752577204602e-05
growth_m32,coupled - projected_initial,early2_1,100,-0.001551040388598052,0.0005544504824351806
growth_m32,coupled - projected_initial,sigma0,100,-0.00010767131909418088,3.61384196091967e-05
growth_m32,coupled - projected_initial,sigma1,100,-7.735119347009861e-05,3.335217019553038e-05
growth_m32,coupled - projected_initial,nu0,100,-0.0011269935394301787,0.00016941304941338816
growth_m32,coupled - projected_initial,nu1,100,-0.0007676885732865194,0.00015366771198749245
growth_m32,coupled - projected_initial,theta,100,-6.797638817144974e-05,2.3958485489086046e-05
growth_m32,coupled - projected_initial,cumulative_relative_0,100,-0.00039506966892880277,0.0001251735697686726
growth_m32,coupled - projected_initial,cumulative_relative_1,100,-0.0004758174311923065,0.00012622653327733408
growth_m32,coupled - projected_initial,baseline_relative_ISE_0,100,-0.0014516022592111321,0.00020799427942444108
growth_m32,coupled - projected_initial,baseline_relative_ISE_1,100,-0.001445848539263819,0.0001701429682234854
growth_m32,coupled - projected_initial,prediction_mse,100,-0.005735327092449373,0.00032932261079842795
growth_m32,coupled - projected_initial,negative_prediction_fraction,100,0.0,0.0
growth_m32,fallback - projected_initial,static_x_0,100,-0.00030315078618365997,0.0001490395330544622
growth_m32,fallback - projected_initial,measured_z_0,100,-6.49418120325191e-05,4.01665266070339e-05
growth_m32,fallback - projected_initial,early2_0,100,-0.0010157811445533308,0.0007295420345105807
growth_m32,fallback - projected_initial,static_x_1,100,-0.0002583524487861264,0.00011076492906291055
growth_m32,fallback - projected_initial,measured_z_1,100,-1.6157094492448427e-05,2.3181752577204602e-05
growth_m32,fallback - projected_initial,early2_1,100,-0.001551040388598052,0.0005544504824351806
growth_m32,fallback - projected_initial,sigma0,100,-0.00010767131909418088,3.61384196091967e-05
growth_m32,fallback - projected_initial,sigma1,100,-7.735119347009861e-05,3.335217019553038e-05
growth_m32,fallback - projected_initial,nu0,100,-0.0011269935394301787,0.00016941304941338816
growth_m32,fallback - projected_initial,nu1,100,-0.0007676885732865194,0.00015366771198749245
growth_m32,fallback - projected_initial,theta,100,-6.797638817144974e-05,2.3958485489086046e-05
growth_m32,fallback - projected_initial,cumulative_relative_0,100,-0.00039506966892880277,0.0001251735697686726
growth_m32,fallback - projected_initial,cumulative_relative_1,100,-0.0004758174311923065,0.00012622653327733408
growth_m32,fallback - projected_initial,baseline_relative_ISE_0,100,-0.0014516022592111321,0.00020799427942444108
growth_m32,fallback - projected_initial,baseline_relative_ISE_1,100,-0.001445848539263819,0.0001701429682234854
growth_m32,fallback - projected_initial,prediction_mse,100,-0.005735327092449373,0.00032932261079842795
growth_m32,fallback - projected_initial,negative_prediction_fraction,100,0.0,0.0
growth_m64,coupled - initial,static_x_0,100,-1.5154096474989756e-05,4.716738694325572e-05
growth_m64,coupled - initial,measured_z_0,100,-2.486733870062988e-07,3.4267404117278257e-06
growth_m64,coupled - initial,early2_0,100,0.00012166089709256734,0.00014449500130621712
growth_m64,coupled - initial,static_x_1,100,6.677749606341241e-05,3.863234955396801e-05
growth_m64,coupled - initial,measured_z_1,100,-3.142249193415659e-07,1.7831526892406905e-06
growth_m64,coupled - initial,early2_1,100,-3.868987052553498e-05,8.538742842589051e-05
growth_m64,coupled - initial,sigma0,100,-4.163678945187336e-05,1.434752853732059e-05
growth_m64,coupled - initial,sigma1,100,-9.2635105224779e-05,2.2517212492831783e-05
growth_m64,coupled - initial,nu0,100,-0.00010210344122856166,2.4840047401759607e-05
growth_m64,coupled - initial,nu1,100,-9.194281636709825e-05,2.8361615061779616e-05
growth_m64,coupled - initial,theta,100,-2.254471935371768e-05,1.146553487570297e-05
growth_m64,coupled - initial,cumulative_relative_0,100,-2.6645495063605788e-05,3.376802557054216e-05
growth_m64,coupled - initial,cumulative_relative_1,100,-6.735562202046622e-05,3.0721998423639425e-05
growth_m64,coupled - initial,baseline_relative_ISE_0,100,-0.00013474070277890704,3.565235788341901e-05
growth_m64,coupled - initial,baseline_relative_ISE_1,100,-0.00012937440333643684,2.7317967032531742e-05
growth_m64,coupled - initial,prediction_mse,100,-0.000452457192253274,6.582445346558035e-05
growth_m64,coupled - initial,negative_prediction_fraction,100,0.0,0.0
growth_m64,coupled - projected_initial,static_x_0,100,-1.5154096474989756e-05,4.716738694325572e-05
growth_m64,coupled - projected_initial,measured_z_0,100,-2.486733870062988e-07,3.4267404117278257e-06
growth_m64,coupled - projected_initial,early2_0,100,0.00012166089709256734,0.00014449500130621712
growth_m64,coupled - projected_initial,static_x_1,100,6.677749606341241e-05,3.863234955396801e-05
growth_m64,coupled - projected_initial,measured_z_1,100,-3.142249193415659e-07,1.7831526892406905e-06
growth_m64,coupled - projected_initial,early2_1,100,-3.868987052553498e-05,8.538742842589051e-05
growth_m64,coupled - projected_initial,sigma0,100,-4.163678945187336e-05,1.434752853732059e-05
growth_m64,coupled - projected_initial,sigma1,100,-5.697029485229793e-05,1.7236597699571615e-05
growth_m64,coupled - projected_initial,nu0,100,-0.0001021034412285617,2.4840047401759607e-05
growth_m64,coupled - projected_initial,nu1,100,-9.194281636709823e-05,2.8361615061779612e-05
growth_m64,coupled - projected_initial,theta,100,-2.2544719353717672e-05,1.1465534875702965e-05
growth_m64,coupled - projected_initial,cumulative_relative_0,100,-2.6645495063605788e-05,3.376802557054216e-05
growth_m64,coupled - projected_initial,cumulative_relative_1,100,-6.735562202046622e-05,3.0721998423639425e-05
growth_m64,coupled - projected_initial,baseline_relative_ISE_0,100,-0.00013474070277890704,3.565235788341901e-05
growth_m64,coupled - projected_initial,baseline_relative_ISE_1,100,-0.00012937440333643684,2.7317967032531742e-05
growth_m64,coupled - projected_initial,prediction_mse,100,-0.000452457192253274,6.582445346558035e-05
growth_m64,coupled - projected_initial,negative_prediction_fraction,100,0.0,0.0
growth_m64,fallback - projected_initial,static_x_0,100,-1.5154096474989756e-05,4.716738694325572e-05
growth_m64,fallback - projected_initial,measured_z_0,100,-2.486733870062988e-07,3.4267404117278257e-06
growth_m64,fallback - projected_initial,early2_0,100,0.00012166089709256734,0.00014449500130621712
growth_m64,fallback - projected_initial,static_x_1,100,6.677749606341241e-05,3.863234955396801e-05
growth_m64,fallback - projected_initial,measured_z_1,100,-3.142249193415659e-07,1.7831526892406905e-06
growth_m64,fallback - projected_initial,early2_1,100,-3.868987052553498e-05,8.538742842589051e-05
growth_m64,fallback - projected_initial,sigma0,100,-4.163678945187336e-05,1.434752853732059e-05
growth_m64,fallback - projected_initial,sigma1,100,-5.697029485229793e-05,1.7236597699571615e-05
growth_m64,fallback - projected_initial,nu0,100,-0.0001021034412285617,2.4840047401759607e-05
growth_m64,fallback - projected_initial,nu1,100,-9.194281636709823e-05,2.8361615061779612e-05
growth_m64,fallback - projected_initial,theta,100,-2.2544719353717672e-05,1.1465534875702965e-05
growth_m64,fallback - projected_initial,cumulative_relative_0,100,-2.6645495063605788e-05,3.376802557054216e-05
growth_m64,fallback - projected_initial,cumulative_relative_1,100,-6.735562202046622e-05,3.0721998423639425e-05
growth_m64,fallback - projected_initial,baseline_relative_ISE_0,100,-0.00013474070277890704,3.565235788341901e-05
growth_m64,fallback - projected_initial,baseline_relative_ISE_1,100,-0.00012937440333643684,2.7317967032531742e-05
growth_m64,fallback - projected_initial,prediction_mse,100,-0.000452457192253274,6.582445346558035e-05
growth_m64,fallback - projected_initial,negative_prediction_fraction,100,0.0,0.0
growth_m128,coupled - initial,static_x_0,200,-7.326270435438159e-05,1.741175803991474e-05
growth_m128,coupled - initial,measured_z_0,200,2.1670940884286204e-08,2.0234296080880883e-07
growth_m128,coupled - initial,early2_0,200,-2.0409951305596005e-05,1.762044904506131e-05
growth_m128,coupled - initial,static_x_1,200,5.18703516107169e-06,1.3484696965338084e-05
growth_m128,coupled - initial,measured_z_1,200,-7.07725707769778e-08,1.084784983388511e-07
growth_m128,coupled - initial,early2_1,200,-1.273220966135843e-05,9.070336523056596e-06
growth_m128,coupled - initial,sigma0,200,-2.030799397279992e-05,4.769509378700332e-06
growth_m128,coupled - initial,sigma1,200,-3.263272025724492e-05,7.566022748036081e-06
growth_m128,coupled - initial,nu0,200,-2.2660350435696137e-05,4.5889971406118075e-06
growth_m128,coupled - initial,nu1,200,-1.958095230928501e-05,6.676727523916374e-06
growth_m128,coupled - initial,theta,200,-1.957970416541897e-05,4.96488024665777e-06
growth_m128,coupled - initial,cumulative_relative_0,200,-2.3443599825392168e-05,1.2490140769904638e-05
growth_m128,coupled - initial,cumulative_relative_1,200,-1.2936913287135057e-05,7.4294653019090984e-06
growth_m128,coupled - initial,baseline_relative_ISE_0,200,-3.062895128521624e-05,1.2328980546467016e-05
growth_m128,coupled - initial,baseline_relative_ISE_1,200,-1.6541432523817485e-05,7.087910642389524e-06
growth_m128,coupled - initial,prediction_mse,200,-9.487755756004369e-05,1.4875267710309312e-05
growth_m128,coupled - initial,negative_prediction_fraction,200,0.0,0.0
growth_m128,coupled - projected_initial,static_x_0,200,-7.326270435438159e-05,1.741175803991474e-05
growth_m128,coupled - projected_initial,measured_z_0,200,2.1670940884286204e-08,2.0234296080880883e-07
growth_m128,coupled - projected_initial,early2_0,200,-2.0409951305596005e-05,1.762044904506131e-05
growth_m128,coupled - projected_initial,static_x_1,200,5.18703516107169e-06,1.3484696965338084e-05
growth_m128,coupled - projected_initial,measured_z_1,200,-7.07725707769778e-08,1.084784983388511e-07
growth_m128,coupled - projected_initial,early2_1,200,-1.273220966135843e-05,9.070336523056596e-06
growth_m128,coupled - projected_initial,sigma0,200,-2.030799397279992e-05,4.769509378700332e-06
growth_m128,coupled - projected_initial,sigma1,200,-2.9872127427171182e-05,7.247219805681268e-06
growth_m128,coupled - projected_initial,nu0,200,-2.2660350435696127e-05,4.588997140611807e-06
growth_m128,coupled - projected_initial,nu1,200,-1.9580952309285038e-05,6.676727523916374e-06
growth_m128,coupled - projected_initial,theta,200,-1.9579704165418954e-05,4.96488024665777e-06
growth_m128,coupled - projected_initial,cumulative_relative_0,200,-2.3443599825392168e-05,1.2490140769904638e-05
growth_m128,coupled - projected_initial,cumulative_relative_1,200,-1.2936913287135057e-05,7.4294653019090984e-06
growth_m128,coupled - projected_initial,baseline_relative_ISE_0,200,-3.062895128521624e-05,1.2328980546467016e-05
growth_m128,coupled - projected_initial,baseline_relative_ISE_1,200,-1.6541432523817485e-05,7.087910642389524e-06
growth_m128,coupled - projected_initial,prediction_mse,200,-9.487755756004369e-05,1.4875267710309312e-05
growth_m128,coupled - projected_initial,negative_prediction_fraction,200,0.0,0.0
growth_m128,fallback - projected_initial,static_x_0,200,-7.326270435438159e-05,1.741175803991474e-05
growth_m128,fallback - projected_initial,measured_z_0,200,2.1670940884286204e-08,2.0234296080880883e-07
growth_m128,fallback - projected_initial,early2_0,200,-2.0409951305596005e-05,1.762044904506131e-05
growth_m128,fallback - projected_initial,static_x_1,200,5.18703516107169e-06,1.3484696965338084e-05
growth_m128,fallback - projected_initial,measured_z_1,200,-7.07725707769778e-08,1.084784983388511e-07
growth_m128,fallback - projected_initial,early2_1,200,-1.273220966135843e-05,9.070336523056596e-06
growth_m128,fallback - projected_initial,sigma0,200,-2.030799397279992e-05,4.769509378700332e-06
growth_m128,fallback - projected_initial,sigma1,200,-2.9872127427171182e-05,7.247219805681268e-06
growth_m128,fallback - projected_initial,nu0,200,-2.2660350435696127e-05,4.588997140611807e-06
growth_m128,fallback - projected_initial,nu1,200,-1.9580952309285038e-05,6.676727523916374e-06
growth_m128,fallback - projected_initial,theta,200,-1.9579704165418954e-05,4.96488024665777e-06
growth_m128,fallback - projected_initial,cumulative_relative_0,200,-2.3443599825392168e-05,1.2490140769904638e-05
growth_m128,fallback - projected_initial,cumulative_relative_1,200,-1.2936913287135057e-05,7.4294653019090984e-06
growth_m128,fallback - projected_initial,baseline_relative_ISE_0,200,-3.062895128521624e-05,1.2328980546467016e-05
growth_m128,fallback - projected_initial,baseline_relative_ISE_1,200,-1.6541432523817485e-05,7.087910642389524e-06
growth_m128,fallback - projected_initial,prediction_mse,200,-9.487755756004369e-05,1.4875267710309312e-05
growth_m128,fallback - projected_initial,negative_prediction_fraction,200,0.0,0.0
